[debug] [2026-06-09T09:11:40.927Z] ----------------------------------------------------------------------
[debug] [2026-06-09T09:11:40.929Z] Command:       C:\Program Files\nodejs\node.exe C:\Users\Nuruzzaman\AppData\Local\npm-cache\_npx\7750544ccf494d8b\node_modules\firebase-tools\lib\bin\firebase.js deploy --only database
[debug] [2026-06-09T09:11:40.930Z] CLI Version:   15.19.1
[debug] [2026-06-09T09:11:40.930Z] Platform:      win32
[debug] [2026-06-09T09:11:40.930Z] Node Version:  v22.20.0
[debug] [2026-06-09T09:11:40.930Z] Time:          Tue Jun 09 2026 15:11:40 GMT+0600 (Bangladesh Standard Time)
[debug] [2026-06-09T09:11:40.930Z] ----------------------------------------------------------------------
[debug] 
[debug] [2026-06-09T09:11:40.932Z] >>> [apiv2][query] GET https://firebase-public.firebaseio.com/cli.json [none]
[debug] [2026-06-09T09:11:43.286Z] > command requires scopes: ["email","openid","https://www.googleapis.com/auth/cloudplatformprojects.readonly","https://www.googleapis.com/auth/firebase","https://www.googleapis.com/auth/cloud-platform"]
[debug] [2026-06-09T09:11:43.322Z] Error: Could not load the default credentials. Browse to https://cloud.google.com/docs/authentication/getting-started for more information.
    at GoogleAuth.getApplicationDefaultAsync (C:\Users\Nuruzzaman\AppData\Local\npm-cache\_npx\7750544ccf494d8b\node_modules\google-auth-library\build\src\auth\googleauth.js:287:15)
    at process.processTicksAndRejections (node:internal/process/task_queues:105:5)
    at async GoogleAuth._GoogleAuth_determineClient (C:\Users\Nuruzzaman\AppData\Local\npm-cache\_npx\7750544ccf494d8b\node_modules\google-auth-library\build\src\auth\googleauth.js:834:32)
    at async GoogleAuth.getClient (C:\Users\Nuruzzaman\AppData\Local\npm-cache\_npx\7750544ccf494d8b\node_modules\google-auth-library\build\src\auth\googleauth.js:698:20)
    at async GoogleAuth.getAccessToken (C:\Users\Nuruzzaman\AppData\Local\npm-cache\_npx\7750544ccf494d8b\node_modules\google-auth-library\build\src\auth\googleauth.js:722:24)
    at async autoAuth (C:\Users\Nuruzzaman\AppData\Local\npm-cache\_npx\7750544ccf494d8b\node_modules\firebase-tools\lib\requireAuth.js:28:19)
    at async requireAuth (C:\Users\Nuruzzaman\AppData\Local\npm-cache\_npx\7750544ccf494d8b\node_modules\firebase-tools\lib\requireAuth.js:90:20)
    at async requirePermissions (C:\Users\Nuruzzaman\AppData\Local\npm-cache\_npx\7750544ccf494d8b\node_modules\firebase-tools\lib\requirePermissions.js:17:5)
    at async C:\Users\Nuruzzaman\AppData\Local\npm-cache\_npx\7750544ccf494d8b\node_modules\firebase-tools\lib\command.js:278:17
[error] 
[error] Error: Failed to authenticate, have you run firebase login?
[debug] [2026-06-09T09:11:43.327Z] Error: EPIPE: broken pipe, write
    at Socket._write (node:internal/net:63:18)
    at writeOrBuffer (node:internal/streams/writable:572:12)
    at _write (node:internal/streams/writable:501:10)
    at Writable.write (node:internal/streams/writable:510:10)
    at Console.log (C:\Users\Nuruzzaman\AppData\Local\npm-cache\_npx\7750544ccf494d8b\node_modules\winston\lib\winston\transports\console.js:87:23)
    at Console._write (C:\Users\Nuruzzaman\AppData\Local\npm-cache\_npx\7750544ccf494d8b\node_modules\winston-transport\modern.js:103:17)
    at doWrite (C:\Users\Nuruzzaman\AppData\Local\npm-cache\_npx\7750544ccf494d8b\node_modules\winston-transport\node_modules\readable-stream\lib\_stream_writable.js:390:139)
    at writeOrBuffer (C:\Users\Nuruzzaman\AppData\Local\npm-cache\_npx\7750544ccf494d8b\node_modules\winston-transport\node_modules\readable-stream\lib\_stream_writable.js:381:5)
    at Writable.write (C:\Users\Nuruzzaman\AppData\Local\npm-cache\_npx\7750544ccf494d8b\node_modules\winston-transport\node_modules\readable-stream\lib\_stream_writable.js:302:11)
    at DerivedLogger.ondata (C:\Users\Nuruzzaman\AppData\Local\npm-cache\_npx\7750544ccf494d8b\node_modules\winston\node_modules\readable-stream\lib\_stream_readable.js:629:20)
[error] 
[error] Error: An unexpected error has occurred.
[debug] [2026-06-09T09:11:43.328Z] Error: EPIPE: broken pipe, write
    at Socket._write (node:internal/net:63:18)
    at writeOrBuffer (node:internal/streams/writable:572:12)
    at _write (node:internal/streams/writable:501:10)
    at Writable.write (node:internal/streams/writable:510:10)
    at Console.log (C:\Users\Nuruzzaman\AppData\Local\npm-cache\_npx\7750544ccf494d8b\node_modules\winston\lib\winston\transports\console.js:87:23)
    at Console._write (C:\Users\Nuruzzaman\AppData\Local\npm-cache\_npx\7750544ccf494d8b\node_modules\winston-transport\modern.js:103:17)
    at doWrite (C:\Users\Nuruzzaman\AppData\Local\npm-cache\_npx\7750544ccf494d8b\node_modules\winston-transport\node_modules\readable-stream\lib\_stream_writable.js:390:139)
    at writeOrBuffer (C:\Users\Nuruzzaman\AppData\Local\npm-cache\_npx\7750544ccf494d8b\node_modules\winston-transport\node_modules\readable-stream\lib\_stream_writable.js:381:5)
    at Writable.write (C:\Users\Nuruzzaman\AppData\Local\npm-cache\_npx\7750544ccf494d8b\node_modules\winston-transport\node_modules\readable-stream\lib\_stream_writable.js:302:11)
    at DerivedLogger.ondata (C:\Users\Nuruzzaman\AppData\Local\npm-cache\_npx\7750544ccf494d8b\node_modules\winston\node_modules\readable-stream\lib\_stream_readable.js:629:20)
[error] 
[error] Error: An unexpected error has occurred.
[debug] [2026-06-09T09:11:43.329Z] Error: EPIPE: broken pipe, write
    at Socket._write (node:internal/net:63:18)
    at writeOrBuffer (node:internal/streams/writable:572:12)
    at _write (node:internal/streams/writable:501:10)
    at Writable.write (node:internal/streams/writable:510:10)
    at Console.log (C:\Users\Nuruzzaman\AppData\Local\npm-cache\_npx\7750544ccf494d8b\node_modules\winston\lib\winston\transports\console.js:87:23)
    at Console._write (C:\Users\Nuruzzaman\AppData\Local\npm-cache\_npx\7750544ccf494d8b\node_modules\winston-transport\modern.js:103:17)
    at doWrite (C:\Users\Nuruzzaman\AppData\Local\npm-cache\_npx\7750544ccf494d8b\node_modules\winston-transport\node_modules\readable-stream\lib\_stream_writable.js:390:139)
    at writeOrBuffer (C:\Users\Nuruzzaman\AppData\Local\npm-cache\_npx\7750544ccf494d8b\node_modules\winston-transport\node_modules\readable-stream\lib\_stream_writable.js:381:5)
    at Writable.write (C:\Users\Nuruzzaman\AppData\Local\npm-cache\_npx\7750544ccf494d8b\node_modules\winston-transport\node_modules\readable-stream\lib\_stream_writable.js:302:11)
    at DerivedLogger.ondata (C:\Users\Nuruzzaman\AppData\Local\npm-cache\_npx\7750544ccf494d8b\node_modules\winston\node_modules\readable-stream\lib\_stream_readable.js:629:20)
[error] 
[error] Error: An unexpected error has occurred.
[debug] [2026-06-09T09:11:43.329Z] Error: EPIPE: broken pipe, write
    at Socket._write (node:internal/net:63:18)
    at writeOrBuffer (node:internal/streams/writable:572:12)
    at _write (node:internal/streams/writable:501:10)
    at Writable.write (node:internal/streams/writable:510:10)
    at Console.log (C:\Users\Nuruzzaman\AppData\Local\npm-cache\_npx\7750544ccf494d8b\node_modules\winston\lib\winston\transports\console.js:87:23)
    at Console._write (C:\Users\Nuruzzaman\AppData\Local\npm-cache\_npx\7750544ccf494d8b\node_modules\winston-transport\modern.js:103:17)
    at doWrite (C:\Users\Nuruzzaman\AppData\Local\npm-cache\_npx\7750544ccf494d8b\node_modules\winston-transport\node_modules\readable-stream\lib\_stream_writable.js:390:139)
    at writeOrBuffer (C:\Users\Nuruzzaman\AppData\Local\npm-cache\_npx\7750544ccf494d8b\node_modules\winston-transport\node_modules\readable-stream\lib\_stream_writable.js:381:5)
    at Writable.write (C:\Users\Nuruzzaman\AppData\Local\npm-cache\_npx\7750544ccf494d8b\node_modules\winston-transport\node_modules\readable-stream\lib\_stream_writable.js:302:11)
    at DerivedLogger.ondata (C:\Users\Nuruzzaman\AppData\Local\npm-cache\_npx\7750544ccf494d8b\node_modules\winston\node_modules\readable-stream\lib\_stream_readable.js:629:20)
[error] 
[error] Error: An unexpected error has occurred.
[debug] [2026-06-09T09:11:43.329Z] Error: EPIPE: broken pipe, write
    at Socket._write (node:internal/net:63:18)
    at writeOrBuffer (node:internal/streams/writable:572:12)
    at _write (node:internal/streams/writable:501:10)
    at Writable.write (node:internal/streams/writable:510:10)
    at Console.log (C:\Users\Nuruzzaman\AppData\Local\npm-cache\_npx\7750544ccf494d8b\node_modules\winston\lib\winston\transports\console.js:87:23)
    at Console._write (C:\Users\Nuruzzaman\AppData\Local\npm-cache\_npx\7750544ccf494d8b\node_modules\winston-transport\modern.js:103:17)
    at doWrite (C:\Users\Nuruzzaman\AppData\Local\npm-cache\_npx\7750544ccf494d8b\node_modules\winston-transport\node_modules\readable-stream\lib\_stream_writable.js:390:139)
    at writeOrBuffer (C:\Users\Nuruzzaman\AppData\Local\npm-cache\_npx\7750544ccf494d8b\node_modules\winston-transport\node_modules\readable-stream\lib\_stream_writable.js:381:5)
    at Writable.write (C:\Users\Nuruzzaman\AppData\Local\npm-cache\_npx\7750544ccf494d8b\node_modules\winston-transport\node_modules\readable-stream\lib\_stream_writable.js:302:11)
    at DerivedLogger.ondata (C:\Users\Nuruzzaman\AppData\Local\npm-cache\_npx\7750544ccf494d8b\node_modules\winston\node_modules\readable-stream\lib\_stream_readable.js:629:20)
[error] 
[error] Error: An unexpected error has occurred.
[debug] [2026-06-09T09:11:43.330Z] Error: EPIPE: broken pipe, write
    at Socket._write (node:internal/net:63:18)
    at writeOrBuffer (node:internal/streams/writable:572:12)
    at _write (node:internal/streams/writable:501:10)
    at Writable.write (node:internal/streams/writable:510:10)
    at Console.log (C:\Users\Nuruzzaman\AppData\Local\npm-cache\_npx\7750544ccf494d8b\node_modules\winston\lib\winston\transports\console.js:87:23)
    at Console._write (C:\Users\Nuruzzaman\AppData\Local\npm-cache\_npx\7750544ccf494d8b\node_modules\winston-transport\modern.js:103:17)
    at doWrite (C:\Users\Nuruzzaman\AppData\Local\npm-cache\_npx\7750544ccf494d8b\node_modules\winston-transport\node_modules\readable-stream\lib\_stream_writable.js:390:139)
    at writeOrBuffer (C:\Users\Nuruzzaman\AppData\Local\npm-cache\_npx\7750544ccf494d8b\node_modules\winston-transport\node_modules\readable-stream\lib\_stream_writable.js:381:5)
    at Writable.write (C:\Users\Nuruzzaman\AppData\Local\npm-cache\_npx\7750544ccf494d8b\node_modules\winston-transport\node_modules\readable-stream\lib\_stream_writable.js:302:11)
    at DerivedLogger.ondata (C:\Users\Nuruzzaman\AppData\Local\npm-cache\_npx\7750544ccf494d8b\node_modules\winston\node_modules\readable-stream\lib\_stream_readable.js:629:20)
[error] 
[error] Error: An unexpected error has occurred.
[debug] [2026-06-09T09:11:43.330Z] Error: EPIPE: broken pipe, write
    at Socket._write (node:internal/net:63:18)
    at writeOrBuffer (node:internal/streams/writable:572:12)
    at _write (node:internal/streams/writable:501:10)
    at Writable.write (node:internal/streams/writable:510:10)
    at Console.log (C:\Users\Nuruzzaman\AppData\Local\npm-cache\_npx\7750544ccf494d8b\node_modules\winston\lib\winston\transports\console.js:87:23)
    at Console._write (C:\Users\Nuruzzaman\AppData\Local\npm-cache\_npx\7750544ccf494d8b\node_modules\winston-transport\modern.js:103:17)
    at doWrite (C:\Users\Nuruzzaman\AppData\Local\npm-cache\_npx\7750544ccf494d8b\node_modules\winston-transport\node_modules\readable-stream\lib\_stream_writable.js:390:139)
    at writeOrBuffer (C:\Users\Nuruzzaman\AppData\Local\npm-cache\_npx\7750544ccf494d8b\node_modules\winston-transport\node_modules\readable-stream\lib\_stream_writable.js:381:5)
    at Writable.write (C:\Users\Nuruzzaman\AppData\Local\npm-cache\_npx\7750544ccf494d8b\node_modules\winston-transport\node_modules\readable-stream\lib\_stream_writable.js:302:11)
    at DerivedLogger.ondata (C:\Users\Nuruzzaman\AppData\Local\npm-cache\_npx\7750544ccf494d8b\node_modules\winston\node_modules\readable-stream\lib\_stream_readable.js:629:20)
[error] 
[error] Error: An unexpected error has occurred.
[debug] [2026-06-09T09:11:43.331Z] Error: EPIPE: broken pipe, write
    at Socket._write (node:internal/net:63:18)
    at writeOrBuffer (node:internal/streams/writable:572:12)
    at _write (node:internal/streams/writable:501:10)
    at Writable.write (node:internal/streams/writable:510:10)
    at Console.log (C:\Users\Nuruzzaman\AppData\Local\npm-cache\_npx\7750544ccf494d8b\node_modules\winston\lib\winston\transports\console.js:87:23)
    at Console._write (C:\Users\Nuruzzaman\AppData\Local\npm-cache\_npx\7750544ccf494d8b\node_modules\winston-transport\modern.js:103:17)
    at doWrite (C:\Users\Nuruzzaman\AppData\Local\npm-cache\_npx\7750544ccf494d8b\node_modules\winston-transport\node_modules\readable-stream\lib\_stream_writable.js:390:139)
    at writeOrBuffer (C:\Users\Nuruzzaman\AppData\Local\npm-cache\_npx\7750544ccf494d8b\node_modules\winston-transport\node_modules\readable-stream\lib\_stream_writable.js:381:5)
    at Writable.write (C:\Users\Nuruzzaman\AppData\Local\npm-cache\_npx\7750544ccf494d8b\node_modules\winston-transport\node_modules\readable-stream\lib\_stream_writable.js:302:11)
    at DerivedLogger.ondata (C:\Users\Nuruzzaman\AppData\Local\npm-cache\_npx\7750544ccf494d8b\node_modules\winston\node_modules\readable-stream\lib\_stream_readable.js:629:20)
[error] 
[error] Error: An unexpected error has occurred.
[debug] [2026-06-09T09:11:43.331Z] Error: EPIPE: broken pipe, write
    at Socket._write (node:internal/net:63:18)
    at writeOrBuffer (node:internal/streams/writable:572:12)
    at _write (node:internal/streams/writable:501:10)
    at Writable.write (node:internal/streams/writable:510:10)
    at Console.log (C:\Users\Nuruzzaman\AppData\Local\npm-cache\_npx\7750544ccf494d8b\node_modules\winston\lib\winston\transports\console.js:87:23)
    at Console._write (C:\Users\Nuruzzaman\AppData\Local\npm-cache\_npx\7750544ccf494d8b\node_modules\winston-transport\modern.js:103:17)
    at doWrite (C:\Users\Nuruzzaman\AppData\Local\npm-cache\_npx\7750544ccf494d8b\node_modules\winston-transport\node_modules\readable-stream\lib\_stream_writable.js:390:139)
    at writeOrBuffer (C:\Users\Nuruzzaman\AppData\Local\npm-cache\_npx\7750544ccf494d8b\node_modules\winston-transport\node_modules\readable-stream\lib\_stream_writable.js:381:5)
    at Writable.write (C:\Users\Nuruzzaman\AppData\Local\npm-cache\_npx\7750544ccf494d8b\node_modules\winston-transport\node_modules\readable-stream\lib\_stream_writable.js:302:11)
    at DerivedLogger.ondata (C:\Users\Nuruzzaman\AppData\Local\npm-cache\_npx\7750544ccf494d8b\node_modules\winston\node_modules\readable-stream\lib\_stream_readable.js:629:20)
[error] 
[error] Error: An unexpected error has occurred.
[debug] [2026-06-09T09:11:43.332Z] Error: EPIPE: broken pipe, write
    at Socket._write (node:internal/net:63:18)
    at writeOrBuffer (node:internal/streams/writable:572:12)
    at _write (node:internal/streams/writable:501:10)
    at Writable.write (node:internal/streams/writable:510:10)
    at Console.log (C:\Users\Nuruzzaman\AppData\Local\npm-cache\_npx\7750544ccf494d8b\node_modules\winston\lib\winston\transports\console.js:87:23)
    at Console._write (C:\Users\Nuruzzaman\AppData\Local\npm-cache\_npx\7750544ccf494d8b\node_modules\winston-transport\modern.js:103:17)
    at doWrite (C:\Users\Nuruzzaman\AppData\Local\npm-cache\_npx\7750544ccf494d8b\node_modules\winston-transport\node_modules\readable-stream\lib\_stream_writable.js:390:139)
    at writeOrBuffer (C:\Users\Nuruzzaman\AppData\Local\npm-cache\_npx\7750544ccf494d8b\node_modules\winston-transport\node_modules\readable-stream\lib\_stream_writable.js:381:5)
    at Writable.write (C:\Users\Nuruzzaman\AppData\Local\npm-cache\_npx\7750544ccf494d8b\node_modules\winston-transport\node_modules\readable-stream\lib\_stream_writable.js:302:11)
    at DerivedLogger.ondata (C:\Users\Nuruzzaman\AppData\Local\npm-cache\_npx\7750544ccf494d8b\node_modules\winston\node_modules\readable-stream\lib\_stream_readable.js:629:20)
[error] 
[error] Error: An unexpected error has occurred.
[debug] [2026-06-09T09:11:43.332Z] Error: EPIPE: broken pipe, write
    at Socket._write (node:internal/net:63:18)
    at writeOrBuffer (node:internal/streams/writable:572:12)
    at _write (node:internal/streams/writable:501:10)
    at Writable.write (node:internal/streams/writable:510:10)
    at Console.log (C:\Users\Nuruzzaman\AppData\Local\npm-cache\_npx\7750544ccf494d8b\node_modules\winston\lib\winston\transports\console.js:87:23)
    at Console._write (C:\Users\Nuruzzaman\AppData\Local\npm-cache\_npx\7750544ccf494d8b\node_modules\winston-transport\modern.js:103:17)
    at doWrite (C:\Users\Nuruzzaman\AppData\Local\npm-cache\_npx\7750544ccf494d8b\node_modules\winston-transport\node_modules\readable-stream\lib\_stream_writable.js:390:139)
    at writeOrBuffer (C:\Users\Nuruzzaman\AppData\Local\npm-cache\_npx\7750544ccf494d8b\node_modules\winston-transport\node_modules\readable-stream\lib\_stream_writable.js:381:5)
    at Writable.write (C:\Users\Nuruzzaman\AppData\Local\npm-cache\_npx\7750544ccf494d8b\node_modules\winston-transport\node_modules\readable-stream\lib\_stream_writable.js:302:11)
    at DerivedLogger.ondata (C:\Users\Nuruzzaman\AppData\Local\npm-cache\_npx\7750544ccf494d8b\node_modules\winston\node_modules\readable-stream\lib\_stream_readable.js:629:20)
[error] 
[error] Error: An unexpected error has occurred.
[debug] [2026-06-09T09:11:43.332Z] Error: EPIPE: broken pipe, write
    at Socket._write (node:internal/net:63:18)
    at writeOrBuffer (node:internal/streams/writable:572:12)
    at _write (node:internal/streams/writable:501:10)
    at Writable.write (node:internal/streams/writable:510:10)
    at Console.log (C:\Users\Nuruzzaman\AppData\Local\npm-cache\_npx\7750544ccf494d8b\node_modules\winston\lib\winston\transports\console.js:87:23)
    at Console._write (C:\Users\Nuruzzaman\AppData\Local\npm-cache\_npx\7750544ccf494d8b\node_modules\winston-transport\modern.js:103:17)
    at doWrite (C:\Users\Nuruzzaman\AppData\Local\npm-cache\_npx\7750544ccf494d8b\node_modules\winston-transport\node_modules\readable-stream\lib\_stream_writable.js:390:139)
    at writeOrBuffer (C:\Users\Nuruzzaman\AppData\Local\npm-cache\_npx\7750544ccf494d8b\node_modules\winston-transport\node_modules\readable-stream\lib\_stream_writable.js:381:5)
    at Writable.write (C:\Users\Nuruzzaman\AppData\Local\npm-cache\_npx\7750544ccf494d8b\node_modules\winston-transport\node_modules\readable-stream\lib\_stream_writable.js:302:11)
    at DerivedLogger.ondata (C:\Users\Nuruzzaman\AppData\Local\npm-cache\_npx\7750544ccf494d8b\node_modules\winston\node_modules\readable-stream\lib\_stream_readable.js:629:20)
[error] 
[error] Error: An unexpected error has occurred.
[debug] [2026-06-09T09:11:43.333Z] Error: EPIPE: broken pipe, write
    at Socket._write (node:internal/net:63:18)
    at writeOrBuffer (node:internal/streams/writable:572:12)
    at _write (node:internal/streams/writable:501:10)
    at Writable.write (node:internal/streams/writable:510:10)
    at Console.log (C:\Users\Nuruzzaman\AppData\Local\npm-cache\_npx\7750544ccf494d8b\node_modules\winston\lib\winston\transports\console.js:87:23)
    at Console._write (C:\Users\Nuruzzaman\AppData\Local\npm-cache\_npx\7750544ccf494d8b\node_modules\winston-transport\modern.js:103:17)
    at doWrite (C:\Users\Nuruzzaman\AppData\Local\npm-cache\_npx\7750544ccf494d8b\node_modules\winston-transport\node_modules\readable-stream\lib\_stream_writable.js:390:139)
    at writeOrBuffer (C:\Users\Nuruzzaman\AppData\Local\npm-cache\_npx\7750544ccf494d8b\node_modules\winston-transport\node_modules\readable-stream\lib\_stream_writable.js:381:5)
    at Writable.write (C:\Users\Nuruzzaman\AppData\Local\npm-cache\_npx\7750544ccf494d8b\node_modules\winston-transport\node_modules\readable-stream\lib\_stream_writable.js:302:11)
    at DerivedLogger.ondata (C:\Users\Nuruzzaman\AppData\Local\npm-cache\_npx\7750544ccf494d8b\node_modules\winston\node_modules\readable-stream\lib\_stream_readable.js:629:20)
[error] 
[error] Error: An unexpected error has occurred.
[debug] [2026-06-09T09:11:43.337Z] Error: EPIPE: broken pipe, write
    at Socket._write (node:internal/net:63:18)
    at writeOrBuffer (node:internal/streams/writable:572:12)
    at _write (node:internal/streams/writable:501:10)
    at Writable.write (node:internal/streams/writable:510:10)
    at Console.log (C:\Users\Nuruzzaman\AppData\Local\npm-cache\_npx\7750544ccf494d8b\node_modules\winston\lib\winston\transports\console.js:87:23)
    at Console._write (C:\Users\Nuruzzaman\AppData\Local\npm-cache\_npx\7750544ccf494d8b\node_modules\winston-transport\modern.js:103:17)
    at doWrite (C:\Users\Nuruzzaman\AppData\Local\npm-cache\_npx\7750544ccf494d8b\node_modules\winston-transport\node_modules\readable-stream\lib\_stream_writable.js:390:139)
    at writeOrBuffer (C:\Users\Nuruzzaman\AppData\Local\npm-cache\_npx\7750544ccf494d8b\node_modules\winston-transport\node_modules\readable-stream\lib\_stream_writable.js:381:5)
    at Writable.write (C:\Users\Nuruzzaman\AppData\Local\npm-cache\_npx\7750544ccf494d8b\node_modules\winston-transport\node_modules\readable-stream\lib\_stream_writable.js:302:11)
    at DerivedLogger.ondata (C:\Users\Nuruzzaman\AppData\Local\npm-cache\_npx\7750544ccf494d8b\node_modules\winston\node_modules\readable-stream\lib\_stream_readable.js:629:20)
[error] 
[error] Error: An unexpected error has occurred.
[debug] [2026-06-09T09:11:43.339Z] Error: EPIPE: broken pipe, write
    at Socket._write (node:internal/net:63:18)
    at writeOrBuffer (node:internal/streams/writable:572:12)
    at _write (node:internal/streams/writable:501:10)
    at Writable.write (node:internal/streams/writable:510:10)
    at Console.log (C:\Users\Nuruzzaman\AppData\Local\npm-cache\_npx\7750544ccf494d8b\node_modules\winston\lib\winston\transports\console.js:87:23)
    at Console._write (C:\Users\Nuruzzaman\AppData\Local\npm-cache\_npx\7750544ccf494d8b\node_modules\winston-transport\modern.js:103:17)
    at doWrite (C:\Users\Nuruzzaman\AppData\Local\npm-cache\_npx\7750544ccf494d8b\node_modules\winston-transport\node_modules\readable-stream\lib\_stream_writable.js:390:139)
    at writeOrBuffer (C:\Users\Nuruzzaman\AppData\Local\npm-cache\_npx\7750544ccf494d8b\node_modules\winston-transport\node_modules\readable-stream\lib\_stream_writable.js:381:5)
    at Writable.write (C:\Users\Nuruzzaman\AppData\Local\npm-cache\_npx\7750544ccf494d8b\node_modules\winston-transport\node_modules\readable-stream\lib\_stream_writable.js:302:11)
    at DerivedLogger.ondata (C:\Users\Nuruzzaman\AppData\Local\npm-cache\_npx\7750544ccf494d8b\node_modules\winston\node_modules\readable-stream\lib\_stream_readable.js:629:20)
[error] 
[error] Error: An unexpected error has occurred.
[debug] [2026-06-09T09:11:43.339Z] Error: EPIPE: broken pipe, write
    at Socket._write (node:internal/net:63:18)
    at writeOrBuffer (node:internal/streams/writable:572:12)
    at _write (node:internal/streams/writable:501:10)
    at Writable.write (node:internal/streams/writable:510:10)
    at Console.log (C:\Users\Nuruzzaman\AppData\Local\npm-cache\_npx\7750544ccf494d8b\node_modules\winston\lib\winston\transports\console.js:87:23)
    at Console._write (C:\Users\Nuruzzaman\AppData\Local\npm-cache\_npx\7750544ccf494d8b\node_modules\winston-transport\modern.js:103:17)
    at doWrite (C:\Users\Nuruzzaman\AppData\Local\npm-cache\_npx\7750544ccf494d8b\node_modules\winston-transport\node_modules\readable-stream\lib\_stream_writable.js:390:139)
    at writeOrBuffer (C:\Users\Nuruzzaman\AppData\Local\npm-cache\_npx\7750544ccf494d8b\node_modules\winston-transport\node_modules\readable-stream\lib\_stream_writable.js:381:5)
    at Writable.write (C:\Users\Nuruzzaman\AppData\Local\npm-cache\_npx\7750544ccf494d8b\node_modules\winston-transport\node_modules\readable-stream\lib\_stream_writable.js:302:11)
    at DerivedLogger.ondata (C:\Users\Nuruzzaman\AppData\Local\npm-cache\_npx\7750544ccf494d8b\node_modules\winston\node_modules\readable-stream\lib\_stream_readable.js:629:20)
[error] 
[error] Error: An unexpected error has occurred.
[debug] [2026-06-09T09:11:43.339Z] Error: EPIPE: broken pipe, write
    at Socket._write (node:internal/net:63:18)
    at writeOrBuffer (node:internal/streams/writable:572:12)
    at _write (node:internal/streams/writable:501:10)
    at Writable.write (node:internal/streams/writable:510:10)
    at Console.log (C:\Users\Nuruzzaman\AppData\Local\npm-cache\_npx\7750544ccf494d8b\node_modules\winston\lib\winston\transports\console.js:87:23)
    at Console._write (C:\Users\Nuruzzaman\AppData\Local\npm-cache\_npx\7750544ccf494d8b\node_modules\winston-transport\modern.js:103:17)
    at doWrite (C:\Users\Nuruzzaman\AppData\Local\npm-cache\_npx\7750544ccf494d8b\node_modules\winston-transport\node_modules\readable-stream\lib\_stream_writable.js:390:139)
    at writeOrBuffer (C:\Users\Nuruzzaman\AppData\Local\npm-cache\_npx\7750544ccf494d8b\node_modules\winston-transport\node_modules\readable-stream\lib\_stream_writable.js:381:5)
    at Writable.write (C:\Users\Nuruzzaman\AppData\Local\npm-cache\_npx\7750544ccf494d8b\node_modules\winston-transport\node_modules\readable-stream\lib\_stream_writable.js:302:11)
    at DerivedLogger.ondata (C:\Users\Nuruzzaman\AppData\Local\npm-cache\_npx\7750544ccf494d8b\node_modules\winston\node_modules\readable-stream\lib\_stream_readable.js:629:20)
[error] 
[error] Error: An unexpected error has occurred.
[debug] [2026-06-09T09:11:43.340Z] Error: EPIPE: broken pipe, write
    at Socket._write (node:internal/net:63:18)
    at writeOrBuffer (node:internal/streams/writable:572:12)
    at _write (node:internal/streams/writable:501:10)
    at Writable.write (node:internal/streams/writable:510:10)
    at Console.log (C:\Users\Nuruzzaman\AppData\Local\npm-cache\_npx\7750544ccf494d8b\node_modules\winston\lib\winston\transports\console.js:87:23)
    at Console._write (C:\Users\Nuruzzaman\AppData\Local\npm-cache\_npx\7750544ccf494d8b\node_modules\winston-transport\modern.js:103:17)
    at doWrite (C:\Users\Nuruzzaman\AppData\Local\npm-cache\_npx\7750544ccf494d8b\node_modules\winston-transport\node_modules\readable-stream\lib\_stream_writable.js:390:139)
    at writeOrBuffer (C:\Users\Nuruzzaman\AppData\Local\npm-cache\_npx\7750544ccf494d8b\node_modules\winston-transport\node_modules\readable-stream\lib\_stream_writable.js:381:5)
    at Writable.write (C:\Users\Nuruzzaman\AppData\Local\npm-cache\_npx\7750544ccf494d8b\node_modules\winston-transport\node_modules\readable-stream\lib\_stream_writable.js:302:11)
    at DerivedLogger.ondata (C:\Users\Nuruzzaman\AppData\Local\npm-cache\_npx\7750544ccf494d8b\node_modules\winston\node_modules\readable-stream\lib\_stream_readable.js:629:20)
[error] 
[error] Error: An unexpected error has occurred.
[debug] [2026-06-09T09:11:43.340Z] Error: EPIPE: broken pipe, write
    at Socket._write (node:internal/net:63:18)
    at writeOrBuffer (node:internal/streams/writable:572:12)
    at _write (node:internal/streams/writable:501:10)
    at Writable.write (node:internal/streams/writable:510:10)
    at Console.log (C:\Users\Nuruzzaman\AppData\Local\npm-cache\_npx\7750544ccf494d8b\node_modules\winston\lib\winston\transports\console.js:87:23)
    at Console._write (C:\Users\Nuruzzaman\AppData\Local\npm-cache\_npx\7750544ccf494d8b\node_modules\winston-transport\modern.js:103:17)
    at doWrite (C:\Users\Nuruzzaman\AppData\Local\npm-cache\_npx\7750544ccf494d8b\node_modules\winston-transport\node_modules\readable-stream\lib\_stream_writable.js:390:139)
    at writeOrBuffer (C:\Users\Nuruzzaman\AppData\Local\npm-cache\_npx\7750544ccf494d8b\node_modules\winston-transport\node_modules\readable-stream\lib\_stream_writable.js:381:5)
    at Writable.write (C:\Users\Nuruzzaman\AppData\Local\npm-cache\_npx\7750544ccf494d8b\node_modules\winston-transport\node_modules\readable-stream\lib\_stream_writable.js:302:11)
    at DerivedLogger.ondata (C:\Users\Nuruzzaman\AppData\Local\npm-cache\_npx\7750544ccf494d8b\node_modules\winston\node_modules\readable-stream\lib\_stream_readable.js:629:20)
[error] 
[error] Error: An unexpected error has occurred.
[debug] [2026-06-09T09:11:43.340Z] Error: EPIPE: broken pipe, write
    at Socket._write (node:internal/net:63:18)
    at writeOrBuffer (node:internal/streams/writable:572:12)
    at _write (node:internal/streams/writable:501:10)
    at Writable.write (node:internal/streams/writable:510:10)
    at Console.log (C:\Users\Nuruzzaman\AppData\Local\npm-cache\_npx\7750544ccf494d8b\node_modules\winston\lib\winston\transports\console.js:87:23)
    at Console._write (C:\Users\Nuruzzaman\AppData\Local\npm-cache\_npx\7750544ccf494d8b\node_modules\winston-transport\modern.js:103:17)
    at doWrite (C:\Users\Nuruzzaman\AppData\Local\npm-cache\_npx\7750544ccf494d8b\node_modules\winston-transport\node_modules\readable-stream\lib\_stream_writable.js:390:139)
    at writeOrBuffer (C:\Users\Nuruzzaman\AppData\Local\npm-cache\_npx\7750544ccf494d8b\node_modules\winston-transport\node_modules\readable-stream\lib\_stream_writable.js:381:5)
    at Writable.write (C:\Users\Nuruzzaman\AppData\Local\npm-cache\_npx\7750544ccf494d8b\node_modules\winston-transport\node_modules\readable-stream\lib\_stream_writable.js:302:11)
    at DerivedLogger.ondata (C:\Users\Nuruzzaman\AppData\Local\npm-cache\_npx\7750544ccf494d8b\node_modules\winston\node_modules\readable-stream\lib\_stream_readable.js:629:20)
[error] 
[error] Error: An unexpected error has occurred.
[debug] [2026-06-09T09:11:43.340Z] Error: EPIPE: broken pipe, write
    at Socket._write (node:internal/net:63:18)
    at writeOrBuffer (node:internal/streams/writable:572:12)
    at _write (node:internal/streams/writable:501:10)
    at Writable.write (node:internal/streams/writable:510:10)
    at Console.log (C:\Users\Nuruzzaman\AppData\Local\npm-cache\_npx\7750544ccf494d8b\node_modules\winston\lib\winston\transports\console.js:87:23)
    at Console._write (C:\Users\Nuruzzaman\AppData\Local\npm-cache\_npx\7750544ccf494d8b\node_modules\winston-transport\modern.js:103:17)
    at doWrite (C:\Users\Nuruzzaman\AppData\Local\npm-cache\_npx\7750544ccf494d8b\node_modules\winston-transport\node_modules\readable-stream\lib\_stream_writable.js:390:139)
    at writeOrBuffer (C:\Users\Nuruzzaman\AppData\Local\npm-cache\_npx\7750544ccf494d8b\node_modules\winston-transport\node_modules\readable-stream\lib\_stream_writable.js:381:5)
    at Writable.write (C:\Users\Nuruzzaman\AppData\Local\npm-cache\_npx\7750544ccf494d8b\node_modules\winston-transport\node_modules\readable-stream\lib\_stream_writable.js:302:11)
    at DerivedLogger.ondata (C:\Users\Nuruzzaman\AppData\Local\npm-cache\_npx\7750544ccf494d8b\node_modules\winston\node_modules\readable-stream\lib\_stream_readable.js:629:20)
[error] 
[error] Error: An unexpected error has occurred.
[debug] [2026-06-09T09:11:43.341Z] Error: EPIPE: broken pipe, write
    at Socket._write (node:internal/net:63:18)
    at writeOrBuffer (node:internal/streams/writable:572:12)
    at _write (node:internal/streams/writable:501:10)
    at Writable.write (node:internal/streams/writable:510:10)
    at Console.log (C:\Users\Nuruzzaman\AppData\Local\npm-cache\_npx\7750544ccf494d8b\node_modules\winston\lib\winston\transports\console.js:87:23)
    at Console._write (C:\Users\Nuruzzaman\AppData\Local\npm-cache\_npx\7750544ccf494d8b\node_modules\winston-transport\modern.js:103:17)
    at doWrite (C:\Users\Nuruzzaman\AppData\Local\npm-cache\_npx\7750544ccf494d8b\node_modules\winston-transport\node_modules\readable-stream\lib\_stream_writable.js:390:139)
    at writeOrBuffer (C:\Users\Nuruzzaman\AppData\Local\npm-cache\_npx\7750544ccf494d8b\node_modules\winston-transport\node_modules\readable-stream\lib\_stream_writable.js:381:5)
    at Writable.write (C:\Users\Nuruzzaman\AppData\Local\npm-cache\_npx\7750544ccf494d8b\node_modules\winston-transport\node_modules\readable-stream\lib\_stream_writable.js:302:11)
    at DerivedLogger.ondata (C:\Users\Nuruzzaman\AppData\Local\npm-cache\_npx\7750544ccf494d8b\node_modules\winston\node_modules\readable-stream\lib\_stream_readable.js:629:20)
[error] 
[error] Error: An unexpected error has occurred.
[debug] [2026-06-09T09:11:43.341Z] Error: EPIPE: broken pipe, write
    at Socket._write (node:internal/net:63:18)
    at writeOrBuffer (node:internal/streams/writable:572:12)
    at _write (node:internal/streams/writable:501:10)
    at Writable.write (node:internal/streams/writable:510:10)
    at Console.log (C:\Users\Nuruzzaman\AppData\Local\npm-cache\_npx\7750544ccf494d8b\node_modules\winston\lib\winston\transports\console.js:87:23)
    at Console._write (C:\Users\Nuruzzaman\AppData\Local\npm-cache\_npx\7750544ccf494d8b\node_modules\winston-transport\modern.js:103:17)
    at doWrite (C:\Users\Nuruzzaman\AppData\Local\npm-cache\_npx\7750544ccf494d8b\node_modules\winston-transport\node_modules\readable-stream\lib\_stream_writable.js:390:139)
    at writeOrBuffer (C:\Users\Nuruzzaman\AppData\Local\npm-cache\_npx\7750544ccf494d8b\node_modules\winston-transport\node_modules\readable-stream\lib\_stream_writable.js:381:5)
    at Writable.write (C:\Users\Nuruzzaman\AppData\Local\npm-cache\_npx\7750544ccf494d8b\node_modules\winston-transport\node_modules\readable-stream\lib\_stream_writable.js:302:11)
    at DerivedLogger.ondata (C:\Users\Nuruzzaman\AppData\Local\npm-cache\_npx\7750544ccf494d8b\node_modules\winston\node_modules\readable-stream\lib\_stream_readable.js:629:20)
[error] 
[error] Error: An unexpected error has occurred.
[debug] [2026-06-09T09:11:43.341Z] Error: EPIPE: broken pipe, write
    at Socket._write (node:internal/net:63:18)
    at writeOrBuffer (node:internal/streams/writable:572:12)
    at _write (node:internal/streams/writable:501:10)
    at Writable.write (node:internal/streams/writable:510:10)
    at Console.log (C:\Users\Nuruzzaman\AppData\Local\npm-cache\_npx\7750544ccf494d8b\node_modules\winston\lib\winston\transports\console.js:87:23)
    at Console._write (C:\Users\Nuruzzaman\AppData\Local\npm-cache\_npx\7750544ccf494d8b\node_modules\winston-transport\modern.js:103:17)
    at doWrite (C:\Users\Nuruzzaman\AppData\Local\npm-cache\_npx\7750544ccf494d8b\node_modules\winston-transport\node_modules\readable-stream\lib\_stream_writable.js:390:139)
    at writeOrBuffer (C:\Users\Nuruzzaman\AppData\Local\npm-cache\_npx\7750544ccf494d8b\node_modules\winston-transport\node_modules\readable-stream\lib\_stream_writable.js:381:5)
    at Writable.write (C:\Users\Nuruzzaman\AppData\Local\npm-cache\_npx\7750544ccf494d8b\node_modules\winston-transport\node_modules\readable-stream\lib\_stream_writable.js:302:11)
    at DerivedLogger.ondata (C:\Users\Nuruzzaman\AppData\Local\npm-cache\_npx\7750544ccf494d8b\node_modules\winston\node_modules\readable-stream\lib\_stream_readable.js:629:20)
[error] 
[error] Error: An unexpected error has occurred.
[debug] [2026-06-09T09:11:43.341Z] Error: EPIPE: broken pipe, write
    at Socket._write (node:internal/net:63:18)
    at writeOrBuffer (node:internal/streams/writable:572:12)
    at _write (node:internal/streams/writable:501:10)
    at Writable.write (node:internal/streams/writable:510:10)
    at Console.log (C:\Users\Nuruzzaman\AppData\Local\npm-cache\_npx\7750544ccf494d8b\node_modules\winston\lib\winston\transports\console.js:87:23)
    at Console._write (C:\Users\Nuruzzaman\AppData\Local\npm-cache\_npx\7750544ccf494d8b\node_modules\winston-transport\modern.js:103:17)
    at doWrite (C:\Users\Nuruzzaman\AppData\Local\npm-cache\_npx\7750544ccf494d8b\node_modules\winston-transport\node_modules\readable-stream\lib\_stream_writable.js:390:139)
    at writeOrBuffer (C:\Users\Nuruzzaman\AppData\Local\npm-cache\_npx\7750544ccf494d8b\node_modules\winston-transport\node_modules\readable-stream\lib\_stream_writable.js:381:5)
    at Writable.write (C:\Users\Nuruzzaman\AppData\Local\npm-cache\_npx\7750544ccf494d8b\node_modules\winston-transport\node_modules\readable-stream\lib\_stream_writable.js:302:11)
    at DerivedLogger.ondata (C:\Users\Nuruzzaman\AppData\Local\npm-cache\_npx\7750544ccf494d8b\node_modules\winston\node_modules\readable-stream\lib\_stream_readable.js:629:20)
[error] 
[error] Error: An unexpected error has occurred.
[debug] [2026-06-09T09:11:43.342Z] Error: EPIPE: broken pipe, write
    at Socket._write (node:internal/net:63:18)
    at writeOrBuffer (node:internal/streams/writable:572:12)
    at _write (node:internal/streams/writable:501:10)
    at Writable.write (node:internal/streams/writable:510:10)
    at Console.log (C:\Users\Nuruzzaman\AppData\Local\npm-cache\_npx\7750544ccf494d8b\node_modules\winston\lib\winston\transports\console.js:87:23)
    at Console._write (C:\Users\Nuruzzaman\AppData\Local\npm-cache\_npx\7750544ccf494d8b\node_modules\winston-transport\modern.js:103:17)
    at doWrite (C:\Users\Nuruzzaman\AppData\Local\npm-cache\_npx\7750544ccf494d8b\node_modules\winston-transport\node_modules\readable-stream\lib\_stream_writable.js:390:139)
    at writeOrBuffer (C:\Users\Nuruzzaman\AppData\Local\npm-cache\_npx\7750544ccf494d8b\node_modules\winston-transport\node_modules\readable-stream\lib\_stream_writable.js:381:5)
    at Writable.write (C:\Users\Nuruzzaman\AppData\Local\npm-cache\_npx\7750544ccf494d8b\node_modules\winston-transport\node_modules\readable-stream\lib\_stream_writable.js:302:11)
    at DerivedLogger.ondata (C:\Users\Nuruzzaman\AppData\Local\npm-cache\_npx\7750544ccf494d8b\node_modules\winston\node_modules\readable-stream\lib\_stream_readable.js:629:20)
[error] 
[error] Error: An unexpected error has occurred.
[debug] [2026-06-09T09:11:43.342Z] Error: EPIPE: broken pipe, write
    at Socket._write (node:internal/net:63:18)
    at writeOrBuffer (node:internal/streams/writable:572:12)
    at _write (node:internal/streams/writable:501:10)
    at Writable.write (node:internal/streams/writable:510:10)
    at Console.log (C:\Users\Nuruzzaman\AppData\Local\npm-cache\_npx\7750544ccf494d8b\node_modules\winston\lib\winston\transports\console.js:87:23)
    at Console._write (C:\Users\Nuruzzaman\AppData\Local\npm-cache\_npx\7750544ccf494d8b\node_modules\winston-transport\modern.js:103:17)
    at doWrite (C:\Users\Nuruzzaman\AppData\Local\npm-cache\_npx\7750544ccf494d8b\node_modules\winston-transport\node_modules\readable-stream\lib\_stream_writable.js:390:139)
    at writeOrBuffer (C:\Users\Nuruzzaman\AppData\Local\npm-cache\_npx\7750544ccf494d8b\node_modules\winston-transport\node_modules\readable-stream\lib\_stream_writable.js:381:5)
    at Writable.write (C:\Users\Nuruzzaman\AppData\Local\npm-cache\_npx\7750544ccf494d8b\node_modules\winston-transport\node_modules\readable-stream\lib\_stream_writable.js:302:11)
    at DerivedLogger.ondata (C:\Users\Nuruzzaman\AppData\Local\npm-cache\_npx\7750544ccf494d8b\node_modules\winston\node_modules\readable-stream\lib\_stream_readable.js:629:20)
[error] 
[error] Error: An unexpected error has occurred.
[debug] [2026-06-09T09:11:43.342Z] Error: EPIPE: broken pipe, write
    at Socket._write (node:internal/net:63:18)
    at writeOrBuffer (node:internal/streams/writable:572:12)
    at _write (node:internal/streams/writable:501:10)
    at Writable.write (node:internal/streams/writable:510:10)
    at Console.log (C:\Users\Nuruzzaman\AppData\Local\npm-cache\_npx\7750544ccf494d8b\node_modules\winston\lib\winston\transports\console.js:87:23)
    at Console._write (C:\Users\Nuruzzaman\AppData\Local\npm-cache\_npx\7750544ccf494d8b\node_modules\winston-transport\modern.js:103:17)
    at doWrite (C:\Users\Nuruzzaman\AppData\Local\npm-cache\_npx\7750544ccf494d8b\node_modules\winston-transport\node_modules\readable-stream\lib\_stream_writable.js:390:139)
    at writeOrBuffer (C:\Users\Nuruzzaman\AppData\Local\npm-cache\_npx\7750544ccf494d8b\node_modules\winston-transport\node_modules\readable-stream\lib\_stream_writable.js:381:5)
    at Writable.write (C:\Users\Nuruzzaman\AppData\Local\npm-cache\_npx\7750544ccf494d8b\node_modules\winston-transport\node_modules\readable-stream\lib\_stream_writable.js:302:11)
    at DerivedLogger.ondata (C:\Users\Nuruzzaman\AppData\Local\npm-cache\_npx\7750544ccf494d8b\node_modules\winston\node_modules\readable-stream\lib\_stream_readable.js:629:20)
[error] 
[error] Error: An unexpected error has occurred.
[debug] [2026-06-09T09:11:43.342Z] Error: EPIPE: broken pipe, write
    at Socket._write (node:internal/net:63:18)
    at writeOrBuffer (node:internal/streams/writable:572:12)
    at _write (node:internal/streams/writable:501:10)
    at Writable.write (node:internal/streams/writable:510:10)
    at Console.log (C:\Users\Nuruzzaman\AppData\Local\npm-cache\_npx\7750544ccf494d8b\node_modules\winston\lib\winston\transports\console.js:87:23)
    at Console._write (C:\Users\Nuruzzaman\AppData\Local\npm-cache\_npx\7750544ccf494d8b\node_modules\winston-transport\modern.js:103:17)
    at doWrite (C:\Users\Nuruzzaman\AppData\Local\npm-cache\_npx\7750544ccf494d8b\node_modules\winston-transport\node_modules\readable-stream\lib\_stream_writable.js:390:139)
    at writeOrBuffer (C:\Users\Nuruzzaman\AppData\Local\npm-cache\_npx\7750544ccf494d8b\node_modules\winston-transport\node_modules\readable-stream\lib\_stream_writable.js:381:5)
    at Writable.write (C:\Users\Nuruzzaman\AppData\Local\npm-cache\_npx\7750544ccf494d8b\node_modules\winston-transport\node_modules\readable-stream\lib\_stream_writable.js:302:11)
    at DerivedLogger.ondata (C:\Users\Nuruzzaman\AppData\Local\npm-cache\_npx\7750544ccf494d8b\node_modules\winston\node_modules\readable-stream\lib\_stream_readable.js:629:20)
[error] 
[error] Error: An unexpected error has occurred.
[debug] [2026-06-09T09:11:43.343Z] Error: EPIPE: broken pipe, write
    at Socket._write (node:internal/net:63:18)
    at writeOrBuffer (node:internal/streams/writable:572:12)
    at _write (node:internal/streams/writable:501:10)
    at Writable.write (node:internal/streams/writable:510:10)
    at Console.log (C:\Users\Nuruzzaman\AppData\Local\npm-cache\_npx\7750544ccf494d8b\node_modules\winston\lib\winston\transports\console.js:87:23)
    at Console._write (C:\Users\Nuruzzaman\AppData\Local\npm-cache\_npx\7750544ccf494d8b\node_modules\winston-transport\modern.js:103:17)
    at doWrite (C:\Users\Nuruzzaman\AppData\Local\npm-cache\_npx\7750544ccf494d8b\node_modules\winston-transport\node_modules\readable-stream\lib\_stream_writable.js:390:139)
    at writeOrBuffer (C:\Users\Nuruzzaman\AppData\Local\npm-cache\_npx\7750544ccf494d8b\node_modules\winston-transport\node_modules\readable-stream\lib\_stream_writable.js:381:5)
    at Writable.write (C:\Users\Nuruzzaman\AppData\Local\npm-cache\_npx\7750544ccf494d8b\node_modules\winston-transport\node_modules\readable-stream\lib\_stream_writable.js:302:11)
    at DerivedLogger.ondata (C:\Users\Nuruzzaman\AppData\Local\npm-cache\_npx\7750544ccf494d8b\node_modules\winston\node_modules\readable-stream\lib\_stream_readable.js:629:20)
[error] 
[error] Error: An unexpected error has occurred.
[debug] [2026-06-09T09:11:43.343Z] Error: EPIPE: broken pipe, write
    at Socket._write (node:internal/net:63:18)
    at writeOrBuffer (node:internal/streams/writable:572:12)
    at _write (node:internal/streams/writable:501:10)
    at Writable.write (node:internal/streams/writable:510:10)
    at Console.log (C:\Users\Nuruzzaman\AppData\Local\npm-cache\_npx\7750544ccf494d8b\node_modules\winston\lib\winston\transports\console.js:87:23)
    at Console._write (C:\Users\Nuruzzaman\AppData\Local\npm-cache\_npx\7750544ccf494d8b\node_modules\winston-transport\modern.js:103:17)
    at doWrite (C:\Users\Nuruzzaman\AppData\Local\npm-cache\_npx\7750544ccf494d8b\node_modules\winston-transport\node_modules\readable-stream\lib\_stream_writable.js:390:139)
    at writeOrBuffer (C:\Users\Nuruzzaman\AppData\Local\npm-cache\_npx\7750544ccf494d8b\node_modules\winston-transport\node_modules\readable-stream\lib\_stream_writable.js:381:5)
    at Writable.write (C:\Users\Nuruzzaman\AppData\Local\npm-cache\_npx\7750544ccf494d8b\node_modules\winston-transport\node_modules\readable-stream\lib\_stream_writable.js:302:11)
    at DerivedLogger.ondata (C:\Users\Nuruzzaman\AppData\Local\npm-cache\_npx\7750544ccf494d8b\node_modules\winston\node_modules\readable-stream\lib\_stream_readable.js:629:20)
[error] 
[error] Error: An unexpected error has occurred.
[debug] [2026-06-09T09:11:43.343Z] Error: EPIPE: broken pipe, write
    at Socket._write (node:internal/net:63:18)
    at writeOrBuffer (node:internal/streams/writable:572:12)
    at _write (node:internal/streams/writable:501:10)
    at Writable.write (node:internal/streams/writable:510:10)
    at Console.log (C:\Users\Nuruzzaman\AppData\Local\npm-cache\_npx\7750544ccf494d8b\node_modules\winston\lib\winston\transports\console.js:87:23)
    at Console._write (C:\Users\Nuruzzaman\AppData\Local\npm-cache\_npx\7750544ccf494d8b\node_modules\winston-transport\modern.js:103:17)
    at doWrite (C:\Users\Nuruzzaman\AppData\Local\npm-cache\_npx\7750544ccf494d8b\node_modules\winston-transport\node_modules\readable-stream\lib\_stream_writable.js:390:139)
    at writeOrBuffer (C:\Users\Nuruzzaman\AppData\Local\npm-cache\_npx\7750544ccf494d8b\node_modules\winston-transport\node_modules\readable-stream\lib\_stream_writable.js:381:5)
    at Writable.write (C:\Users\Nuruzzaman\AppData\Local\npm-cache\_npx\7750544ccf494d8b\node_modules\winston-transport\node_modules\readable-stream\lib\_stream_writable.js:302:11)
    at DerivedLogger.ondata (C:\Users\Nuruzzaman\AppData\Local\npm-cache\_npx\7750544ccf494d8b\node_modules\winston\node_modules\readable-stream\lib\_stream_readable.js:629:20)
[error] 
[error] Error: An unexpected error has occurred.
[debug] [2026-06-09T09:11:43.344Z] Error: EPIPE: broken pipe, write
    at Socket._write (node:internal/net:63:18)
    at writeOrBuffer (node:internal/streams/writable:572:12)
    at _write (node:internal/streams/writable:501:10)
    at Writable.write (node:internal/streams/writable:510:10)
    at Console.log (C:\Users\Nuruzzaman\AppData\Local\npm-cache\_npx\7750544ccf494d8b\node_modules\winston\lib\winston\transports\console.js:87:23)
    at Console._write (C:\Users\Nuruzzaman\AppData\Local\npm-cache\_npx\7750544ccf494d8b\node_modules\winston-transport\modern.js:103:17)
    at doWrite (C:\Users\Nuruzzaman\AppData\Local\npm-cache\_npx\7750544ccf494d8b\node_modules\winston-transport\node_modules\readable-stream\lib\_stream_writable.js:390:139)
    at writeOrBuffer (C:\Users\Nuruzzaman\AppData\Local\npm-cache\_npx\7750544ccf494d8b\node_modules\winston-transport\node_modules\readable-stream\lib\_stream_writable.js:381:5)
    at Writable.write (C:\Users\Nuruzzaman\AppData\Local\npm-cache\_npx\7750544ccf494d8b\node_modules\winston-transport\node_modules\readable-stream\lib\_stream_writable.js:302:11)
    at DerivedLogger.ondata (C:\Users\Nuruzzaman\AppData\Local\npm-cache\_npx\7750544ccf494d8b\node_modules\winston\node_modules\readable-stream\lib\_stream_readable.js:629:20)
[error] 
[error] Error: An unexpected error has occurred.
[debug] [2026-06-09T09:11:43.344Z] Error: EPIPE: broken pipe, write
    at Socket._write (node:internal/net:63:18)
    at writeOrBuffer (node:internal/streams/writable:572:12)
    at _write (node:internal/streams/writable:501:10)
    at Writable.write (node:internal/streams/writable:510:10)
    at Console.log (C:\Users\Nuruzzaman\AppData\Local\npm-cache\_npx\7750544ccf494d8b\node_modules\winston\lib\winston\transports\console.js:87:23)
    at Console._write (C:\Users\Nuruzzaman\AppData\Local\npm-cache\_npx\7750544ccf494d8b\node_modules\winston-transport\modern.js:103:17)
    at doWrite (C:\Users\Nuruzzaman\AppData\Local\npm-cache\_npx\7750544ccf494d8b\node_modules\winston-transport\node_modules\readable-stream\lib\_stream_writable.js:390:139)
    at writeOrBuffer (C:\Users\Nuruzzaman\AppData\Local\npm-cache\_npx\7750544ccf494d8b\node_modules\winston-transport\node_modules\readable-stream\lib\_stream_writable.js:381:5)
    at Writable.write (C:\Users\Nuruzzaman\AppData\Local\npm-cache\_npx\7750544ccf494d8b\node_modules\winston-transport\node_modules\readable-stream\lib\_stream_writable.js:302:11)
    at DerivedLogger.ondata (C:\Users\Nuruzzaman\AppData\Local\npm-cache\_npx\7750544ccf494d8b\node_modules\winston\node_modules\readable-stream\lib\_stream_readable.js:629:20)
[error] 
[error] Error: An unexpected error has occurred.
[debug] [2026-06-09T09:11:43.344Z] Error: EPIPE: broken pipe, write
    at Socket._write (node:internal/net:63:18)
    at writeOrBuffer (node:internal/streams/writable:572:12)
    at _write (node:internal/streams/writable:501:10)
    at Writable.write (node:internal/streams/writable:510:10)
    at Console.log (C:\Users\Nuruzzaman\AppData\Local\npm-cache\_npx\7750544ccf494d8b\node_modules\winston\lib\winston\transports\console.js:87:23)
    at Console._write (C:\Users\Nuruzzaman\AppData\Local\npm-cache\_npx\7750544ccf494d8b\node_modules\winston-transport\modern.js:103:17)
    at doWrite (C:\Users\Nuruzzaman\AppData\Local\npm-cache\_npx\7750544ccf494d8b\node_modules\winston-transport\node_modules\readable-stream\lib\_stream_writable.js:390:139)
    at writeOrBuffer (C:\Users\Nuruzzaman\AppData\Local\npm-cache\_npx\7750544ccf494d8b\node_modules\winston-transport\node_modules\readable-stream\lib\_stream_writable.js:381:5)
    at Writable.write (C:\Users\Nuruzzaman\AppData\Local\npm-cache\_npx\7750544ccf494d8b\node_modules\winston-transport\node_modules\readable-stream\lib\_stream_writable.js:302:11)
    at DerivedLogger.ondata (C:\Users\Nuruzzaman\AppData\Local\npm-cache\_npx\7750544ccf494d8b\node_modules\winston\node_modules\readable-stream\lib\_stream_readable.js:629:20)
[error] 
[error] Error: An unexpected error has occurred.
[debug] [2026-06-09T09:11:43.345Z] Error: EPIPE: broken pipe, write
    at Socket._write (node:internal/net:63:18)
    at writeOrBuffer (node:internal/streams/writable:572:12)
    at _write (node:internal/streams/writable:501:10)
    at Writable.write (node:internal/streams/writable:510:10)
    at Console.log (C:\Users\Nuruzzaman\AppData\Local\npm-cache\_npx\7750544ccf494d8b\node_modules\winston\lib\winston\transports\console.js:87:23)
    at Console._write (C:\Users\Nuruzzaman\AppData\Local\npm-cache\_npx\7750544ccf494d8b\node_modules\winston-transport\modern.js:103:17)
    at doWrite (C:\Users\Nuruzzaman\AppData\Local\npm-cache\_npx\7750544ccf494d8b\node_modules\winston-transport\node_modules\readable-stream\lib\_stream_writable.js:390:139)
    at writeOrBuffer (C:\Users\Nuruzzaman\AppData\Local\npm-cache\_npx\7750544ccf494d8b\node_modules\winston-transport\node_modules\readable-stream\lib\_stream_writable.js:381:5)
    at Writable.write (C:\Users\Nuruzzaman\AppData\Local\npm-cache\_npx\7750544ccf494d8b\node_modules\winston-transport\node_modules\readable-stream\lib\_stream_writable.js:302:11)
    at DerivedLogger.ondata (C:\Users\Nuruzzaman\AppData\Local\npm-cache\_npx\7750544ccf494d8b\node_modules\winston\node_modules\readable-stream\lib\_stream_readable.js:629:20)
[error] 
[error] Error: An unexpected error has occurred.
[debug] [2026-06-09T09:11:43.345Z] Error: EPIPE: broken pipe, write
    at Socket._write (node:internal/net:63:18)
    at writeOrBuffer (node:internal/streams/writable:572:12)
    at _write (node:internal/streams/writable:501:10)
    at Writable.write (node:internal/streams/writable:510:10)
    at Console.log (C:\Users\Nuruzzaman\AppData\Local\npm-cache\_npx\7750544ccf494d8b\node_modules\winston\lib\winston\transports\console.js:87:23)
    at Console._write (C:\Users\Nuruzzaman\AppData\Local\npm-cache\_npx\7750544ccf494d8b\node_modules\winston-transport\modern.js:103:17)
    at doWrite (C:\Users\Nuruzzaman\AppData\Local\npm-cache\_npx\7750544ccf494d8b\node_modules\winston-transport\node_modules\readable-stream\lib\_stream_writable.js:390:139)
    at writeOrBuffer (C:\Users\Nuruzzaman\AppData\Local\npm-cache\_npx\7750544ccf494d8b\node_modules\winston-transport\node_modules\readable-stream\lib\_stream_writable.js:381:5)
    at Writable.write (C:\Users\Nuruzzaman\AppData\Local\npm-cache\_npx\7750544ccf494d8b\node_modules\winston-transport\node_modules\readable-stream\lib\_stream_writable.js:302:11)
    at DerivedLogger.ondata (C:\Users\Nuruzzaman\AppData\Local\npm-cache\_npx\7750544ccf494d8b\node_modules\winston\node_modules\readable-stream\lib\_stream_readable.js:629:20)
[error] 
[error] Error: An unexpected error has occurred.
[debug] [2026-06-09T09:11:43.345Z] Error: EPIPE: broken pipe, write
    at Socket._write (node:internal/net:63:18)
    at writeOrBuffer (node:internal/streams/writable:572:12)
    at _write (node:internal/streams/writable:501:10)
    at Writable.write (node:internal/streams/writable:510:10)
    at Console.log (C:\Users\Nuruzzaman\AppData\Local\npm-cache\_npx\7750544ccf494d8b\node_modules\winston\lib\winston\transports\console.js:87:23)
    at Console._write (C:\Users\Nuruzzaman\AppData\Local\npm-cache\_npx\7750544ccf494d8b\node_modules\winston-transport\modern.js:103:17)
    at doWrite (C:\Users\Nuruzzaman\AppData\Local\npm-cache\_npx\7750544ccf494d8b\node_modules\winston-transport\node_modules\readable-stream\lib\_stream_writable.js:390:139)
    at writeOrBuffer (C:\Users\Nuruzzaman\AppData\Local\npm-cache\_npx\7750544ccf494d8b\node_modules\winston-transport\node_modules\readable-stream\lib\_stream_writable.js:381:5)
    at Writable.write (C:\Users\Nuruzzaman\AppData\Local\npm-cache\_npx\7750544ccf494d8b\node_modules\winston-transport\node_modules\readable-stream\lib\_stream_writable.js:302:11)
    at DerivedLogger.ondata (C:\Users\Nuruzzaman\AppData\Local\npm-cache\_npx\7750544ccf494d8b\node_modules\winston\node_modules\readable-stream\lib\_stream_readable.js:629:20)
[error] 
[error] Error: An unexpected error has occurred.
[debug] [2026-06-09T09:11:43.345Z] Error: EPIPE: broken pipe, write
    at Socket._write (node:internal/net:63:18)
    at writeOrBuffer (node:internal/streams/writable:572:12)
    at _write (node:internal/streams/writable:501:10)
    at Writable.write (node:internal/streams/writable:510:10)
    at Console.log (C:\Users\Nuruzzaman\AppData\Local\npm-cache\_npx\7750544ccf494d8b\node_modules\winston\lib\winston\transports\console.js:87:23)
    at Console._write (C:\Users\Nuruzzaman\AppData\Local\npm-cache\_npx\7750544ccf494d8b\node_modules\winston-transport\modern.js:103:17)
    at doWrite (C:\Users\Nuruzzaman\AppData\Local\npm-cache\_npx\7750544ccf494d8b\node_modules\winston-transport\node_modules\readable-stream\lib\_stream_writable.js:390:139)
    at writeOrBuffer (C:\Users\Nuruzzaman\AppData\Local\npm-cache\_npx\7750544ccf494d8b\node_modules\winston-transport\node_modules\readable-stream\lib\_stream_writable.js:381:5)
    at Writable.write (C:\Users\Nuruzzaman\AppData\Local\npm-cache\_npx\7750544ccf494d8b\node_modules\winston-transport\node_modules\readable-stream\lib\_stream_writable.js:302:11)
    at DerivedLogger.ondata (C:\Users\Nuruzzaman\AppData\Local\npm-cache\_npx\7750544ccf494d8b\node_modules\winston\node_modules\readable-stream\lib\_stream_readable.js:629:20)
[error] 
[error] Error: An unexpected error has occurred.
[debug] [2026-06-09T09:11:43.346Z] Error: EPIPE: broken pipe, write
    at Socket._write (node:internal/net:63:18)
    at writeOrBuffer (node:internal/streams/writable:572:12)
    at _write (node:internal/streams/writable:501:10)
    at Writable.write (node:internal/streams/writable:510:10)
    at Console.log (C:\Users\Nuruzzaman\AppData\Local\npm-cache\_npx\7750544ccf494d8b\node_modules\winston\lib\winston\transports\console.js:87:23)
    at Console._write (C:\Users\Nuruzzaman\AppData\Local\npm-cache\_npx\7750544ccf494d8b\node_modules\winston-transport\modern.js:103:17)
    at doWrite (C:\Users\Nuruzzaman\AppData\Local\npm-cache\_npx\7750544ccf494d8b\node_modules\winston-transport\node_modules\readable-stream\lib\_stream_writable.js:390:139)
    at writeOrBuffer (C:\Users\Nuruzzaman\AppData\Local\npm-cache\_npx\7750544ccf494d8b\node_modules\winston-transport\node_modules\readable-stream\lib\_stream_writable.js:381:5)
    at Writable.write (C:\Users\Nuruzzaman\AppData\Local\npm-cache\_npx\7750544ccf494d8b\node_modules\winston-transport\node_modules\readable-stream\lib\_stream_writable.js:302:11)
    at DerivedLogger.ondata (C:\Users\Nuruzzaman\AppData\Local\npm-cache\_npx\7750544ccf494d8b\node_modules\winston\node_modules\readable-stream\lib\_stream_readable.js:629:20)
[error] 
[error] Error: An unexpected error has occurred.
[debug] [2026-06-09T09:11:43.346Z] Error: EPIPE: broken pipe, write
    at Socket._write (node:internal/net:63:18)
    at writeOrBuffer (node:internal/streams/writable:572:12)
    at _write (node:internal/streams/writable:501:10)
    at Writable.write (node:internal/streams/writable:510:10)
    at Console.log (C:\Users\Nuruzzaman\AppData\Local\npm-cache\_npx\7750544ccf494d8b\node_modules\winston\lib\winston\transports\console.js:87:23)
    at Console._write (C:\Users\Nuruzzaman\AppData\Local\npm-cache\_npx\7750544ccf494d8b\node_modules\winston-transport\modern.js:103:17)
    at doWrite (C:\Users\Nuruzzaman\AppData\Local\npm-cache\_npx\7750544ccf494d8b\node_modules\winston-transport\node_modules\readable-stream\lib\_stream_writable.js:390:139)
    at writeOrBuffer (C:\Users\Nuruzzaman\AppData\Local\npm-cache\_npx\7750544ccf494d8b\node_modules\winston-transport\node_modules\readable-stream\lib\_stream_writable.js:381:5)
    at Writable.write (C:\Users\Nuruzzaman\AppData\Local\npm-cache\_npx\7750544ccf494d8b\node_modules\winston-transport\node_modules\readable-stream\lib\_stream_writable.js:302:11)
    at DerivedLogger.ondata (C:\Users\Nuruzzaman\AppData\Local\npm-cache\_npx\7750544ccf494d8b\node_modules\winston\node_modules\readable-stream\lib\_stream_readable.js:629:20)
[error] 
[error] Error: An unexpected error has occurred.
[debug] [2026-06-09T09:11:43.346Z] Error: EPIPE: broken pipe, write
    at Socket._write (node:internal/net:63:18)
    at writeOrBuffer (node:internal/streams/writable:572:12)
    at _write (node:internal/streams/writable:501:10)
    at Writable.write (node:internal/streams/writable:510:10)
    at Console.log (C:\Users\Nuruzzaman\AppData\Local\npm-cache\_npx\7750544ccf494d8b\node_modules\winston\lib\winston\transports\console.js:87:23)
    at Console._write (C:\Users\Nuruzzaman\AppData\Local\npm-cache\_npx\7750544ccf494d8b\node_modules\winston-transport\modern.js:103:17)
    at doWrite (C:\Users\Nuruzzaman\AppData\Local\npm-cache\_npx\7750544ccf494d8b\node_modules\winston-transport\node_modules\readable-stream\lib\_stream_writable.js:390:139)
    at writeOrBuffer (C:\Users\Nuruzzaman\AppData\Local\npm-cache\_npx\7750544ccf494d8b\node_modules\winston-transport\node_modules\readable-stream\lib\_stream_writable.js:381:5)
    at Writable.write (C:\Users\Nuruzzaman\AppData\Local\npm-cache\_npx\7750544ccf494d8b\node_modules\winston-transport\node_modules\readable-stream\lib\_stream_writable.js:302:11)
    at DerivedLogger.ondata (C:\Users\Nuruzzaman\AppData\Local\npm-cache\_npx\7750544ccf494d8b\node_modules\winston\node_modules\readable-stream\lib\_stream_readable.js:629:20)
[error] 
[error] Error: An unexpected error has occurred.
[debug] [2026-06-09T09:11:43.346Z] Error: EPIPE: broken pipe, write
    at Socket._write (node:internal/net:63:18)
    at writeOrBuffer (node:internal/streams/writable:572:12)
    at _write (node:internal/streams/writable:501:10)
    at Writable.write (node:internal/streams/writable:510:10)
    at Console.log (C:\Users\Nuruzzaman\AppData\Local\npm-cache\_npx\7750544ccf494d8b\node_modules\winston\lib\winston\transports\console.js:87:23)
    at Console._write (C:\Users\Nuruzzaman\AppData\Local\npm-cache\_npx\7750544ccf494d8b\node_modules\winston-transport\modern.js:103:17)
    at doWrite (C:\Users\Nuruzzaman\AppData\Local\npm-cache\_npx\7750544ccf494d8b\node_modules\winston-transport\node_modules\readable-stream\lib\_stream_writable.js:390:139)
    at writeOrBuffer (C:\Users\Nuruzzaman\AppData\Local\npm-cache\_npx\7750544ccf494d8b\node_modules\winston-transport\node_modules\readable-stream\lib\_stream_writable.js:381:5)
    at Writable.write (C:\Users\Nuruzzaman\AppData\Local\npm-cache\_npx\7750544ccf494d8b\node_modules\winston-transport\node_modules\readable-stream\lib\_stream_writable.js:302:11)
    at DerivedLogger.ondata (C:\Users\Nuruzzaman\AppData\Local\npm-cache\_npx\7750544ccf494d8b\node_modules\winston\node_modules\readable-stream\lib\_stream_readable.js:629:20)
[error] 
[error] Error: An unexpected error has occurred.
[debug] [2026-06-09T09:11:43.348Z] Error: EPIPE: broken pipe, write
    at Socket._write (node:internal/net:63:18)
    at writeOrBuffer (node:internal/streams/writable:572:12)
    at _write (node:internal/streams/writable:501:10)
    at Writable.write (node:internal/streams/writable:510:10)
    at Console.log (C:\Users\Nuruzzaman\AppData\Local\npm-cache\_npx\7750544ccf494d8b\node_modules\winston\lib\winston\transports\console.js:87:23)
    at Console._write (C:\Users\Nuruzzaman\AppData\Local\npm-cache\_npx\7750544ccf494d8b\node_modules\winston-transport\modern.js:103:17)
    at doWrite (C:\Users\Nuruzzaman\AppData\Local\npm-cache\_npx\7750544ccf494d8b\node_modules\winston-transport\node_modules\readable-stream\lib\_stream_writable.js:390:139)
    at writeOrBuffer (C:\Users\Nuruzzaman\AppData\Local\npm-cache\_npx\7750544ccf494d8b\node_modules\winston-transport\node_modules\readable-stream\lib\_stream_writable.js:381:5)
    at Writable.write (C:\Users\Nuruzzaman\AppData\Local\npm-cache\_npx\7750544ccf494d8b\node_modules\winston-transport\node_modules\readable-stream\lib\_stream_writable.js:302:11)
    at DerivedLogger.ondata (C:\Users\Nuruzzaman\AppData\Local\npm-cache\_npx\7750544ccf494d8b\node_modules\winston\node_modules\readable-stream\lib\_stream_readable.js:629:20)
[error] 
[error] Error: An unexpected error has occurred.
[debug] [2026-06-09T09:11:43.348Z] Error: EPIPE: broken pipe, write
    at Socket._write (node:internal/net:63:18)
    at writeOrBuffer (node:internal/streams/writable:572:12)
    at _write (node:internal/streams/writable:501:10)
    at Writable.write (node:internal/streams/writable:510:10)
    at Console.log (C:\Users\Nuruzzaman\AppData\Local\npm-cache\_npx\7750544ccf494d8b\node_modules\winston\lib\winston\transports\console.js:87:23)
    at Console._write (C:\Users\Nuruzzaman\AppData\Local\npm-cache\_npx\7750544ccf494d8b\node_modules\winston-transport\modern.js:103:17)
    at doWrite (C:\Users\Nuruzzaman\AppData\Local\npm-cache\_npx\7750544ccf494d8b\node_modules\winston-transport\node_modules\readable-stream\lib\_stream_writable.js:390:139)
    at writeOrBuffer (C:\Users\Nuruzzaman\AppData\Local\npm-cache\_npx\7750544ccf494d8b\node_modules\winston-transport\node_modules\readable-stream\lib\_stream_writable.js:381:5)
    at Writable.write (C:\Users\Nuruzzaman\AppData\Local\npm-cache\_npx\7750544ccf494d8b\node_modules\winston-transport\node_modules\readable-stream\lib\_stream_writable.js:302:11)
    at DerivedLogger.ondata (C:\Users\Nuruzzaman\AppData\Local\npm-cache\_npx\7750544ccf494d8b\node_modules\winston\node_modules\readable-stream\lib\_stream_readable.js:629:20)
[error] 
[error] Error: An unexpected error has occurred.
[debug] [2026-06-09T09:11:43.349Z] Error: EPIPE: broken pipe, write
    at Socket._write (node:internal/net:63:18)
    at writeOrBuffer (node:internal/streams/writable:572:12)
    at _write (node:internal/streams/writable:501:10)
    at Writable.write (node:internal/streams/writable:510:10)
    at Console.log (C:\Users\Nuruzzaman\AppData\Local\npm-cache\_npx\7750544ccf494d8b\node_modules\winston\lib\winston\transports\console.js:87:23)
    at Console._write (C:\Users\Nuruzzaman\AppData\Local\npm-cache\_npx\7750544ccf494d8b\node_modules\winston-transport\modern.js:103:17)
    at doWrite (C:\Users\Nuruzzaman\AppData\Local\npm-cache\_npx\7750544ccf494d8b\node_modules\winston-transport\node_modules\readable-stream\lib\_stream_writable.js:390:139)
    at writeOrBuffer (C:\Users\Nuruzzaman\AppData\Local\npm-cache\_npx\7750544ccf494d8b\node_modules\winston-transport\node_modules\readable-stream\lib\_stream_writable.js:381:5)
    at Writable.write (C:\Users\Nuruzzaman\AppData\Local\npm-cache\_npx\7750544ccf494d8b\node_modules\winston-transport\node_modules\readable-stream\lib\_stream_writable.js:302:11)
    at DerivedLogger.ondata (C:\Users\Nuruzzaman\AppData\Local\npm-cache\_npx\7750544ccf494d8b\node_modules\winston\node_modules\readable-stream\lib\_stream_readable.js:629:20)
[error] 
[error] Error: An unexpected error has occurred.
[debug] [2026-06-09T09:11:43.349Z] Error: EPIPE: broken pipe, write
    at Socket._write (node:internal/net:63:18)
    at writeOrBuffer (node:internal/streams/writable:572:12)
    at _write (node:internal/streams/writable:501:10)
    at Writable.write (node:internal/streams/writable:510:10)
    at Console.log (C:\Users\Nuruzzaman\AppData\Local\npm-cache\_npx\7750544ccf494d8b\node_modules\winston\lib\winston\transports\console.js:87:23)
    at Console._write (C:\Users\Nuruzzaman\AppData\Local\npm-cache\_npx\7750544ccf494d8b\node_modules\winston-transport\modern.js:103:17)
    at doWrite (C:\Users\Nuruzzaman\AppData\Local\npm-cache\_npx\7750544ccf494d8b\node_modules\winston-transport\node_modules\readable-stream\lib\_stream_writable.js:390:139)
    at writeOrBuffer (C:\Users\Nuruzzaman\AppData\Local\npm-cache\_npx\7750544ccf494d8b\node_modules\winston-transport\node_modules\readable-stream\lib\_stream_writable.js:381:5)
    at Writable.write (C:\Users\Nuruzzaman\AppData\Local\npm-cache\_npx\7750544ccf494d8b\node_modules\winston-transport\node_modules\readable-stream\lib\_stream_writable.js:302:11)
    at DerivedLogger.ondata (C:\Users\Nuruzzaman\AppData\Local\npm-cache\_npx\7750544ccf494d8b\node_modules\winston\node_modules\readable-stream\lib\_stream_readable.js:629:20)
[error] 
[error] Error: An unexpected error has occurred.
[debug] [2026-06-09T09:11:43.349Z] Error: EPIPE: broken pipe, write
    at Socket._write (node:internal/net:63:18)
    at writeOrBuffer (node:internal/streams/writable:572:12)
    at _write (node:internal/streams/writable:501:10)
    at Writable.write (node:internal/streams/writable:510:10)
    at Console.log (C:\Users\Nuruzzaman\AppData\Local\npm-cache\_npx\7750544ccf494d8b\node_modules\winston\lib\winston\transports\console.js:87:23)
    at Console._write (C:\Users\Nuruzzaman\AppData\Local\npm-cache\_npx\7750544ccf494d8b\node_modules\winston-transport\modern.js:103:17)
    at doWrite (C:\Users\Nuruzzaman\AppData\Local\npm-cache\_npx\7750544ccf494d8b\node_modules\winston-transport\node_modules\readable-stream\lib\_stream_writable.js:390:139)
    at writeOrBuffer (C:\Users\Nuruzzaman\AppData\Local\npm-cache\_npx\7750544ccf494d8b\node_modules\winston-transport\node_modules\readable-stream\lib\_stream_writable.js:381:5)
    at Writable.write (C:\Users\Nuruzzaman\AppData\Local\npm-cache\_npx\7750544ccf494d8b\node_modules\winston-transport\node_modules\readable-stream\lib\_stream_writable.js:302:11)
    at DerivedLogger.ondata (C:\Users\Nuruzzaman\AppData\Local\npm-cache\_npx\7750544ccf494d8b\node_modules\winston\node_modules\readable-stream\lib\_stream_readable.js:629:20)
[error] 
[error] Error: An unexpected error has occurred.
[debug] [2026-06-09T09:11:43.349Z] Error: EPIPE: broken pipe, write
    at Socket._write (node:internal/net:63:18)
    at writeOrBuffer (node:internal/streams/writable:572:12)
    at _write (node:internal/streams/writable:501:10)
    at Writable.write (node:internal/streams/writable:510:10)
    at Console.log (C:\Users\Nuruzzaman\AppData\Local\npm-cache\_npx\7750544ccf494d8b\node_modules\winston\lib\winston\transports\console.js:87:23)
    at Console._write (C:\Users\Nuruzzaman\AppData\Local\npm-cache\_npx\7750544ccf494d8b\node_modules\winston-transport\modern.js:103:17)
    at doWrite (C:\Users\Nuruzzaman\AppData\Local\npm-cache\_npx\7750544ccf494d8b\node_modules\winston-transport\node_modules\readable-stream\lib\_stream_writable.js:390:139)
    at writeOrBuffer (C:\Users\Nuruzzaman\AppData\Local\npm-cache\_npx\7750544ccf494d8b\node_modules\winston-transport\node_modules\readable-stream\lib\_stream_writable.js:381:5)
    at Writable.write (C:\Users\Nuruzzaman\AppData\Local\npm-cache\_npx\7750544ccf494d8b\node_modules\winston-transport\node_modules\readable-stream\lib\_stream_writable.js:302:11)
    at DerivedLogger.ondata (C:\Users\Nuruzzaman\AppData\Local\npm-cache\_npx\7750544ccf494d8b\node_modules\winston\node_modules\readable-stream\lib\_stream_readable.js:629:20)
[error] 
[error] Error: An unexpected error has occurred.
[debug] [2026-06-09T09:11:43.349Z] Error: EPIPE: broken pipe, write
    at Socket._write (node:internal/net:63:18)
    at writeOrBuffer (node:internal/streams/writable:572:12)
    at _write (node:internal/streams/writable:501:10)
    at Writable.write (node:internal/streams/writable:510:10)
    at Console.log (C:\Users\Nuruzzaman\AppData\Local\npm-cache\_npx\7750544ccf494d8b\node_modules\winston\lib\winston\transports\console.js:87:23)
    at Console._write (C:\Users\Nuruzzaman\AppData\Local\npm-cache\_npx\7750544ccf494d8b\node_modules\winston-transport\modern.js:103:17)
    at doWrite (C:\Users\Nuruzzaman\AppData\Local\npm-cache\_npx\7750544ccf494d8b\node_modules\winston-transport\node_modules\readable-stream\lib\_stream_writable.js:390:139)
    at writeOrBuffer (C:\Users\Nuruzzaman\AppData\Local\npm-cache\_npx\7750544ccf494d8b\node_modules\winston-transport\node_modules\readable-stream\lib\_stream_writable.js:381:5)
    at Writable.write (C:\Users\Nuruzzaman\AppData\Local\npm-cache\_npx\7750544ccf494d8b\node_modules\winston-transport\node_modules\readable-stream\lib\_stream_writable.js:302:11)
    at DerivedLogger.ondata (C:\Users\Nuruzzaman\AppData\Local\npm-cache\_npx\7750544ccf494d8b\node_modules\winston\node_modules\readable-stream\lib\_stream_readable.js:629:20)
[error] 
[error] Error: An unexpected error has occurred.
[debug] [2026-06-09T09:11:43.350Z] Error: EPIPE: broken pipe, write
    at Socket._write (node:internal/net:63:18)
    at writeOrBuffer (node:internal/streams/writable:572:12)
    at _write (node:internal/streams/writable:501:10)
    at Writable.write (node:internal/streams/writable:510:10)
    at Console.log (C:\Users\Nuruzzaman\AppData\Local\npm-cache\_npx\7750544ccf494d8b\node_modules\winston\lib\winston\transports\console.js:87:23)
    at Console._write (C:\Users\Nuruzzaman\AppData\Local\npm-cache\_npx\7750544ccf494d8b\node_modules\winston-transport\modern.js:103:17)
    at doWrite (C:\Users\Nuruzzaman\AppData\Local\npm-cache\_npx\7750544ccf494d8b\node_modules\winston-transport\node_modules\readable-stream\lib\_stream_writable.js:390:139)
    at writeOrBuffer (C:\Users\Nuruzzaman\AppData\Local\npm-cache\_npx\7750544ccf494d8b\node_modules\winston-transport\node_modules\readable-stream\lib\_stream_writable.js:381:5)
    at Writable.write (C:\Users\Nuruzzaman\AppData\Local\npm-cache\_npx\7750544ccf494d8b\node_modules\winston-transport\node_modules\readable-stream\lib\_stream_writable.js:302:11)
    at DerivedLogger.ondata (C:\Users\Nuruzzaman\AppData\Local\npm-cache\_npx\7750544ccf494d8b\node_modules\winston\node_modules\readable-stream\lib\_stream_readable.js:629:20)
[error] 
[error] Error: An unexpected error has occurred.
[debug] [2026-06-09T09:11:43.350Z] Error: EPIPE: broken pipe, write
    at Socket._write (node:internal/net:63:18)
    at writeOrBuffer (node:internal/streams/writable:572:12)
    at _write (node:internal/streams/writable:501:10)
    at Writable.write (node:internal/streams/writable:510:10)
    at Console.log (C:\Users\Nuruzzaman\AppData\Local\npm-cache\_npx\7750544ccf494d8b\node_modules\winston\lib\winston\transports\console.js:87:23)
    at Console._write (C:\Users\Nuruzzaman\AppData\Local\npm-cache\_npx\7750544ccf494d8b\node_modules\winston-transport\modern.js:103:17)
    at doWrite (C:\Users\Nuruzzaman\AppData\Local\npm-cache\_npx\7750544ccf494d8b\node_modules\winston-transport\node_modules\readable-stream\lib\_stream_writable.js:390:139)
    at writeOrBuffer (C:\Users\Nuruzzaman\AppData\Local\npm-cache\_npx\7750544ccf494d8b\node_modules\winston-transport\node_modules\readable-stream\lib\_stream_writable.js:381:5)
    at Writable.write (C:\Users\Nuruzzaman\AppData\Local\npm-cache\_npx\7750544ccf494d8b\node_modules\winston-transport\node_modules\readable-stream\lib\_stream_writable.js:302:11)
    at DerivedLogger.ondata (C:\Users\Nuruzzaman\AppData\Local\npm-cache\_npx\7750544ccf494d8b\node_modules\winston\node_modules\readable-stream\lib\_stream_readable.js:629:20)
[error] 
[error] Error: An unexpected error has occurred.
[debug] [2026-06-09T09:11:43.350Z] Error: EPIPE: broken pipe, write
    at Socket._write (node:internal/net:63:18)
    at writeOrBuffer (node:internal/streams/writable:572:12)
    at _write (node:internal/streams/writable:501:10)
    at Writable.write (node:internal/streams/writable:510:10)
    at Console.log (C:\Users\Nuruzzaman\AppData\Local\npm-cache\_npx\7750544ccf494d8b\node_modules\winston\lib\winston\transports\console.js:87:23)
    at Console._write (C:\Users\Nuruzzaman\AppData\Local\npm-cache\_npx\7750544ccf494d8b\node_modules\winston-transport\modern.js:103:17)
    at doWrite (C:\Users\Nuruzzaman\AppData\Local\npm-cache\_npx\7750544ccf494d8b\node_modules\winston-transport\node_modules\readable-stream\lib\_stream_writable.js:390:139)
    at writeOrBuffer (C:\Users\Nuruzzaman\AppData\Local\npm-cache\_npx\7750544ccf494d8b\node_modules\winston-transport\node_modules\readable-stream\lib\_stream_writable.js:381:5)
    at Writable.write (C:\Users\Nuruzzaman\AppData\Local\npm-cache\_npx\7750544ccf494d8b\node_modules\winston-transport\node_modules\readable-stream\lib\_stream_writable.js:302:11)
    at DerivedLogger.ondata (C:\Users\Nuruzzaman\AppData\Local\npm-cache\_npx\7750544ccf494d8b\node_modules\winston\node_modules\readable-stream\lib\_stream_readable.js:629:20)
[error] 
[error] Error: An unexpected error has occurred.
[debug] [2026-06-09T09:11:43.350Z] Error: EPIPE: broken pipe, write
    at Socket._write (node:internal/net:63:18)
    at writeOrBuffer (node:internal/streams/writable:572:12)
    at _write (node:internal/streams/writable:501:10)
    at Writable.write (node:internal/streams/writable:510:10)
    at Console.log (C:\Users\Nuruzzaman\AppData\Local\npm-cache\_npx\7750544ccf494d8b\node_modules\winston\lib\winston\transports\console.js:87:23)
    at Console._write (C:\Users\Nuruzzaman\AppData\Local\npm-cache\_npx\7750544ccf494d8b\node_modules\winston-transport\modern.js:103:17)
    at doWrite (C:\Users\Nuruzzaman\AppData\Local\npm-cache\_npx\7750544ccf494d8b\node_modules\winston-transport\node_modules\readable-stream\lib\_stream_writable.js:390:139)
    at writeOrBuffer (C:\Users\Nuruzzaman\AppData\Local\npm-cache\_npx\7750544ccf494d8b\node_modules\winston-transport\node_modules\readable-stream\lib\_stream_writable.js:381:5)
    at Writable.write (C:\Users\Nuruzzaman\AppData\Local\npm-cache\_npx\7750544ccf494d8b\node_modules\winston-transport\node_modules\readable-stream\lib\_stream_writable.js:302:11)
    at DerivedLogger.ondata (C:\Users\Nuruzzaman\AppData\Local\npm-cache\_npx\7750544ccf494d8b\node_modules\winston\node_modules\readable-stream\lib\_stream_readable.js:629:20)
[error] 
[error] Error: An unexpected error has occurred.
[debug] [2026-06-09T09:11:43.350Z] Error: EPIPE: broken pipe, write
    at Socket._write (node:internal/net:63:18)
    at writeOrBuffer (node:internal/streams/writable:572:12)
    at _write (node:internal/streams/writable:501:10)
    at Writable.write (node:internal/streams/writable:510:10)
    at Console.log (C:\Users\Nuruzzaman\AppData\Local\npm-cache\_npx\7750544ccf494d8b\node_modules\winston\lib\winston\transports\console.js:87:23)
    at Console._write (C:\Users\Nuruzzaman\AppData\Local\npm-cache\_npx\7750544ccf494d8b\node_modules\winston-transport\modern.js:103:17)
    at doWrite (C:\Users\Nuruzzaman\AppData\Local\npm-cache\_npx\7750544ccf494d8b\node_modules\winston-transport\node_modules\readable-stream\lib\_stream_writable.js:390:139)
    at writeOrBuffer (C:\Users\Nuruzzaman\AppData\Local\npm-cache\_npx\7750544ccf494d8b\node_modules\winston-transport\node_modules\readable-stream\lib\_stream_writable.js:381:5)
    at Writable.write (C:\Users\Nuruzzaman\AppData\Local\npm-cache\_npx\7750544ccf494d8b\node_modules\winston-transport\node_modules\readable-stream\lib\_stream_writable.js:302:11)
    at DerivedLogger.ondata (C:\Users\Nuruzzaman\AppData\Local\npm-cache\_npx\7750544ccf494d8b\node_modules\winston\node_modules\readable-stream\lib\_stream_readable.js:629:20)
[error] 
[error] Error: An unexpected error has occurred.
[debug] [2026-06-09T09:11:43.351Z] Error: EPIPE: broken pipe, write
    at Socket._write (node:internal/net:63:18)
    at writeOrBuffer (node:internal/streams/writable:572:12)
    at _write (node:internal/streams/writable:501:10)
    at Writable.write (node:internal/streams/writable:510:10)
    at Console.log (C:\Users\Nuruzzaman\AppData\Local\npm-cache\_npx\7750544ccf494d8b\node_modules\winston\lib\winston\transports\console.js:87:23)
    at Console._write (C:\Users\Nuruzzaman\AppData\Local\npm-cache\_npx\7750544ccf494d8b\node_modules\winston-transport\modern.js:103:17)
    at doWrite (C:\Users\Nuruzzaman\AppData\Local\npm-cache\_npx\7750544ccf494d8b\node_modules\winston-transport\node_modules\readable-stream\lib\_stream_writable.js:390:139)
    at writeOrBuffer (C:\Users\Nuruzzaman\AppData\Local\npm-cache\_npx\7750544ccf494d8b\node_modules\winston-transport\node_modules\readable-stream\lib\_stream_writable.js:381:5)
    at Writable.write (C:\Users\Nuruzzaman\AppData\Local\npm-cache\_npx\7750544ccf494d8b\node_modules\winston-transport\node_modules\readable-stream\lib\_stream_writable.js:302:11)
    at DerivedLogger.ondata (C:\Users\Nuruzzaman\AppData\Local\npm-cache\_npx\7750544ccf494d8b\node_modules\winston\node_modules\readable-stream\lib\_stream_readable.js:629:20)
[error] 
[error] Error: An unexpected error has occurred.
[debug] [2026-06-09T09:11:43.353Z] Error: EPIPE: broken pipe, write
    at Socket._write (node:internal/net:63:18)
    at writeOrBuffer (node:internal/streams/writable:572:12)
    at _write (node:internal/streams/writable:501:10)
    at Writable.write (node:internal/streams/writable:510:10)
    at Console.log (C:\Users\Nuruzzaman\AppData\Local\npm-cache\_npx\7750544ccf494d8b\node_modules\winston\lib\winston\transports\console.js:87:23)
    at Console._write (C:\Users\Nuruzzaman\AppData\Local\npm-cache\_npx\7750544ccf494d8b\node_modules\winston-transport\modern.js:103:17)
    at doWrite (C:\Users\Nuruzzaman\AppData\Local\npm-cache\_npx\7750544ccf494d8b\node_modules\winston-transport\node_modules\readable-stream\lib\_stream_writable.js:390:139)
    at writeOrBuffer (C:\Users\Nuruzzaman\AppData\Local\npm-cache\_npx\7750544ccf494d8b\node_modules\winston-transport\node_modules\readable-stream\lib\_stream_writable.js:381:5)
    at Writable.write (C:\Users\Nuruzzaman\AppData\Local\npm-cache\_npx\7750544ccf494d8b\node_modules\winston-transport\node_modules\readable-stream\lib\_stream_writable.js:302:11)
    at DerivedLogger.ondata (C:\Users\Nuruzzaman\AppData\Local\npm-cache\_npx\7750544ccf494d8b\node_modules\winston\node_modules\readable-stream\lib\_stream_readable.js:629:20)
[error] 
[error] Error: An unexpected error has occurred.
[debug] [2026-06-09T09:11:43.353Z] Error: EPIPE: broken pipe, write
    at Socket._write (node:internal/net:63:18)
    at writeOrBuffer (node:internal/streams/writable:572:12)
    at _write (node:internal/streams/writable:501:10)
    at Writable.write (node:internal/streams/writable:510:10)
    at Console.log (C:\Users\Nuruzzaman\AppData\Local\npm-cache\_npx\7750544ccf494d8b\node_modules\winston\lib\winston\transports\console.js:87:23)
    at Console._write (C:\Users\Nuruzzaman\AppData\Local\npm-cache\_npx\7750544ccf494d8b\node_modules\winston-transport\modern.js:103:17)
    at doWrite (C:\Users\Nuruzzaman\AppData\Local\npm-cache\_npx\7750544ccf494d8b\node_modules\winston-transport\node_modules\readable-stream\lib\_stream_writable.js:390:139)
    at writeOrBuffer (C:\Users\Nuruzzaman\AppData\Local\npm-cache\_npx\7750544ccf494d8b\node_modules\winston-transport\node_modules\readable-stream\lib\_stream_writable.js:381:5)
    at Writable.write (C:\Users\Nuruzzaman\AppData\Local\npm-cache\_npx\7750544ccf494d8b\node_modules\winston-transport\node_modules\readable-stream\lib\_stream_writable.js:302:11)
    at DerivedLogger.ondata (C:\Users\Nuruzzaman\AppData\Local\npm-cache\_npx\7750544ccf494d8b\node_modules\winston\node_modules\readable-stream\lib\_stream_readable.js:629:20)
[error] 
[error] Error: An unexpected error has occurred.
[debug] [2026-06-09T09:11:43.354Z] Error: EPIPE: broken pipe, write
    at Socket._write (node:internal/net:63:18)
    at writeOrBuffer (node:internal/streams/writable:572:12)
    at _write (node:internal/streams/writable:501:10)
    at Writable.write (node:internal/streams/writable:510:10)
    at Console.log (C:\Users\Nuruzzaman\AppData\Local\npm-cache\_npx\7750544ccf494d8b\node_modules\winston\lib\winston\transports\console.js:87:23)
    at Console._write (C:\Users\Nuruzzaman\AppData\Local\npm-cache\_npx\7750544ccf494d8b\node_modules\winston-transport\modern.js:103:17)
    at doWrite (C:\Users\Nuruzzaman\AppData\Local\npm-cache\_npx\7750544ccf494d8b\node_modules\winston-transport\node_modules\readable-stream\lib\_stream_writable.js:390:139)
    at writeOrBuffer (C:\Users\Nuruzzaman\AppData\Local\npm-cache\_npx\7750544ccf494d8b\node_modules\winston-transport\node_modules\readable-stream\lib\_stream_writable.js:381:5)
    at Writable.write (C:\Users\Nuruzzaman\AppData\Local\npm-cache\_npx\7750544ccf494d8b\node_modules\winston-transport\node_modules\readable-stream\lib\_stream_writable.js:302:11)
    at DerivedLogger.ondata (C:\Users\Nuruzzaman\AppData\Local\npm-cache\_npx\7750544ccf494d8b\node_modules\winston\node_modules\readable-stream\lib\_stream_readable.js:629:20)
[error] 
[error] Error: An unexpected error has occurred.
[debug] [2026-06-09T09:11:43.354Z] Error: EPIPE: broken pipe, write
    at Socket._write (node:internal/net:63:18)
    at writeOrBuffer (node:internal/streams/writable:572:12)
    at _write (node:internal/streams/writable:501:10)
    at Writable.write (node:internal/streams/writable:510:10)
    at Console.log (C:\Users\Nuruzzaman\AppData\Local\npm-cache\_npx\7750544ccf494d8b\node_modules\winston\lib\winston\transports\console.js:87:23)
    at Console._write (C:\Users\Nuruzzaman\AppData\Local\npm-cache\_npx\7750544ccf494d8b\node_modules\winston-transport\modern.js:103:17)
    at doWrite (C:\Users\Nuruzzaman\AppData\Local\npm-cache\_npx\7750544ccf494d8b\node_modules\winston-transport\node_modules\readable-stream\lib\_stream_writable.js:390:139)
    at writeOrBuffer (C:\Users\Nuruzzaman\AppData\Local\npm-cache\_npx\7750544ccf494d8b\node_modules\winston-transport\node_modules\readable-stream\lib\_stream_writable.js:381:5)
    at Writable.write (C:\Users\Nuruzzaman\AppData\Local\npm-cache\_npx\7750544ccf494d8b\node_modules\winston-transport\node_modules\readable-stream\lib\_stream_writable.js:302:11)
    at DerivedLogger.ondata (C:\Users\Nuruzzaman\AppData\Local\npm-cache\_npx\7750544ccf494d8b\node_modules\winston\node_modules\readable-stream\lib\_stream_readable.js:629:20)
[error] 
[error] Error: An unexpected error has occurred.
[debug] [2026-06-09T09:11:43.354Z] Error: EPIPE: broken pipe, write
    at Socket._write (node:internal/net:63:18)
    at writeOrBuffer (node:internal/streams/writable:572:12)
    at _write (node:internal/streams/writable:501:10)
    at Writable.write (node:internal/streams/writable:510:10)
    at Console.log (C:\Users\Nuruzzaman\AppData\Local\npm-cache\_npx\7750544ccf494d8b\node_modules\winston\lib\winston\transports\console.js:87:23)
    at Console._write (C:\Users\Nuruzzaman\AppData\Local\npm-cache\_npx\7750544ccf494d8b\node_modules\winston-transport\modern.js:103:17)
    at doWrite (C:\Users\Nuruzzaman\AppData\Local\npm-cache\_npx\7750544ccf494d8b\node_modules\winston-transport\node_modules\readable-stream\lib\_stream_writable.js:390:139)
    at writeOrBuffer (C:\Users\Nuruzzaman\AppData\Local\npm-cache\_npx\7750544ccf494d8b\node_modules\winston-transport\node_modules\readable-stream\lib\_stream_writable.js:381:5)
    at Writable.write (C:\Users\Nuruzzaman\AppData\Local\npm-cache\_npx\7750544ccf494d8b\node_modules\winston-transport\node_modules\readable-stream\lib\_stream_writable.js:302:11)
    at DerivedLogger.ondata (C:\Users\Nuruzzaman\AppData\Local\npm-cache\_npx\7750544ccf494d8b\node_modules\winston\node_modules\readable-stream\lib\_stream_readable.js:629:20)
[error] 
[error] Error: An unexpected error has occurred.
[debug] [2026-06-09T09:11:43.354Z] Error: EPIPE: broken pipe, write
    at Socket._write (node:internal/net:63:18)
    at writeOrBuffer (node:internal/streams/writable:572:12)
    at _write (node:internal/streams/writable:501:10)
    at Writable.write (node:internal/streams/writable:510:10)
    at Console.log (C:\Users\Nuruzzaman\AppData\Local\npm-cache\_npx\7750544ccf494d8b\node_modules\winston\lib\winston\transports\console.js:87:23)
    at Console._write (C:\Users\Nuruzzaman\AppData\Local\npm-cache\_npx\7750544ccf494d8b\node_modules\winston-transport\modern.js:103:17)
    at doWrite (C:\Users\Nuruzzaman\AppData\Local\npm-cache\_npx\7750544ccf494d8b\node_modules\winston-transport\node_modules\readable-stream\lib\_stream_writable.js:390:139)
    at writeOrBuffer (C:\Users\Nuruzzaman\AppData\Local\npm-cache\_npx\7750544ccf494d8b\node_modules\winston-transport\node_modules\readable-stream\lib\_stream_writable.js:381:5)
    at Writable.write (C:\Users\Nuruzzaman\AppData\Local\npm-cache\_npx\7750544ccf494d8b\node_modules\winston-transport\node_modules\readable-stream\lib\_stream_writable.js:302:11)
    at DerivedLogger.ondata (C:\Users\Nuruzzaman\AppData\Local\npm-cache\_npx\7750544ccf494d8b\node_modules\winston\node_modules\readable-stream\lib\_stream_readable.js:629:20)
[error] 
[error] Error: An unexpected error has occurred.
[debug] [2026-06-09T09:11:43.355Z] Error: EPIPE: broken pipe, write
    at Socket._write (node:internal/net:63:18)
    at writeOrBuffer (node:internal/streams/writable:572:12)
    at _write (node:internal/streams/writable:501:10)
    at Writable.write (node:internal/streams/writable:510:10)
    at Console.log (C:\Users\Nuruzzaman\AppData\Local\npm-cache\_npx\7750544ccf494d8b\node_modules\winston\lib\winston\transports\console.js:87:23)
    at Console._write (C:\Users\Nuruzzaman\AppData\Local\npm-cache\_npx\7750544ccf494d8b\node_modules\winston-transport\modern.js:103:17)
    at doWrite (C:\Users\Nuruzzaman\AppData\Local\npm-cache\_npx\7750544ccf494d8b\node_modules\winston-transport\node_modules\readable-stream\lib\_stream_writable.js:390:139)
    at writeOrBuffer (C:\Users\Nuruzzaman\AppData\Local\npm-cache\_npx\7750544ccf494d8b\node_modules\winston-transport\node_modules\readable-stream\lib\_stream_writable.js:381:5)
    at Writable.write (C:\Users\Nuruzzaman\AppData\Local\npm-cache\_npx\7750544ccf494d8b\node_modules\winston-transport\node_modules\readable-stream\lib\_stream_writable.js:302:11)
    at DerivedLogger.ondata (C:\Users\Nuruzzaman\AppData\Local\npm-cache\_npx\7750544ccf494d8b\node_modules\winston\node_modules\readable-stream\lib\_stream_readable.js:629:20)
[error] 
[error] Error: An unexpected error has occurred.
[debug] [2026-06-09T09:11:43.355Z] Error: EPIPE: broken pipe, write
    at Socket._write (node:internal/net:63:18)
    at writeOrBuffer (node:internal/streams/writable:572:12)
    at _write (node:internal/streams/writable:501:10)
    at Writable.write (node:internal/streams/writable:510:10)
    at Console.log (C:\Users\Nuruzzaman\AppData\Local\npm-cache\_npx\7750544ccf494d8b\node_modules\winston\lib\winston\transports\console.js:87:23)
    at Console._write (C:\Users\Nuruzzaman\AppData\Local\npm-cache\_npx\7750544ccf494d8b\node_modules\winston-transport\modern.js:103:17)
    at doWrite (C:\Users\Nuruzzaman\AppData\Local\npm-cache\_npx\7750544ccf494d8b\node_modules\winston-transport\node_modules\readable-stream\lib\_stream_writable.js:390:139)
    at writeOrBuffer (C:\Users\Nuruzzaman\AppData\Local\npm-cache\_npx\7750544ccf494d8b\node_modules\winston-transport\node_modules\readable-stream\lib\_stream_writable.js:381:5)
    at Writable.write (C:\Users\Nuruzzaman\AppData\Local\npm-cache\_npx\7750544ccf494d8b\node_modules\winston-transport\node_modules\readable-stream\lib\_stream_writable.js:302:11)
    at DerivedLogger.ondata (C:\Users\Nuruzzaman\AppData\Local\npm-cache\_npx\7750544ccf494d8b\node_modules\winston\node_modules\readable-stream\lib\_stream_readable.js:629:20)
[error] 
[error] Error: An unexpected error has occurred.
[debug] [2026-06-09T09:11:43.355Z] Error: EPIPE: broken pipe, write
    at Socket._write (node:internal/net:63:18)
    at writeOrBuffer (node:internal/streams/writable:572:12)
    at _write (node:internal/streams/writable:501:10)
    at Writable.write (node:internal/streams/writable:510:10)
    at Console.log (C:\Users\Nuruzzaman\AppData\Local\npm-cache\_npx\7750544ccf494d8b\node_modules\winston\lib\winston\transports\console.js:87:23)
    at Console._write (C:\Users\Nuruzzaman\AppData\Local\npm-cache\_npx\7750544ccf494d8b\node_modules\winston-transport\modern.js:103:17)
    at doWrite (C:\Users\Nuruzzaman\AppData\Local\npm-cache\_npx\7750544ccf494d8b\node_modules\winston-transport\node_modules\readable-stream\lib\_stream_writable.js:390:139)
    at writeOrBuffer (C:\Users\Nuruzzaman\AppData\Local\npm-cache\_npx\7750544ccf494d8b\node_modules\winston-transport\node_modules\readable-stream\lib\_stream_writable.js:381:5)
    at Writable.write (C:\Users\Nuruzzaman\AppData\Local\npm-cache\_npx\7750544ccf494d8b\node_modules\winston-transport\node_modules\readable-stream\lib\_stream_writable.js:302:11)
    at DerivedLogger.ondata (C:\Users\Nuruzzaman\AppData\Local\npm-cache\_npx\7750544ccf494d8b\node_modules\winston\node_modules\readable-stream\lib\_stream_readable.js:629:20)
[error] 
[error] Error: An unexpected error has occurred.
[debug] [2026-06-09T09:11:43.355Z] Error: EPIPE: broken pipe, write
    at Socket._write (node:internal/net:63:18)
    at writeOrBuffer (node:internal/streams/writable:572:12)
    at _write (node:internal/streams/writable:501:10)
    at Writable.write (node:internal/streams/writable:510:10)
    at Console.log (C:\Users\Nuruzzaman\AppData\Local\npm-cache\_npx\7750544ccf494d8b\node_modules\winston\lib\winston\transports\console.js:87:23)
    at Console._write (C:\Users\Nuruzzaman\AppData\Local\npm-cache\_npx\7750544ccf494d8b\node_modules\winston-transport\modern.js:103:17)
    at doWrite (C:\Users\Nuruzzaman\AppData\Local\npm-cache\_npx\7750544ccf494d8b\node_modules\winston-transport\node_modules\readable-stream\lib\_stream_writable.js:390:139)
    at writeOrBuffer (C:\Users\Nuruzzaman\AppData\Local\npm-cache\_npx\7750544ccf494d8b\node_modules\winston-transport\node_modules\readable-stream\lib\_stream_writable.js:381:5)
    at Writable.write (C:\Users\Nuruzzaman\AppData\Local\npm-cache\_npx\7750544ccf494d8b\node_modules\winston-transport\node_modules\readable-stream\lib\_stream_writable.js:302:11)
    at DerivedLogger.ondata (C:\Users\Nuruzzaman\AppData\Local\npm-cache\_npx\7750544ccf494d8b\node_modules\winston\node_modules\readable-stream\lib\_stream_readable.js:629:20)
[error] 
[error] Error: An unexpected error has occurred.
[debug] [2026-06-09T09:11:43.355Z] Error: EPIPE: broken pipe, write
    at Socket._write (node:internal/net:63:18)
    at writeOrBuffer (node:internal/streams/writable:572:12)
    at _write (node:internal/streams/writable:501:10)
    at Writable.write (node:internal/streams/writable:510:10)
    at Console.log (C:\Users\Nuruzzaman\AppData\Local\npm-cache\_npx\7750544ccf494d8b\node_modules\winston\lib\winston\transports\console.js:87:23)
    at Console._write (C:\Users\Nuruzzaman\AppData\Local\npm-cache\_npx\7750544ccf494d8b\node_modules\winston-transport\modern.js:103:17)
    at doWrite (C:\Users\Nuruzzaman\AppData\Local\npm-cache\_npx\7750544ccf494d8b\node_modules\winston-transport\node_modules\readable-stream\lib\_stream_writable.js:390:139)
    at writeOrBuffer (C:\Users\Nuruzzaman\AppData\Local\npm-cache\_npx\7750544ccf494d8b\node_modules\winston-transport\node_modules\readable-stream\lib\_stream_writable.js:381:5)
    at Writable.write (C:\Users\Nuruzzaman\AppData\Local\npm-cache\_npx\7750544ccf494d8b\node_modules\winston-transport\node_modules\readable-stream\lib\_stream_writable.js:302:11)
    at DerivedLogger.ondata (C:\Users\Nuruzzaman\AppData\Local\npm-cache\_npx\7750544ccf494d8b\node_modules\winston\node_modules\readable-stream\lib\_stream_readable.js:629:20)
[error] 
[error] Error: An unexpected error has occurred.
[debug] [2026-06-09T09:11:43.356Z] Error: EPIPE: broken pipe, write
    at Socket._write (node:internal/net:63:18)
    at writeOrBuffer (node:internal/streams/writable:572:12)
    at _write (node:internal/streams/writable:501:10)
    at Writable.write (node:internal/streams/writable:510:10)
    at Console.log (C:\Users\Nuruzzaman\AppData\Local\npm-cache\_npx\7750544ccf494d8b\node_modules\winston\lib\winston\transports\console.js:87:23)
    at Console._write (C:\Users\Nuruzzaman\AppData\Local\npm-cache\_npx\7750544ccf494d8b\node_modules\winston-transport\modern.js:103:17)
    at doWrite (C:\Users\Nuruzzaman\AppData\Local\npm-cache\_npx\7750544ccf494d8b\node_modules\winston-transport\node_modules\readable-stream\lib\_stream_writable.js:390:139)
    at writeOrBuffer (C:\Users\Nuruzzaman\AppData\Local\npm-cache\_npx\7750544ccf494d8b\node_modules\winston-transport\node_modules\readable-stream\lib\_stream_writable.js:381:5)
    at Writable.write (C:\Users\Nuruzzaman\AppData\Local\npm-cache\_npx\7750544ccf494d8b\node_modules\winston-transport\node_modules\readable-stream\lib\_stream_writable.js:302:11)
    at DerivedLogger.ondata (C:\Users\Nuruzzaman\AppData\Local\npm-cache\_npx\7750544ccf494d8b\node_modules\winston\node_modules\readable-stream\lib\_stream_readable.js:629:20)
[error] 
[error] Error: An unexpected error has occurred.
[debug] [2026-06-09T09:11:43.356Z] Error: EPIPE: broken pipe, write
    at Socket._write (node:internal/net:63:18)
    at writeOrBuffer (node:internal/streams/writable:572:12)
    at _write (node:internal/streams/writable:501:10)
    at Writable.write (node:internal/streams/writable:510:10)
    at Console.log (C:\Users\Nuruzzaman\AppData\Local\npm-cache\_npx\7750544ccf494d8b\node_modules\winston\lib\winston\transports\console.js:87:23)
    at Console._write (C:\Users\Nuruzzaman\AppData\Local\npm-cache\_npx\7750544ccf494d8b\node_modules\winston-transport\modern.js:103:17)
    at doWrite (C:\Users\Nuruzzaman\AppData\Local\npm-cache\_npx\7750544ccf494d8b\node_modules\winston-transport\node_modules\readable-stream\lib\_stream_writable.js:390:139)
    at writeOrBuffer (C:\Users\Nuruzzaman\AppData\Local\npm-cache\_npx\7750544ccf494d8b\node_modules\winston-transport\node_modules\readable-stream\lib\_stream_writable.js:381:5)
    at Writable.write (C:\Users\Nuruzzaman\AppData\Local\npm-cache\_npx\7750544ccf494d8b\node_modules\winston-transport\node_modules\readable-stream\lib\_stream_writable.js:302:11)
    at DerivedLogger.ondata (C:\Users\Nuruzzaman\AppData\Local\npm-cache\_npx\7750544ccf494d8b\node_modules\winston\node_modules\readable-stream\lib\_stream_readable.js:629:20)
[error] 
[error] Error: An unexpected error has occurred.
[debug] [2026-06-09T09:11:43.357Z] Error: EPIPE: broken pipe, write
    at Socket._write (node:internal/net:63:18)
    at writeOrBuffer (node:internal/streams/writable:572:12)
    at _write (node:internal/streams/writable:501:10)
    at Writable.write (node:internal/streams/writable:510:10)
    at Console.log (C:\Users\Nuruzzaman\AppData\Local\npm-cache\_npx\7750544ccf494d8b\node_modules\winston\lib\winston\transports\console.js:87:23)
    at Console._write (C:\Users\Nuruzzaman\AppData\Local\npm-cache\_npx\7750544ccf494d8b\node_modules\winston-transport\modern.js:103:17)
    at doWrite (C:\Users\Nuruzzaman\AppData\Local\npm-cache\_npx\7750544ccf494d8b\node_modules\winston-transport\node_modules\readable-stream\lib\_stream_writable.js:390:139)
    at writeOrBuffer (C:\Users\Nuruzzaman\AppData\Local\npm-cache\_npx\7750544ccf494d8b\node_modules\winston-transport\node_modules\readable-stream\lib\_stream_writable.js:381:5)
    at Writable.write (C:\Users\Nuruzzaman\AppData\Local\npm-cache\_npx\7750544ccf494d8b\node_modules\winston-transport\node_modules\readable-stream\lib\_stream_writable.js:302:11)
    at DerivedLogger.ondata (C:\Users\Nuruzzaman\AppData\Local\npm-cache\_npx\7750544ccf494d8b\node_modules\winston\node_modules\readable-stream\lib\_stream_readable.js:629:20)
[error] 
[error] Error: An unexpected error has occurred.
[debug] [2026-06-09T09:11:43.357Z] Error: EPIPE: broken pipe, write
    at Socket._write (node:internal/net:63:18)
    at writeOrBuffer (node:internal/streams/writable:572:12)
    at _write (node:internal/streams/writable:501:10)
    at Writable.write (node:internal/streams/writable:510:10)
    at Console.log (C:\Users\Nuruzzaman\AppData\Local\npm-cache\_npx\7750544ccf494d8b\node_modules\winston\lib\winston\transports\console.js:87:23)
    at Console._write (C:\Users\Nuruzzaman\AppData\Local\npm-cache\_npx\7750544ccf494d8b\node_modules\winston-transport\modern.js:103:17)
    at doWrite (C:\Users\Nuruzzaman\AppData\Local\npm-cache\_npx\7750544ccf494d8b\node_modules\winston-transport\node_modules\readable-stream\lib\_stream_writable.js:390:139)
    at writeOrBuffer (C:\Users\Nuruzzaman\AppData\Local\npm-cache\_npx\7750544ccf494d8b\node_modules\winston-transport\node_modules\readable-stream\lib\_stream_writable.js:381:5)
    at Writable.write (C:\Users\Nuruzzaman\AppData\Local\npm-cache\_npx\7750544ccf494d8b\node_modules\winston-transport\node_modules\readable-stream\lib\_stream_writable.js:302:11)
    at DerivedLogger.ondata (C:\Users\Nuruzzaman\AppData\Local\npm-cache\_npx\7750544ccf494d8b\node_modules\winston\node_modules\readable-stream\lib\_stream_readable.js:629:20)
[error] 
[error] Error: An unexpected error has occurred.
[debug] [2026-06-09T09:11:43.357Z] Error: EPIPE: broken pipe, write
    at Socket._write (node:internal/net:63:18)
    at writeOrBuffer (node:internal/streams/writable:572:12)
    at _write (node:internal/streams/writable:501:10)
    at Writable.write (node:internal/streams/writable:510:10)
    at Console.log (C:\Users\Nuruzzaman\AppData\Local\npm-cache\_npx\7750544ccf494d8b\node_modules\winston\lib\winston\transports\console.js:87:23)
    at Console._write (C:\Users\Nuruzzaman\AppData\Local\npm-cache\_npx\7750544ccf494d8b\node_modules\winston-transport\modern.js:103:17)
    at doWrite (C:\Users\Nuruzzaman\AppData\Local\npm-cache\_npx\7750544ccf494d8b\node_modules\winston-transport\node_modules\readable-stream\lib\_stream_writable.js:390:139)
    at writeOrBuffer (C:\Users\Nuruzzaman\AppData\Local\npm-cache\_npx\7750544ccf494d8b\node_modules\winston-transport\node_modules\readable-stream\lib\_stream_writable.js:381:5)
    at Writable.write (C:\Users\Nuruzzaman\AppData\Local\npm-cache\_npx\7750544ccf494d8b\node_modules\winston-transport\node_modules\readable-stream\lib\_stream_writable.js:302:11)
    at DerivedLogger.ondata (C:\Users\Nuruzzaman\AppData\Local\npm-cache\_npx\7750544ccf494d8b\node_modules\winston\node_modules\readable-stream\lib\_stream_readable.js:629:20)
[error] 
[error] Error: An unexpected error has occurred.
[debug] [2026-06-09T09:11:43.358Z] Error: EPIPE: broken pipe, write
    at Socket._write (node:internal/net:63:18)
    at writeOrBuffer (node:internal/streams/writable:572:12)
    at _write (node:internal/streams/writable:501:10)
    at Writable.write (node:internal/streams/writable:510:10)
    at Console.log (C:\Users\Nuruzzaman\AppData\Local\npm-cache\_npx\7750544ccf494d8b\node_modules\winston\lib\winston\transports\console.js:87:23)
    at Console._write (C:\Users\Nuruzzaman\AppData\Local\npm-cache\_npx\7750544ccf494d8b\node_modules\winston-transport\modern.js:103:17)
    at doWrite (C:\Users\Nuruzzaman\AppData\Local\npm-cache\_npx\7750544ccf494d8b\node_modules\winston-transport\node_modules\readable-stream\lib\_stream_writable.js:390:139)
    at writeOrBuffer (C:\Users\Nuruzzaman\AppData\Local\npm-cache\_npx\7750544ccf494d8b\node_modules\winston-transport\node_modules\readable-stream\lib\_stream_writable.js:381:5)
    at Writable.write (C:\Users\Nuruzzaman\AppData\Local\npm-cache\_npx\7750544ccf494d8b\node_modules\winston-transport\node_modules\readable-stream\lib\_stream_writable.js:302:11)
    at DerivedLogger.ondata (C:\Users\Nuruzzaman\AppData\Local\npm-cache\_npx\7750544ccf494d8b\node_modules\winston\node_modules\readable-stream\lib\_stream_readable.js:629:20)
[error] 
[error] Error: An unexpected error has occurred.
[debug] [2026-06-09T09:11:43.358Z] Error: EPIPE: broken pipe, write
    at Socket._write (node:internal/net:63:18)
    at writeOrBuffer (node:internal/streams/writable:572:12)
    at _write (node:internal/streams/writable:501:10)
    at Writable.write (node:internal/streams/writable:510:10)
    at Console.log (C:\Users\Nuruzzaman\AppData\Local\npm-cache\_npx\7750544ccf494d8b\node_modules\winston\lib\winston\transports\console.js:87:23)
    at Console._write (C:\Users\Nuruzzaman\AppData\Local\npm-cache\_npx\7750544ccf494d8b\node_modules\winston-transport\modern.js:103:17)
    at doWrite (C:\Users\Nuruzzaman\AppData\Local\npm-cache\_npx\7750544ccf494d8b\node_modules\winston-transport\node_modules\readable-stream\lib\_stream_writable.js:390:139)
    at writeOrBuffer (C:\Users\Nuruzzaman\AppData\Local\npm-cache\_npx\7750544ccf494d8b\node_modules\winston-transport\node_modules\readable-stream\lib\_stream_writable.js:381:5)
    at Writable.write (C:\Users\Nuruzzaman\AppData\Local\npm-cache\_npx\7750544ccf494d8b\node_modules\winston-transport\node_modules\readable-stream\lib\_stream_writable.js:302:11)
    at DerivedLogger.ondata (C:\Users\Nuruzzaman\AppData\Local\npm-cache\_npx\7750544ccf494d8b\node_modules\winston\node_modules\readable-stream\lib\_stream_readable.js:629:20)
[error] 
[error] Error: An unexpected error has occurred.
[debug] [2026-06-09T09:11:43.358Z] Error: EPIPE: broken pipe, write
    at Socket._write (node:internal/net:63:18)
    at writeOrBuffer (node:internal/streams/writable:572:12)
    at _write (node:internal/streams/writable:501:10)
    at Writable.write (node:internal/streams/writable:510:10)
    at Console.log (C:\Users\Nuruzzaman\AppData\Local\npm-cache\_npx\7750544ccf494d8b\node_modules\winston\lib\winston\transports\console.js:87:23)
    at Console._write (C:\Users\Nuruzzaman\AppData\Local\npm-cache\_npx\7750544ccf494d8b\node_modules\winston-transport\modern.js:103:17)
    at doWrite (C:\Users\Nuruzzaman\AppData\Local\npm-cache\_npx\7750544ccf494d8b\node_modules\winston-transport\node_modules\readable-stream\lib\_stream_writable.js:390:139)
    at writeOrBuffer (C:\Users\Nuruzzaman\AppData\Local\npm-cache\_npx\7750544ccf494d8b\node_modules\winston-transport\node_modules\readable-stream\lib\_stream_writable.js:381:5)
    at Writable.write (C:\Users\Nuruzzaman\AppData\Local\npm-cache\_npx\7750544ccf494d8b\node_modules\winston-transport\node_modules\readable-stream\lib\_stream_writable.js:302:11)
    at DerivedLogger.ondata (C:\Users\Nuruzzaman\AppData\Local\npm-cache\_npx\7750544ccf494d8b\node_modules\winston\node_modules\readable-stream\lib\_stream_readable.js:629:20)
[error] 
[error] Error: An unexpected error has occurred.
[debug] [2026-06-09T09:11:43.358Z] Error: EPIPE: broken pipe, write
    at Socket._write (node:internal/net:63:18)
    at writeOrBuffer (node:internal/streams/writable:572:12)
    at _write (node:internal/streams/writable:501:10)
    at Writable.write (node:internal/streams/writable:510:10)
    at Console.log (C:\Users\Nuruzzaman\AppData\Local\npm-cache\_npx\7750544ccf494d8b\node_modules\winston\lib\winston\transports\console.js:87:23)
    at Console._write (C:\Users\Nuruzzaman\AppData\Local\npm-cache\_npx\7750544ccf494d8b\node_modules\winston-transport\modern.js:103:17)
    at doWrite (C:\Users\Nuruzzaman\AppData\Local\npm-cache\_npx\7750544ccf494d8b\node_modules\winston-transport\node_modules\readable-stream\lib\_stream_writable.js:390:139)
    at writeOrBuffer (C:\Users\Nuruzzaman\AppData\Local\npm-cache\_npx\7750544ccf494d8b\node_modules\winston-transport\node_modules\readable-stream\lib\_stream_writable.js:381:5)
    at Writable.write (C:\Users\Nuruzzaman\AppData\Local\npm-cache\_npx\7750544ccf494d8b\node_modules\winston-transport\node_modules\readable-stream\lib\_stream_writable.js:302:11)
    at DerivedLogger.ondata (C:\Users\Nuruzzaman\AppData\Local\npm-cache\_npx\7750544ccf494d8b\node_modules\winston\node_modules\readable-stream\lib\_stream_readable.js:629:20)
[error] 
[error] Error: An unexpected error has occurred.
[debug] [2026-06-09T09:11:43.359Z] Error: EPIPE: broken pipe, write
    at Socket._write (node:internal/net:63:18)
    at writeOrBuffer (node:internal/streams/writable:572:12)
    at _write (node:internal/streams/writable:501:10)
    at Writable.write (node:internal/streams/writable:510:10)
    at Console.log (C:\Users\Nuruzzaman\AppData\Local\npm-cache\_npx\7750544ccf494d8b\node_modules\winston\lib\winston\transports\console.js:87:23)
    at Console._write (C:\Users\Nuruzzaman\AppData\Local\npm-cache\_npx\7750544ccf494d8b\node_modules\winston-transport\modern.js:103:17)
    at doWrite (C:\Users\Nuruzzaman\AppData\Local\npm-cache\_npx\7750544ccf494d8b\node_modules\winston-transport\node_modules\readable-stream\lib\_stream_writable.js:390:139)
    at writeOrBuffer (C:\Users\Nuruzzaman\AppData\Local\npm-cache\_npx\7750544ccf494d8b\node_modules\winston-transport\node_modules\readable-stream\lib\_stream_writable.js:381:5)
    at Writable.write (C:\Users\Nuruzzaman\AppData\Local\npm-cache\_npx\7750544ccf494d8b\node_modules\winston-transport\node_modules\readable-stream\lib\_stream_writable.js:302:11)
    at DerivedLogger.ondata (C:\Users\Nuruzzaman\AppData\Local\npm-cache\_npx\7750544ccf494d8b\node_modules\winston\node_modules\readable-stream\lib\_stream_readable.js:629:20)
[error] 
[error] Error: An unexpected error has occurred.
[debug] [2026-06-09T09:11:43.359Z] Error: EPIPE: broken pipe, write
    at Socket._write (node:internal/net:63:18)
    at writeOrBuffer (node:internal/streams/writable:572:12)
    at _write (node:internal/streams/writable:501:10)
    at Writable.write (node:internal/streams/writable:510:10)
    at Console.log (C:\Users\Nuruzzaman\AppData\Local\npm-cache\_npx\7750544ccf494d8b\node_modules\winston\lib\winston\transports\console.js:87:23)
    at Console._write (C:\Users\Nuruzzaman\AppData\Local\npm-cache\_npx\7750544ccf494d8b\node_modules\winston-transport\modern.js:103:17)
    at doWrite (C:\Users\Nuruzzaman\AppData\Local\npm-cache\_npx\7750544ccf494d8b\node_modules\winston-transport\node_modules\readable-stream\lib\_stream_writable.js:390:139)
    at writeOrBuffer (C:\Users\Nuruzzaman\AppData\Local\npm-cache\_npx\7750544ccf494d8b\node_modules\winston-transport\node_modules\readable-stream\lib\_stream_writable.js:381:5)
    at Writable.write (C:\Users\Nuruzzaman\AppData\Local\npm-cache\_npx\7750544ccf494d8b\node_modules\winston-transport\node_modules\readable-stream\lib\_stream_writable.js:302:11)
    at DerivedLogger.ondata (C:\Users\Nuruzzaman\AppData\Local\npm-cache\_npx\7750544ccf494d8b\node_modules\winston\node_modules\readable-stream\lib\_stream_readable.js:629:20)
[error] 
[error] Error: An unexpected error has occurred.
[debug] [2026-06-09T09:11:43.359Z] Error: EPIPE: broken pipe, write
    at Socket._write (node:internal/net:63:18)
    at writeOrBuffer (node:internal/streams/writable:572:12)
    at _write (node:internal/streams/writable:501:10)
    at Writable.write (node:internal/streams/writable:510:10)
    at Console.log (C:\Users\Nuruzzaman\AppData\Local\npm-cache\_npx\7750544ccf494d8b\node_modules\winston\lib\winston\transports\console.js:87:23)
    at Console._write (C:\Users\Nuruzzaman\AppData\Local\npm-cache\_npx\7750544ccf494d8b\node_modules\winston-transport\modern.js:103:17)
    at doWrite (C:\Users\Nuruzzaman\AppData\Local\npm-cache\_npx\7750544ccf494d8b\node_modules\winston-transport\node_modules\readable-stream\lib\_stream_writable.js:390:139)
    at writeOrBuffer (C:\Users\Nuruzzaman\AppData\Local\npm-cache\_npx\7750544ccf494d8b\node_modules\winston-transport\node_modules\readable-stream\lib\_stream_writable.js:381:5)
    at Writable.write (C:\Users\Nuruzzaman\AppData\Local\npm-cache\_npx\7750544ccf494d8b\node_modules\winston-transport\node_modules\readable-stream\lib\_stream_writable.js:302:11)
    at DerivedLogger.ondata (C:\Users\Nuruzzaman\AppData\Local\npm-cache\_npx\7750544ccf494d8b\node_modules\winston\node_modules\readable-stream\lib\_stream_readable.js:629:20)
[error] 
[error] Error: An unexpected error has occurred.
[debug] [2026-06-09T09:11:43.359Z] Error: EPIPE: broken pipe, write
    at Socket._write (node:internal/net:63:18)
    at writeOrBuffer (node:internal/streams/writable:572:12)
    at _write (node:internal/streams/writable:501:10)
    at Writable.write (node:internal/streams/writable:510:10)
    at Console.log (C:\Users\Nuruzzaman\AppData\Local\npm-cache\_npx\7750544ccf494d8b\node_modules\winston\lib\winston\transports\console.js:87:23)
    at Console._write (C:\Users\Nuruzzaman\AppData\Local\npm-cache\_npx\7750544ccf494d8b\node_modules\winston-transport\modern.js:103:17)
    at doWrite (C:\Users\Nuruzzaman\AppData\Local\npm-cache\_npx\7750544ccf494d8b\node_modules\winston-transport\node_modules\readable-stream\lib\_stream_writable.js:390:139)
    at writeOrBuffer (C:\Users\Nuruzzaman\AppData\Local\npm-cache\_npx\7750544ccf494d8b\node_modules\winston-transport\node_modules\readable-stream\lib\_stream_writable.js:381:5)
    at Writable.write (C:\Users\Nuruzzaman\AppData\Local\npm-cache\_npx\7750544ccf494d8b\node_modules\winston-transport\node_modules\readable-stream\lib\_stream_writable.js:302:11)
    at DerivedLogger.ondata (C:\Users\Nuruzzaman\AppData\Local\npm-cache\_npx\7750544ccf494d8b\node_modules\winston\node_modules\readable-stream\lib\_stream_readable.js:629:20)
[error] 
[error] Error: An unexpected error has occurred.
[debug] [2026-06-09T09:11:43.359Z] Error: EPIPE: broken pipe, write
    at Socket._write (node:internal/net:63:18)
    at writeOrBuffer (node:internal/streams/writable:572:12)
    at _write (node:internal/streams/writable:501:10)
    at Writable.write (node:internal/streams/writable:510:10)
    at Console.log (C:\Users\Nuruzzaman\AppData\Local\npm-cache\_npx\7750544ccf494d8b\node_modules\winston\lib\winston\transports\console.js:87:23)
    at Console._write (C:\Users\Nuruzzaman\AppData\Local\npm-cache\_npx\7750544ccf494d8b\node_modules\winston-transport\modern.js:103:17)
    at doWrite (C:\Users\Nuruzzaman\AppData\Local\npm-cache\_npx\7750544ccf494d8b\node_modules\winston-transport\node_modules\readable-stream\lib\_stream_writable.js:390:139)
    at writeOrBuffer (C:\Users\Nuruzzaman\AppData\Local\npm-cache\_npx\7750544ccf494d8b\node_modules\winston-transport\node_modules\readable-stream\lib\_stream_writable.js:381:5)
    at Writable.write (C:\Users\Nuruzzaman\AppData\Local\npm-cache\_npx\7750544ccf494d8b\node_modules\winston-transport\node_modules\readable-stream\lib\_stream_writable.js:302:11)
    at DerivedLogger.ondata (C:\Users\Nuruzzaman\AppData\Local\npm-cache\_npx\7750544ccf494d8b\node_modules\winston\node_modules\readable-stream\lib\_stream_readable.js:629:20)
[error] 
[error] Error: An unexpected error has occurred.
[debug] [2026-06-09T09:11:43.360Z] Error: EPIPE: broken pipe, write
    at Socket._write (node:internal/net:63:18)
    at writeOrBuffer (node:internal/streams/writable:572:12)
    at _write (node:internal/streams/writable:501:10)
    at Writable.write (node:internal/streams/writable:510:10)
    at Console.log (C:\Users\Nuruzzaman\AppData\Local\npm-cache\_npx\7750544ccf494d8b\node_modules\winston\lib\winston\transports\console.js:87:23)
    at Console._write (C:\Users\Nuruzzaman\AppData\Local\npm-cache\_npx\7750544ccf494d8b\node_modules\winston-transport\modern.js:103:17)
    at doWrite (C:\Users\Nuruzzaman\AppData\Local\npm-cache\_npx\7750544ccf494d8b\node_modules\winston-transport\node_modules\readable-stream\lib\_stream_writable.js:390:139)
    at writeOrBuffer (C:\Users\Nuruzzaman\AppData\Local\npm-cache\_npx\7750544ccf494d8b\node_modules\winston-transport\node_modules\readable-stream\lib\_stream_writable.js:381:5)
    at Writable.write (C:\Users\Nuruzzaman\AppData\Local\npm-cache\_npx\7750544ccf494d8b\node_modules\winston-transport\node_modules\readable-stream\lib\_stream_writable.js:302:11)
    at DerivedLogger.ondata (C:\Users\Nuruzzaman\AppData\Local\npm-cache\_npx\7750544ccf494d8b\node_modules\winston\node_modules\readable-stream\lib\_stream_readable.js:629:20)
[error] 
[error] Error: An unexpected error has occurred.
[debug] [2026-06-09T09:11:43.361Z] Error: EPIPE: broken pipe, write
    at Socket._write (node:internal/net:63:18)
    at writeOrBuffer (node:internal/streams/writable:572:12)
    at _write (node:internal/streams/writable:501:10)
    at Writable.write (node:internal/streams/writable:510:10)
    at Console.log (C:\Users\Nuruzzaman\AppData\Local\npm-cache\_npx\7750544ccf494d8b\node_modules\winston\lib\winston\transports\console.js:87:23)
    at Console._write (C:\Users\Nuruzzaman\AppData\Local\npm-cache\_npx\7750544ccf494d8b\node_modules\winston-transport\modern.js:103:17)
    at doWrite (C:\Users\Nuruzzaman\AppData\Local\npm-cache\_npx\7750544ccf494d8b\node_modules\winston-transport\node_modules\readable-stream\lib\_stream_writable.js:390:139)
    at writeOrBuffer (C:\Users\Nuruzzaman\AppData\Local\npm-cache\_npx\7750544ccf494d8b\node_modules\winston-transport\node_modules\readable-stream\lib\_stream_writable.js:381:5)
    at Writable.write (C:\Users\Nuruzzaman\AppData\Local\npm-cache\_npx\7750544ccf494d8b\node_modules\winston-transport\node_modules\readable-stream\lib\_stream_writable.js:302:11)
    at DerivedLogger.ondata (C:\Users\Nuruzzaman\AppData\Local\npm-cache\_npx\7750544ccf494d8b\node_modules\winston\node_modules\readable-stream\lib\_stream_readable.js:629:20)
[error] 
[error] Error: An unexpected error has occurred.
[debug] [2026-06-09T09:11:43.362Z] Error: EPIPE: broken pipe, write
    at Socket._write (node:internal/net:63:18)
    at writeOrBuffer (node:internal/streams/writable:572:12)
    at _write (node:internal/streams/writable:501:10)
    at Writable.write (node:internal/streams/writable:510:10)
    at Console.log (C:\Users\Nuruzzaman\AppData\Local\npm-cache\_npx\7750544ccf494d8b\node_modules\winston\lib\winston\transports\console.js:87:23)
    at Console._write (C:\Users\Nuruzzaman\AppData\Local\npm-cache\_npx\7750544ccf494d8b\node_modules\winston-transport\modern.js:103:17)
    at doWrite (C:\Users\Nuruzzaman\AppData\Local\npm-cache\_npx\7750544ccf494d8b\node_modules\winston-transport\node_modules\readable-stream\lib\_stream_writable.js:390:139)
    at writeOrBuffer (C:\Users\Nuruzzaman\AppData\Local\npm-cache\_npx\7750544ccf494d8b\node_modules\winston-transport\node_modules\readable-stream\lib\_stream_writable.js:381:5)
    at Writable.write (C:\Users\Nuruzzaman\AppData\Local\npm-cache\_npx\7750544ccf494d8b\node_modules\winston-transport\node_modules\readable-stream\lib\_stream_writable.js:302:11)
    at DerivedLogger.ondata (C:\Users\Nuruzzaman\AppData\Local\npm-cache\_npx\7750544ccf494d8b\node_modules\winston\node_modules\readable-stream\lib\_stream_readable.js:629:20)
[error] 
[error] Error: An unexpected error has occurred.
[debug] [2026-06-09T09:11:43.362Z] Error: EPIPE: broken pipe, write
    at Socket._write (node:internal/net:63:18)
    at writeOrBuffer (node:internal/streams/writable:572:12)
    at _write (node:internal/streams/writable:501:10)
    at Writable.write (node:internal/streams/writable:510:10)
    at Console.log (C:\Users\Nuruzzaman\AppData\Local\npm-cache\_npx\7750544ccf494d8b\node_modules\winston\lib\winston\transports\console.js:87:23)
    at Console._write (C:\Users\Nuruzzaman\AppData\Local\npm-cache\_npx\7750544ccf494d8b\node_modules\winston-transport\modern.js:103:17)
    at doWrite (C:\Users\Nuruzzaman\AppData\Local\npm-cache\_npx\7750544ccf494d8b\node_modules\winston-transport\node_modules\readable-stream\lib\_stream_writable.js:390:139)
    at writeOrBuffer (C:\Users\Nuruzzaman\AppData\Local\npm-cache\_npx\7750544ccf494d8b\node_modules\winston-transport\node_modules\readable-stream\lib\_stream_writable.js:381:5)
    at Writable.write (C:\Users\Nuruzzaman\AppData\Local\npm-cache\_npx\7750544ccf494d8b\node_modules\winston-transport\node_modules\readable-stream\lib\_stream_writable.js:302:11)
    at DerivedLogger.ondata (C:\Users\Nuruzzaman\AppData\Local\npm-cache\_npx\7750544ccf494d8b\node_modules\winston\node_modules\readable-stream\lib\_stream_readable.js:629:20)
[error] 
[error] Error: An unexpected error has occurred.
[debug] [2026-06-09T09:11:43.362Z] Error: EPIPE: broken pipe, write
    at Socket._write (node:internal/net:63:18)
    at writeOrBuffer (node:internal/streams/writable:572:12)
    at _write (node:internal/streams/writable:501:10)
    at Writable.write (node:internal/streams/writable:510:10)
    at Console.log (C:\Users\Nuruzzaman\AppData\Local\npm-cache\_npx\7750544ccf494d8b\node_modules\winston\lib\winston\transports\console.js:87:23)
    at Console._write (C:\Users\Nuruzzaman\AppData\Local\npm-cache\_npx\7750544ccf494d8b\node_modules\winston-transport\modern.js:103:17)
    at doWrite (C:\Users\Nuruzzaman\AppData\Local\npm-cache\_npx\7750544ccf494d8b\node_modules\winston-transport\node_modules\readable-stream\lib\_stream_writable.js:390:139)
    at writeOrBuffer (C:\Users\Nuruzzaman\AppData\Local\npm-cache\_npx\7750544ccf494d8b\node_modules\winston-transport\node_modules\readable-stream\lib\_stream_writable.js:381:5)
    at Writable.write (C:\Users\Nuruzzaman\AppData\Local\npm-cache\_npx\7750544ccf494d8b\node_modules\winston-transport\node_modules\readable-stream\lib\_stream_writable.js:302:11)
    at DerivedLogger.ondata (C:\Users\Nuruzzaman\AppData\Local\npm-cache\_npx\7750544ccf494d8b\node_modules\winston\node_modules\readable-stream\lib\_stream_readable.js:629:20)
[error] 
[error] Error: An unexpected error has occurred.
[debug] [2026-06-09T09:11:43.362Z] Error: EPIPE: broken pipe, write
    at Socket._write (node:internal/net:63:18)
    at writeOrBuffer (node:internal/streams/writable:572:12)
    at _write (node:internal/streams/writable:501:10)
    at Writable.write (node:internal/streams/writable:510:10)
    at Console.log (C:\Users\Nuruzzaman\AppData\Local\npm-cache\_npx\7750544ccf494d8b\node_modules\winston\lib\winston\transports\console.js:87:23)
    at Console._write (C:\Users\Nuruzzaman\AppData\Local\npm-cache\_npx\7750544ccf494d8b\node_modules\winston-transport\modern.js:103:17)
    at doWrite (C:\Users\Nuruzzaman\AppData\Local\npm-cache\_npx\7750544ccf494d8b\node_modules\winston-transport\node_modules\readable-stream\lib\_stream_writable.js:390:139)
    at writeOrBuffer (C:\Users\Nuruzzaman\AppData\Local\npm-cache\_npx\7750544ccf494d8b\node_modules\winston-transport\node_modules\readable-stream\lib\_stream_writable.js:381:5)
    at Writable.write (C:\Users\Nuruzzaman\AppData\Local\npm-cache\_npx\7750544ccf494d8b\node_modules\winston-transport\node_modules\readable-stream\lib\_stream_writable.js:302:11)
    at DerivedLogger.ondata (C:\Users\Nuruzzaman\AppData\Local\npm-cache\_npx\7750544ccf494d8b\node_modules\winston\node_modules\readable-stream\lib\_stream_readable.js:629:20)
[error] 
[error] Error: An unexpected error has occurred.
[debug] [2026-06-09T09:11:43.363Z] Error: EPIPE: broken pipe, write
    at Socket._write (node:internal/net:63:18)
    at writeOrBuffer (node:internal/streams/writable:572:12)
    at _write (node:internal/streams/writable:501:10)
    at Writable.write (node:internal/streams/writable:510:10)
    at Console.log (C:\Users\Nuruzzaman\AppData\Local\npm-cache\_npx\7750544ccf494d8b\node_modules\winston\lib\winston\transports\console.js:87:23)
    at Console._write (C:\Users\Nuruzzaman\AppData\Local\npm-cache\_npx\7750544ccf494d8b\node_modules\winston-transport\modern.js:103:17)
    at doWrite (C:\Users\Nuruzzaman\AppData\Local\npm-cache\_npx\7750544ccf494d8b\node_modules\winston-transport\node_modules\readable-stream\lib\_stream_writable.js:390:139)
    at writeOrBuffer (C:\Users\Nuruzzaman\AppData\Local\npm-cache\_npx\7750544ccf494d8b\node_modules\winston-transport\node_modules\readable-stream\lib\_stream_writable.js:381:5)
    at Writable.write (C:\Users\Nuruzzaman\AppData\Local\npm-cache\_npx\7750544ccf494d8b\node_modules\winston-transport\node_modules\readable-stream\lib\_stream_writable.js:302:11)
    at DerivedLogger.ondata (C:\Users\Nuruzzaman\AppData\Local\npm-cache\_npx\7750544ccf494d8b\node_modules\winston\node_modules\readable-stream\lib\_stream_readable.js:629:20)
[error] 
[error] Error: An unexpected error has occurred.
[debug] [2026-06-09T09:11:43.363Z] Error: EPIPE: broken pipe, write
    at Socket._write (node:internal/net:63:18)
    at writeOrBuffer (node:internal/streams/writable:572:12)
    at _write (node:internal/streams/writable:501:10)
    at Writable.write (node:internal/streams/writable:510:10)
    at Console.log (C:\Users\Nuruzzaman\AppData\Local\npm-cache\_npx\7750544ccf494d8b\node_modules\winston\lib\winston\transports\console.js:87:23)
    at Console._write (C:\Users\Nuruzzaman\AppData\Local\npm-cache\_npx\7750544ccf494d8b\node_modules\winston-transport\modern.js:103:17)
    at doWrite (C:\Users\Nuruzzaman\AppData\Local\npm-cache\_npx\7750544ccf494d8b\node_modules\winston-transport\node_modules\readable-stream\lib\_stream_writable.js:390:139)
    at writeOrBuffer (C:\Users\Nuruzzaman\AppData\Local\npm-cache\_npx\7750544ccf494d8b\node_modules\winston-transport\node_modules\readable-stream\lib\_stream_writable.js:381:5)
    at Writable.write (C:\Users\Nuruzzaman\AppData\Local\npm-cache\_npx\7750544ccf494d8b\node_modules\winston-transport\node_modules\readable-stream\lib\_stream_writable.js:302:11)
    at DerivedLogger.ondata (C:\Users\Nuruzzaman\AppData\Local\npm-cache\_npx\7750544ccf494d8b\node_modules\winston\node_modules\readable-stream\lib\_stream_readable.js:629:20)
[error] 
[error] Error: An unexpected error has occurred.
[debug] [2026-06-09T09:11:43.363Z] Error: EPIPE: broken pipe, write
    at Socket._write (node:internal/net:63:18)
    at writeOrBuffer (node:internal/streams/writable:572:12)
    at _write (node:internal/streams/writable:501:10)
    at Writable.write (node:internal/streams/writable:510:10)
    at Console.log (C:\Users\Nuruzzaman\AppData\Local\npm-cache\_npx\7750544ccf494d8b\node_modules\winston\lib\winston\transports\console.js:87:23)
    at Console._write (C:\Users\Nuruzzaman\AppData\Local\npm-cache\_npx\7750544ccf494d8b\node_modules\winston-transport\modern.js:103:17)
    at doWrite (C:\Users\Nuruzzaman\AppData\Local\npm-cache\_npx\7750544ccf494d8b\node_modules\winston-transport\node_modules\readable-stream\lib\_stream_writable.js:390:139)
    at writeOrBuffer (C:\Users\Nuruzzaman\AppData\Local\npm-cache\_npx\7750544ccf494d8b\node_modules\winston-transport\node_modules\readable-stream\lib\_stream_writable.js:381:5)
    at Writable.write (C:\Users\Nuruzzaman\AppData\Local\npm-cache\_npx\7750544ccf494d8b\node_modules\winston-transport\node_modules\readable-stream\lib\_stream_writable.js:302:11)
    at DerivedLogger.ondata (C:\Users\Nuruzzaman\AppData\Local\npm-cache\_npx\7750544ccf494d8b\node_modules\winston\node_modules\readable-stream\lib\_stream_readable.js:629:20)
[error] 
[error] Error: An unexpected error has occurred.
[debug] [2026-06-09T09:11:43.363Z] Error: EPIPE: broken pipe, write
    at Socket._write (node:internal/net:63:18)
    at writeOrBuffer (node:internal/streams/writable:572:12)
    at _write (node:internal/streams/writable:501:10)
    at Writable.write (node:internal/streams/writable:510:10)
    at Console.log (C:\Users\Nuruzzaman\AppData\Local\npm-cache\_npx\7750544ccf494d8b\node_modules\winston\lib\winston\transports\console.js:87:23)
    at Console._write (C:\Users\Nuruzzaman\AppData\Local\npm-cache\_npx\7750544ccf494d8b\node_modules\winston-transport\modern.js:103:17)
    at doWrite (C:\Users\Nuruzzaman\AppData\Local\npm-cache\_npx\7750544ccf494d8b\node_modules\winston-transport\node_modules\readable-stream\lib\_stream_writable.js:390:139)
    at writeOrBuffer (C:\Users\Nuruzzaman\AppData\Local\npm-cache\_npx\7750544ccf494d8b\node_modules\winston-transport\node_modules\readable-stream\lib\_stream_writable.js:381:5)
    at Writable.write (C:\Users\Nuruzzaman\AppData\Local\npm-cache\_npx\7750544ccf494d8b\node_modules\winston-transport\node_modules\readable-stream\lib\_stream_writable.js:302:11)
    at DerivedLogger.ondata (C:\Users\Nuruzzaman\AppData\Local\npm-cache\_npx\7750544ccf494d8b\node_modules\winston\node_modules\readable-stream\lib\_stream_readable.js:629:20)
[error] 
[error] Error: An unexpected error has occurred.
[debug] [2026-06-09T09:11:43.363Z] Error: EPIPE: broken pipe, write
    at Socket._write (node:internal/net:63:18)
    at writeOrBuffer (node:internal/streams/writable:572:12)
    at _write (node:internal/streams/writable:501:10)
    at Writable.write (node:internal/streams/writable:510:10)
    at Console.log (C:\Users\Nuruzzaman\AppData\Local\npm-cache\_npx\7750544ccf494d8b\node_modules\winston\lib\winston\transports\console.js:87:23)
    at Console._write (C:\Users\Nuruzzaman\AppData\Local\npm-cache\_npx\7750544ccf494d8b\node_modules\winston-transport\modern.js:103:17)
    at doWrite (C:\Users\Nuruzzaman\AppData\Local\npm-cache\_npx\7750544ccf494d8b\node_modules\winston-transport\node_modules\readable-stream\lib\_stream_writable.js:390:139)
    at writeOrBuffer (C:\Users\Nuruzzaman\AppData\Local\npm-cache\_npx\7750544ccf494d8b\node_modules\winston-transport\node_modules\readable-stream\lib\_stream_writable.js:381:5)
    at Writable.write (C:\Users\Nuruzzaman\AppData\Local\npm-cache\_npx\7750544ccf494d8b\node_modules\winston-transport\node_modules\readable-stream\lib\_stream_writable.js:302:11)
    at DerivedLogger.ondata (C:\Users\Nuruzzaman\AppData\Local\npm-cache\_npx\7750544ccf494d8b\node_modules\winston\node_modules\readable-stream\lib\_stream_readable.js:629:20)
[error] 
[error] Error: An unexpected error has occurred.
[debug] [2026-06-09T09:11:43.364Z] Error: EPIPE: broken pipe, write
    at Socket._write (node:internal/net:63:18)
    at writeOrBuffer (node:internal/streams/writable:572:12)
    at _write (node:internal/streams/writable:501:10)
    at Writable.write (node:internal/streams/writable:510:10)
    at Console.log (C:\Users\Nuruzzaman\AppData\Local\npm-cache\_npx\7750544ccf494d8b\node_modules\winston\lib\winston\transports\console.js:87:23)
    at Console._write (C:\Users\Nuruzzaman\AppData\Local\npm-cache\_npx\7750544ccf494d8b\node_modules\winston-transport\modern.js:103:17)
    at doWrite (C:\Users\Nuruzzaman\AppData\Local\npm-cache\_npx\7750544ccf494d8b\node_modules\winston-transport\node_modules\readable-stream\lib\_stream_writable.js:390:139)
    at writeOrBuffer (C:\Users\Nuruzzaman\AppData\Local\npm-cache\_npx\7750544ccf494d8b\node_modules\winston-transport\node_modules\readable-stream\lib\_stream_writable.js:381:5)
    at Writable.write (C:\Users\Nuruzzaman\AppData\Local\npm-cache\_npx\7750544ccf494d8b\node_modules\winston-transport\node_modules\readable-stream\lib\_stream_writable.js:302:11)
    at DerivedLogger.ondata (C:\Users\Nuruzzaman\AppData\Local\npm-cache\_npx\7750544ccf494d8b\node_modules\winston\node_modules\readable-stream\lib\_stream_readable.js:629:20)
[error] 
[error] Error: An unexpected error has occurred.
[debug] [2026-06-09T09:11:43.364Z] Error: EPIPE: broken pipe, write
    at Socket._write (node:internal/net:63:18)
    at writeOrBuffer (node:internal/streams/writable:572:12)
    at _write (node:internal/streams/writable:501:10)
    at Writable.write (node:internal/streams/writable:510:10)
    at Console.log (C:\Users\Nuruzzaman\AppData\Local\npm-cache\_npx\7750544ccf494d8b\node_modules\winston\lib\winston\transports\console.js:87:23)
    at Console._write (C:\Users\Nuruzzaman\AppData\Local\npm-cache\_npx\7750544ccf494d8b\node_modules\winston-transport\modern.js:103:17)
    at doWrite (C:\Users\Nuruzzaman\AppData\Local\npm-cache\_npx\7750544ccf494d8b\node_modules\winston-transport\node_modules\readable-stream\lib\_stream_writable.js:390:139)
    at writeOrBuffer (C:\Users\Nuruzzaman\AppData\Local\npm-cache\_npx\7750544ccf494d8b\node_modules\winston-transport\node_modules\readable-stream\lib\_stream_writable.js:381:5)
    at Writable.write (C:\Users\Nuruzzaman\AppData\Local\npm-cache\_npx\7750544ccf494d8b\node_modules\winston-transport\node_modules\readable-stream\lib\_stream_writable.js:302:11)
    at DerivedLogger.ondata (C:\Users\Nuruzzaman\AppData\Local\npm-cache\_npx\7750544ccf494d8b\node_modules\winston\node_modules\readable-stream\lib\_stream_readable.js:629:20)
[error] 
[error] Error: An unexpected error has occurred.
[debug] [2026-06-09T09:11:43.364Z] Error: EPIPE: broken pipe, write
    at Socket._write (node:internal/net:63:18)
    at writeOrBuffer (node:internal/streams/writable:572:12)
    at _write (node:internal/streams/writable:501:10)
    at Writable.write (node:internal/streams/writable:510:10)
    at Console.log (C:\Users\Nuruzzaman\AppData\Local\npm-cache\_npx\7750544ccf494d8b\node_modules\winston\lib\winston\transports\console.js:87:23)
    at Console._write (C:\Users\Nuruzzaman\AppData\Local\npm-cache\_npx\7750544ccf494d8b\node_modules\winston-transport\modern.js:103:17)
    at doWrite (C:\Users\Nuruzzaman\AppData\Local\npm-cache\_npx\7750544ccf494d8b\node_modules\winston-transport\node_modules\readable-stream\lib\_stream_writable.js:390:139)
    at writeOrBuffer (C:\Users\Nuruzzaman\AppData\Local\npm-cache\_npx\7750544ccf494d8b\node_modules\winston-transport\node_modules\readable-stream\lib\_stream_writable.js:381:5)
    at Writable.write (C:\Users\Nuruzzaman\AppData\Local\npm-cache\_npx\7750544ccf494d8b\node_modules\winston-transport\node_modules\readable-stream\lib\_stream_writable.js:302:11)
    at DerivedLogger.ondata (C:\Users\Nuruzzaman\AppData\Local\npm-cache\_npx\7750544ccf494d8b\node_modules\winston\node_modules\readable-stream\lib\_stream_readable.js:629:20)
[error] 
[error] Error: An unexpected error has occurred.
[debug] [2026-06-09T09:11:43.366Z] Error: EPIPE: broken pipe, write
    at Socket._write (node:internal/net:63:18)
    at writeOrBuffer (node:internal/streams/writable:572:12)
    at _write (node:internal/streams/writable:501:10)
    at Writable.write (node:internal/streams/writable:510:10)
    at Console.log (C:\Users\Nuruzzaman\AppData\Local\npm-cache\_npx\7750544ccf494d8b\node_modules\winston\lib\winston\transports\console.js:87:23)
    at Console._write (C:\Users\Nuruzzaman\AppData\Local\npm-cache\_npx\7750544ccf494d8b\node_modules\winston-transport\modern.js:103:17)
    at doWrite (C:\Users\Nuruzzaman\AppData\Local\npm-cache\_npx\7750544ccf494d8b\node_modules\winston-transport\node_modules\readable-stream\lib\_stream_writable.js:390:139)
    at writeOrBuffer (C:\Users\Nuruzzaman\AppData\Local\npm-cache\_npx\7750544ccf494d8b\node_modules\winston-transport\node_modules\readable-stream\lib\_stream_writable.js:381:5)
    at Writable.write (C:\Users\Nuruzzaman\AppData\Local\npm-cache\_npx\7750544ccf494d8b\node_modules\winston-transport\node_modules\readable-stream\lib\_stream_writable.js:302:11)
    at DerivedLogger.ondata (C:\Users\Nuruzzaman\AppData\Local\npm-cache\_npx\7750544ccf494d8b\node_modules\winston\node_modules\readable-stream\lib\_stream_readable.js:629:20)
[error] 
[error] Error: An unexpected error has occurred.
[debug] [2026-06-09T09:11:43.366Z] Error: EPIPE: broken pipe, write
    at Socket._write (node:internal/net:63:18)
    at writeOrBuffer (node:internal/streams/writable:572:12)
    at _write (node:internal/streams/writable:501:10)
    at Writable.write (node:internal/streams/writable:510:10)
    at Console.log (C:\Users\Nuruzzaman\AppData\Local\npm-cache\_npx\7750544ccf494d8b\node_modules\winston\lib\winston\transports\console.js:87:23)
    at Console._write (C:\Users\Nuruzzaman\AppData\Local\npm-cache\_npx\7750544ccf494d8b\node_modules\winston-transport\modern.js:103:17)
    at doWrite (C:\Users\Nuruzzaman\AppData\Local\npm-cache\_npx\7750544ccf494d8b\node_modules\winston-transport\node_modules\readable-stream\lib\_stream_writable.js:390:139)
    at writeOrBuffer (C:\Users\Nuruzzaman\AppData\Local\npm-cache\_npx\7750544ccf494d8b\node_modules\winston-transport\node_modules\readable-stream\lib\_stream_writable.js:381:5)
    at Writable.write (C:\Users\Nuruzzaman\AppData\Local\npm-cache\_npx\7750544ccf494d8b\node_modules\winston-transport\node_modules\readable-stream\lib\_stream_writable.js:302:11)
    at DerivedLogger.ondata (C:\Users\Nuruzzaman\AppData\Local\npm-cache\_npx\7750544ccf494d8b\node_modules\winston\node_modules\readable-stream\lib\_stream_readable.js:629:20)
[error] 
[error] Error: An unexpected error has occurred.
[debug] [2026-06-09T09:11:43.366Z] Error: EPIPE: broken pipe, write
    at Socket._write (node:internal/net:63:18)
    at writeOrBuffer (node:internal/streams/writable:572:12)
    at _write (node:internal/streams/writable:501:10)
    at Writable.write (node:internal/streams/writable:510:10)
    at Console.log (C:\Users\Nuruzzaman\AppData\Local\npm-cache\_npx\7750544ccf494d8b\node_modules\winston\lib\winston\transports\console.js:87:23)
    at Console._write (C:\Users\Nuruzzaman\AppData\Local\npm-cache\_npx\7750544ccf494d8b\node_modules\winston-transport\modern.js:103:17)
    at doWrite (C:\Users\Nuruzzaman\AppData\Local\npm-cache\_npx\7750544ccf494d8b\node_modules\winston-transport\node_modules\readable-stream\lib\_stream_writable.js:390:139)
    at writeOrBuffer (C:\Users\Nuruzzaman\AppData\Local\npm-cache\_npx\7750544ccf494d8b\node_modules\winston-transport\node_modules\readable-stream\lib\_stream_writable.js:381:5)
    at Writable.write (C:\Users\Nuruzzaman\AppData\Local\npm-cache\_npx\7750544ccf494d8b\node_modules\winston-transport\node_modules\readable-stream\lib\_stream_writable.js:302:11)
    at DerivedLogger.ondata (C:\Users\Nuruzzaman\AppData\Local\npm-cache\_npx\7750544ccf494d8b\node_modules\winston\node_modules\readable-stream\lib\_stream_readable.js:629:20)
[error] 
[error] Error: An unexpected error has occurred.
[debug] [2026-06-09T09:11:43.367Z] Error: EPIPE: broken pipe, write
    at Socket._write (node:internal/net:63:18)
    at writeOrBuffer (node:internal/streams/writable:572:12)
    at _write (node:internal/streams/writable:501:10)
    at Writable.write (node:internal/streams/writable:510:10)
    at Console.log (C:\Users\Nuruzzaman\AppData\Local\npm-cache\_npx\7750544ccf494d8b\node_modules\winston\lib\winston\transports\console.js:87:23)
    at Console._write (C:\Users\Nuruzzaman\AppData\Local\npm-cache\_npx\7750544ccf494d8b\node_modules\winston-transport\modern.js:103:17)
    at doWrite (C:\Users\Nuruzzaman\AppData\Local\npm-cache\_npx\7750544ccf494d8b\node_modules\winston-transport\node_modules\readable-stream\lib\_stream_writable.js:390:139)
    at writeOrBuffer (C:\Users\Nuruzzaman\AppData\Local\npm-cache\_npx\7750544ccf494d8b\node_modules\winston-transport\node_modules\readable-stream\lib\_stream_writable.js:381:5)
    at Writable.write (C:\Users\Nuruzzaman\AppData\Local\npm-cache\_npx\7750544ccf494d8b\node_modules\winston-transport\node_modules\readable-stream\lib\_stream_writable.js:302:11)
    at DerivedLogger.ondata (C:\Users\Nuruzzaman\AppData\Local\npm-cache\_npx\7750544ccf494d8b\node_modules\winston\node_modules\readable-stream\lib\_stream_readable.js:629:20)
[error] 
[error] Error: An unexpected error has occurred.
[debug] [2026-06-09T09:11:43.367Z] Error: EPIPE: broken pipe, write
    at Socket._write (node:internal/net:63:18)
    at writeOrBuffer (node:internal/streams/writable:572:12)
    at _write (node:internal/streams/writable:501:10)
    at Writable.write (node:internal/streams/writable:510:10)
    at Console.log (C:\Users\Nuruzzaman\AppData\Local\npm-cache\_npx\7750544ccf494d8b\node_modules\winston\lib\winston\transports\console.js:87:23)
    at Console._write (C:\Users\Nuruzzaman\AppData\Local\npm-cache\_npx\7750544ccf494d8b\node_modules\winston-transport\modern.js:103:17)
    at doWrite (C:\Users\Nuruzzaman\AppData\Local\npm-cache\_npx\7750544ccf494d8b\node_modules\winston-transport\node_modules\readable-stream\lib\_stream_writable.js:390:139)
    at writeOrBuffer (C:\Users\Nuruzzaman\AppData\Local\npm-cache\_npx\7750544ccf494d8b\node_modules\winston-transport\node_modules\readable-stream\lib\_stream_writable.js:381:5)
    at Writable.write (C:\Users\Nuruzzaman\AppData\Local\npm-cache\_npx\7750544ccf494d8b\node_modules\winston-transport\node_modules\readable-stream\lib\_stream_writable.js:302:11)
    at DerivedLogger.ondata (C:\Users\Nuruzzaman\AppData\Local\npm-cache\_npx\7750544ccf494d8b\node_modules\winston\node_modules\readable-stream\lib\_stream_readable.js:629:20)
[error] 
[error] Error: An unexpected error has occurred.
[debug] [2026-06-09T09:11:43.367Z] Error: EPIPE: broken pipe, write
    at Socket._write (node:internal/net:63:18)
    at writeOrBuffer (node:internal/streams/writable:572:12)
    at _write (node:internal/streams/writable:501:10)
    at Writable.write (node:internal/streams/writable:510:10)
    at Console.log (C:\Users\Nuruzzaman\AppData\Local\npm-cache\_npx\7750544ccf494d8b\node_modules\winston\lib\winston\transports\console.js:87:23)
    at Console._write (C:\Users\Nuruzzaman\AppData\Local\npm-cache\_npx\7750544ccf494d8b\node_modules\winston-transport\modern.js:103:17)
    at doWrite (C:\Users\Nuruzzaman\AppData\Local\npm-cache\_npx\7750544ccf494d8b\node_modules\winston-transport\node_modules\readable-stream\lib\_stream_writable.js:390:139)
    at writeOrBuffer (C:\Users\Nuruzzaman\AppData\Local\npm-cache\_npx\7750544ccf494d8b\node_modules\winston-transport\node_modules\readable-stream\lib\_stream_writable.js:381:5)
    at Writable.write (C:\Users\Nuruzzaman\AppData\Local\npm-cache\_npx\7750544ccf494d8b\node_modules\winston-transport\node_modules\readable-stream\lib\_stream_writable.js:302:11)
    at DerivedLogger.ondata (C:\Users\Nuruzzaman\AppData\Local\npm-cache\_npx\7750544ccf494d8b\node_modules\winston\node_modules\readable-stream\lib\_stream_readable.js:629:20)
[error] 
[error] Error: An unexpected error has occurred.
[debug] [2026-06-09T09:11:43.367Z] Error: EPIPE: broken pipe, write
    at Socket._write (node:internal/net:63:18)
    at writeOrBuffer (node:internal/streams/writable:572:12)
    at _write (node:internal/streams/writable:501:10)
    at Writable.write (node:internal/streams/writable:510:10)
    at Console.log (C:\Users\Nuruzzaman\AppData\Local\npm-cache\_npx\7750544ccf494d8b\node_modules\winston\lib\winston\transports\console.js:87:23)
    at Console._write (C:\Users\Nuruzzaman\AppData\Local\npm-cache\_npx\7750544ccf494d8b\node_modules\winston-transport\modern.js:103:17)
    at doWrite (C:\Users\Nuruzzaman\AppData\Local\npm-cache\_npx\7750544ccf494d8b\node_modules\winston-transport\node_modules\readable-stream\lib\_stream_writable.js:390:139)
    at writeOrBuffer (C:\Users\Nuruzzaman\AppData\Local\npm-cache\_npx\7750544ccf494d8b\node_modules\winston-transport\node_modules\readable-stream\lib\_stream_writable.js:381:5)
    at Writable.write (C:\Users\Nuruzzaman\AppData\Local\npm-cache\_npx\7750544ccf494d8b\node_modules\winston-transport\node_modules\readable-stream\lib\_stream_writable.js:302:11)
    at DerivedLogger.ondata (C:\Users\Nuruzzaman\AppData\Local\npm-cache\_npx\7750544ccf494d8b\node_modules\winston\node_modules\readable-stream\lib\_stream_readable.js:629:20)
[error] 
[error] Error: An unexpected error has occurred.
[debug] [2026-06-09T09:11:43.368Z] Error: EPIPE: broken pipe, write
    at Socket._write (node:internal/net:63:18)
    at writeOrBuffer (node:internal/streams/writable:572:12)
    at _write (node:internal/streams/writable:501:10)
    at Writable.write (node:internal/streams/writable:510:10)
    at Console.log (C:\Users\Nuruzzaman\AppData\Local\npm-cache\_npx\7750544ccf494d8b\node_modules\winston\lib\winston\transports\console.js:87:23)
    at Console._write (C:\Users\Nuruzzaman\AppData\Local\npm-cache\_npx\7750544ccf494d8b\node_modules\winston-transport\modern.js:103:17)
    at doWrite (C:\Users\Nuruzzaman\AppData\Local\npm-cache\_npx\7750544ccf494d8b\node_modules\winston-transport\node_modules\readable-stream\lib\_stream_writable.js:390:139)
    at writeOrBuffer (C:\Users\Nuruzzaman\AppData\Local\npm-cache\_npx\7750544ccf494d8b\node_modules\winston-transport\node_modules\readable-stream\lib\_stream_writable.js:381:5)
    at Writable.write (C:\Users\Nuruzzaman\AppData\Local\npm-cache\_npx\7750544ccf494d8b\node_modules\winston-transport\node_modules\readable-stream\lib\_stream_writable.js:302:11)
    at DerivedLogger.ondata (C:\Users\Nuruzzaman\AppData\Local\npm-cache\_npx\7750544ccf494d8b\node_modules\winston\node_modules\readable-stream\lib\_stream_readable.js:629:20)
[error] 
[error] Error: An unexpected error has occurred.
[debug] [2026-06-09T09:11:43.368Z] Error: EPIPE: broken pipe, write
    at Socket._write (node:internal/net:63:18)
    at writeOrBuffer (node:internal/streams/writable:572:12)
    at _write (node:internal/streams/writable:501:10)
    at Writable.write (node:internal/streams/writable:510:10)
    at Console.log (C:\Users\Nuruzzaman\AppData\Local\npm-cache\_npx\7750544ccf494d8b\node_modules\winston\lib\winston\transports\console.js:87:23)
    at Console._write (C:\Users\Nuruzzaman\AppData\Local\npm-cache\_npx\7750544ccf494d8b\node_modules\winston-transport\modern.js:103:17)
    at doWrite (C:\Users\Nuruzzaman\AppData\Local\npm-cache\_npx\7750544ccf494d8b\node_modules\winston-transport\node_modules\readable-stream\lib\_stream_writable.js:390:139)
    at writeOrBuffer (C:\Users\Nuruzzaman\AppData\Local\npm-cache\_npx\7750544ccf494d8b\node_modules\winston-transport\node_modules\readable-stream\lib\_stream_writable.js:381:5)
    at Writable.write (C:\Users\Nuruzzaman\AppData\Local\npm-cache\_npx\7750544ccf494d8b\node_modules\winston-transport\node_modules\readable-stream\lib\_stream_writable.js:302:11)
    at DerivedLogger.ondata (C:\Users\Nuruzzaman\AppData\Local\npm-cache\_npx\7750544ccf494d8b\node_modules\winston\node_modules\readable-stream\lib\_stream_readable.js:629:20)
[error] 
[error] Error: An unexpected error has occurred.
[debug] [2026-06-09T09:11:43.368Z] Error: EPIPE: broken pipe, write
    at Socket._write (node:internal/net:63:18)
    at writeOrBuffer (node:internal/streams/writable:572:12)
    at _write (node:internal/streams/writable:501:10)
    at Writable.write (node:internal/streams/writable:510:10)
    at Console.log (C:\Users\Nuruzzaman\AppData\Local\npm-cache\_npx\7750544ccf494d8b\node_modules\winston\lib\winston\transports\console.js:87:23)
    at Console._write (C:\Users\Nuruzzaman\AppData\Local\npm-cache\_npx\7750544ccf494d8b\node_modules\winston-transport\modern.js:103:17)
    at doWrite (C:\Users\Nuruzzaman\AppData\Local\npm-cache\_npx\7750544ccf494d8b\node_modules\winston-transport\node_modules\readable-stream\lib\_stream_writable.js:390:139)
    at writeOrBuffer (C:\Users\Nuruzzaman\AppData\Local\npm-cache\_npx\7750544ccf494d8b\node_modules\winston-transport\node_modules\readable-stream\lib\_stream_writable.js:381:5)
    at Writable.write (C:\Users\Nuruzzaman\AppData\Local\npm-cache\_npx\7750544ccf494d8b\node_modules\winston-transport\node_modules\readable-stream\lib\_stream_writable.js:302:11)
    at DerivedLogger.ondata (C:\Users\Nuruzzaman\AppData\Local\npm-cache\_npx\7750544ccf494d8b\node_modules\winston\node_modules\readable-stream\lib\_stream_readable.js:629:20)
[error] 
[error] Error: An unexpected error has occurred.
[debug] [2026-06-09T09:11:43.368Z] Error: EPIPE: broken pipe, write
    at Socket._write (node:internal/net:63:18)
    at writeOrBuffer (node:internal/streams/writable:572:12)
    at _write (node:internal/streams/writable:501:10)
    at Writable.write (node:internal/streams/writable:510:10)
    at Console.log (C:\Users\Nuruzzaman\AppData\Local\npm-cache\_npx\7750544ccf494d8b\node_modules\winston\lib\winston\transports\console.js:87:23)
    at Console._write (C:\Users\Nuruzzaman\AppData\Local\npm-cache\_npx\7750544ccf494d8b\node_modules\winston-transport\modern.js:103:17)
    at doWrite (C:\Users\Nuruzzaman\AppData\Local\npm-cache\_npx\7750544ccf494d8b\node_modules\winston-transport\node_modules\readable-stream\lib\_stream_writable.js:390:139)
    at writeOrBuffer (C:\Users\Nuruzzaman\AppData\Local\npm-cache\_npx\7750544ccf494d8b\node_modules\winston-transport\node_modules\readable-stream\lib\_stream_writable.js:381:5)
    at Writable.write (C:\Users\Nuruzzaman\AppData\Local\npm-cache\_npx\7750544ccf494d8b\node_modules\winston-transport\node_modules\readable-stream\lib\_stream_writable.js:302:11)
    at DerivedLogger.ondata (C:\Users\Nuruzzaman\AppData\Local\npm-cache\_npx\7750544ccf494d8b\node_modules\winston\node_modules\readable-stream\lib\_stream_readable.js:629:20)
[error] 
[error] Error: An unexpected error has occurred.
[debug] [2026-06-09T09:11:43.369Z] Error: EPIPE: broken pipe, write
    at Socket._write (node:internal/net:63:18)
    at writeOrBuffer (node:internal/streams/writable:572:12)
    at _write (node:internal/streams/writable:501:10)
    at Writable.write (node:internal/streams/writable:510:10)
    at Console.log (C:\Users\Nuruzzaman\AppData\Local\npm-cache\_npx\7750544ccf494d8b\node_modules\winston\lib\winston\transports\console.js:87:23)
    at Console._write (C:\Users\Nuruzzaman\AppData\Local\npm-cache\_npx\7750544ccf494d8b\node_modules\winston-transport\modern.js:103:17)
    at doWrite (C:\Users\Nuruzzaman\AppData\Local\npm-cache\_npx\7750544ccf494d8b\node_modules\winston-transport\node_modules\readable-stream\lib\_stream_writable.js:390:139)
    at writeOrBuffer (C:\Users\Nuruzzaman\AppData\Local\npm-cache\_npx\7750544ccf494d8b\node_modules\winston-transport\node_modules\readable-stream\lib\_stream_writable.js:381:5)
    at Writable.write (C:\Users\Nuruzzaman\AppData\Local\npm-cache\_npx\7750544ccf494d8b\node_modules\winston-transport\node_modules\readable-stream\lib\_stream_writable.js:302:11)
    at DerivedLogger.ondata (C:\Users\Nuruzzaman\AppData\Local\npm-cache\_npx\7750544ccf494d8b\node_modules\winston\node_modules\readable-stream\lib\_stream_readable.js:629:20)
[error] 
[error] Error: An unexpected error has occurred.
[debug] [2026-06-09T09:11:43.369Z] Error: EPIPE: broken pipe, write
    at Socket._write (node:internal/net:63:18)
    at writeOrBuffer (node:internal/streams/writable:572:12)
    at _write (node:internal/streams/writable:501:10)
    at Writable.write (node:internal/streams/writable:510:10)
    at Console.log (C:\Users\Nuruzzaman\AppData\Local\npm-cache\_npx\7750544ccf494d8b\node_modules\winston\lib\winston\transports\console.js:87:23)
    at Console._write (C:\Users\Nuruzzaman\AppData\Local\npm-cache\_npx\7750544ccf494d8b\node_modules\winston-transport\modern.js:103:17)
    at doWrite (C:\Users\Nuruzzaman\AppData\Local\npm-cache\_npx\7750544ccf494d8b\node_modules\winston-transport\node_modules\readable-stream\lib\_stream_writable.js:390:139)
    at writeOrBuffer (C:\Users\Nuruzzaman\AppData\Local\npm-cache\_npx\7750544ccf494d8b\node_modules\winston-transport\node_modules\readable-stream\lib\_stream_writable.js:381:5)
    at Writable.write (C:\Users\Nuruzzaman\AppData\Local\npm-cache\_npx\7750544ccf494d8b\node_modules\winston-transport\node_modules\readable-stream\lib\_stream_writable.js:302:11)
    at DerivedLogger.ondata (C:\Users\Nuruzzaman\AppData\Local\npm-cache\_npx\7750544ccf494d8b\node_modules\winston\node_modules\readable-stream\lib\_stream_readable.js:629:20)
[error] 
[error] Error: An unexpected error has occurred.
[debug] [2026-06-09T09:11:43.370Z] Error: EPIPE: broken pipe, write
    at Socket._write (node:internal/net:63:18)
    at writeOrBuffer (node:internal/streams/writable:572:12)
    at _write (node:internal/streams/writable:501:10)
    at Writable.write (node:internal/streams/writable:510:10)
    at Console.log (C:\Users\Nuruzzaman\AppData\Local\npm-cache\_npx\7750544ccf494d8b\node_modules\winston\lib\winston\transports\console.js:87:23)
    at Console._write (C:\Users\Nuruzzaman\AppData\Local\npm-cache\_npx\7750544ccf494d8b\node_modules\winston-transport\modern.js:103:17)
    at doWrite (C:\Users\Nuruzzaman\AppData\Local\npm-cache\_npx\7750544ccf494d8b\node_modules\winston-transport\node_modules\readable-stream\lib\_stream_writable.js:390:139)
    at writeOrBuffer (C:\Users\Nuruzzaman\AppData\Local\npm-cache\_npx\7750544ccf494d8b\node_modules\winston-transport\node_modules\readable-stream\lib\_stream_writable.js:381:5)
    at Writable.write (C:\Users\Nuruzzaman\AppData\Local\npm-cache\_npx\7750544ccf494d8b\node_modules\winston-transport\node_modules\readable-stream\lib\_stream_writable.js:302:11)
    at DerivedLogger.ondata (C:\Users\Nuruzzaman\AppData\Local\npm-cache\_npx\7750544ccf494d8b\node_modules\winston\node_modules\readable-stream\lib\_stream_readable.js:629:20)
[error] 
[error] Error: An unexpected error has occurred.
[debug] [2026-06-09T09:11:43.371Z] Error: EPIPE: broken pipe, write
    at Socket._write (node:internal/net:63:18)
    at writeOrBuffer (node:internal/streams/writable:572:12)
    at _write (node:internal/streams/writable:501:10)
    at Writable.write (node:internal/streams/writable:510:10)
    at Console.log (C:\Users\Nuruzzaman\AppData\Local\npm-cache\_npx\7750544ccf494d8b\node_modules\winston\lib\winston\transports\console.js:87:23)
    at Console._write (C:\Users\Nuruzzaman\AppData\Local\npm-cache\_npx\7750544ccf494d8b\node_modules\winston-transport\modern.js:103:17)
    at doWrite (C:\Users\Nuruzzaman\AppData\Local\npm-cache\_npx\7750544ccf494d8b\node_modules\winston-transport\node_modules\readable-stream\lib\_stream_writable.js:390:139)
    at writeOrBuffer (C:\Users\Nuruzzaman\AppData\Local\npm-cache\_npx\7750544ccf494d8b\node_modules\winston-transport\node_modules\readable-stream\lib\_stream_writable.js:381:5)
    at Writable.write (C:\Users\Nuruzzaman\AppData\Local\npm-cache\_npx\7750544ccf494d8b\node_modules\winston-transport\node_modules\readable-stream\lib\_stream_writable.js:302:11)
    at DerivedLogger.ondata (C:\Users\Nuruzzaman\AppData\Local\npm-cache\_npx\7750544ccf494d8b\node_modules\winston\node_modules\readable-stream\lib\_stream_readable.js:629:20)
[error] 
[error] Error: An unexpected error has occurred.
[debug] [2026-06-09T09:11:43.371Z] Error: EPIPE: broken pipe, write
    at Socket._write (node:internal/net:63:18)
    at writeOrBuffer (node:internal/streams/writable:572:12)
    at _write (node:internal/streams/writable:501:10)
    at Writable.write (node:internal/streams/writable:510:10)
    at Console.log (C:\Users\Nuruzzaman\AppData\Local\npm-cache\_npx\7750544ccf494d8b\node_modules\winston\lib\winston\transports\console.js:87:23)
    at Console._write (C:\Users\Nuruzzaman\AppData\Local\npm-cache\_npx\7750544ccf494d8b\node_modules\winston-transport\modern.js:103:17)
    at doWrite (C:\Users\Nuruzzaman\AppData\Local\npm-cache\_npx\7750544ccf494d8b\node_modules\winston-transport\node_modules\readable-stream\lib\_stream_writable.js:390:139)
    at writeOrBuffer (C:\Users\Nuruzzaman\AppData\Local\npm-cache\_npx\7750544ccf494d8b\node_modules\winston-transport\node_modules\readable-stream\lib\_stream_writable.js:381:5)
    at Writable.write (C:\Users\Nuruzzaman\AppData\Local\npm-cache\_npx\7750544ccf494d8b\node_modules\winston-transport\node_modules\readable-stream\lib\_stream_writable.js:302:11)
    at DerivedLogger.ondata (C:\Users\Nuruzzaman\AppData\Local\npm-cache\_npx\7750544ccf494d8b\node_modules\winston\node_modules\readable-stream\lib\_stream_readable.js:629:20)
[error] 
[error] Error: An unexpected error has occurred.
[debug] [2026-06-09T09:11:43.371Z] Error: EPIPE: broken pipe, write
    at Socket._write (node:internal/net:63:18)
    at writeOrBuffer (node:internal/streams/writable:572:12)
    at _write (node:internal/streams/writable:501:10)
    at Writable.write (node:internal/streams/writable:510:10)
    at Console.log (C:\Users\Nuruzzaman\AppData\Local\npm-cache\_npx\7750544ccf494d8b\node_modules\winston\lib\winston\transports\console.js:87:23)
    at Console._write (C:\Users\Nuruzzaman\AppData\Local\npm-cache\_npx\7750544ccf494d8b\node_modules\winston-transport\modern.js:103:17)
    at doWrite (C:\Users\Nuruzzaman\AppData\Local\npm-cache\_npx\7750544ccf494d8b\node_modules\winston-transport\node_modules\readable-stream\lib\_stream_writable.js:390:139)
    at writeOrBuffer (C:\Users\Nuruzzaman\AppData\Local\npm-cache\_npx\7750544ccf494d8b\node_modules\winston-transport\node_modules\readable-stream\lib\_stream_writable.js:381:5)
    at Writable.write (C:\Users\Nuruzzaman\AppData\Local\npm-cache\_npx\7750544ccf494d8b\node_modules\winston-transport\node_modules\readable-stream\lib\_stream_writable.js:302:11)
    at DerivedLogger.ondata (C:\Users\Nuruzzaman\AppData\Local\npm-cache\_npx\7750544ccf494d8b\node_modules\winston\node_modules\readable-stream\lib\_stream_readable.js:629:20)
[error] 
[error] Error: An unexpected error has occurred.
[debug] [2026-06-09T09:11:43.371Z] Error: EPIPE: broken pipe, write
    at Socket._write (node:internal/net:63:18)
    at writeOrBuffer (node:internal/streams/writable:572:12)
    at _write (node:internal/streams/writable:501:10)
    at Writable.write (node:internal/streams/writable:510:10)
    at Console.log (C:\Users\Nuruzzaman\AppData\Local\npm-cache\_npx\7750544ccf494d8b\node_modules\winston\lib\winston\transports\console.js:87:23)
    at Console._write (C:\Users\Nuruzzaman\AppData\Local\npm-cache\_npx\7750544ccf494d8b\node_modules\winston-transport\modern.js:103:17)
    at doWrite (C:\Users\Nuruzzaman\AppData\Local\npm-cache\_npx\7750544ccf494d8b\node_modules\winston-transport\node_modules\readable-stream\lib\_stream_writable.js:390:139)
    at writeOrBuffer (C:\Users\Nuruzzaman\AppData\Local\npm-cache\_npx\7750544ccf494d8b\node_modules\winston-transport\node_modules\readable-stream\lib\_stream_writable.js:381:5)
    at Writable.write (C:\Users\Nuruzzaman\AppData\Local\npm-cache\_npx\7750544ccf494d8b\node_modules\winston-transport\node_modules\readable-stream\lib\_stream_writable.js:302:11)
    at DerivedLogger.ondata (C:\Users\Nuruzzaman\AppData\Local\npm-cache\_npx\7750544ccf494d8b\node_modules\winston\node_modules\readable-stream\lib\_stream_readable.js:629:20)
[error] 
[error] Error: An unexpected error has occurred.
[debug] [2026-06-09T09:11:43.371Z] Error: EPIPE: broken pipe, write
    at Socket._write (node:internal/net:63:18)
    at writeOrBuffer (node:internal/streams/writable:572:12)
    at _write (node:internal/streams/writable:501:10)
    at Writable.write (node:internal/streams/writable:510:10)
    at Console.log (C:\Users\Nuruzzaman\AppData\Local\npm-cache\_npx\7750544ccf494d8b\node_modules\winston\lib\winston\transports\console.js:87:23)
    at Console._write (C:\Users\Nuruzzaman\AppData\Local\npm-cache\_npx\7750544ccf494d8b\node_modules\winston-transport\modern.js:103:17)
    at doWrite (C:\Users\Nuruzzaman\AppData\Local\npm-cache\_npx\7750544ccf494d8b\node_modules\winston-transport\node_modules\readable-stream\lib\_stream_writable.js:390:139)
    at writeOrBuffer (C:\Users\Nuruzzaman\AppData\Local\npm-cache\_npx\7750544ccf494d8b\node_modules\winston-transport\node_modules\readable-stream\lib\_stream_writable.js:381:5)
    at Writable.write (C:\Users\Nuruzzaman\AppData\Local\npm-cache\_npx\7750544ccf494d8b\node_modules\winston-transport\node_modules\readable-stream\lib\_stream_writable.js:302:11)
    at DerivedLogger.ondata (C:\Users\Nuruzzaman\AppData\Local\npm-cache\_npx\7750544ccf494d8b\node_modules\winston\node_modules\readable-stream\lib\_stream_readable.js:629:20)
[error] 
[error] Error: An unexpected error has occurred.
[debug] [2026-06-09T09:11:43.372Z] Error: EPIPE: broken pipe, write
    at Socket._write (node:internal/net:63:18)
    at writeOrBuffer (node:internal/streams/writable:572:12)
    at _write (node:internal/streams/writable:501:10)
    at Writable.write (node:internal/streams/writable:510:10)
    at Console.log (C:\Users\Nuruzzaman\AppData\Local\npm-cache\_npx\7750544ccf494d8b\node_modules\winston\lib\winston\transports\console.js:87:23)
    at Console._write (C:\Users\Nuruzzaman\AppData\Local\npm-cache\_npx\7750544ccf494d8b\node_modules\winston-transport\modern.js:103:17)
    at doWrite (C:\Users\Nuruzzaman\AppData\Local\npm-cache\_npx\7750544ccf494d8b\node_modules\winston-transport\node_modules\readable-stream\lib\_stream_writable.js:390:139)
    at writeOrBuffer (C:\Users\Nuruzzaman\AppData\Local\npm-cache\_npx\7750544ccf494d8b\node_modules\winston-transport\node_modules\readable-stream\lib\_stream_writable.js:381:5)
    at Writable.write (C:\Users\Nuruzzaman\AppData\Local\npm-cache\_npx\7750544ccf494d8b\node_modules\winston-transport\node_modules\readable-stream\lib\_stream_writable.js:302:11)
    at DerivedLogger.ondata (C:\Users\Nuruzzaman\AppData\Local\npm-cache\_npx\7750544ccf494d8b\node_modules\winston\node_modules\readable-stream\lib\_stream_readable.js:629:20)
[error] 
[error] Error: An unexpected error has occurred.
[debug] [2026-06-09T09:11:43.372Z] Error: EPIPE: broken pipe, write
    at Socket._write (node:internal/net:63:18)
    at writeOrBuffer (node:internal/streams/writable:572:12)
    at _write (node:internal/streams/writable:501:10)
    at Writable.write (node:internal/streams/writable:510:10)
    at Console.log (C:\Users\Nuruzzaman\AppData\Local\npm-cache\_npx\7750544ccf494d8b\node_modules\winston\lib\winston\transports\console.js:87:23)
    at Console._write (C:\Users\Nuruzzaman\AppData\Local\npm-cache\_npx\7750544ccf494d8b\node_modules\winston-transport\modern.js:103:17)
    at doWrite (C:\Users\Nuruzzaman\AppData\Local\npm-cache\_npx\7750544ccf494d8b\node_modules\winston-transport\node_modules\readable-stream\lib\_stream_writable.js:390:139)
    at writeOrBuffer (C:\Users\Nuruzzaman\AppData\Local\npm-cache\_npx\7750544ccf494d8b\node_modules\winston-transport\node_modules\readable-stream\lib\_stream_writable.js:381:5)
    at Writable.write (C:\Users\Nuruzzaman\AppData\Local\npm-cache\_npx\7750544ccf494d8b\node_modules\winston-transport\node_modules\readable-stream\lib\_stream_writable.js:302:11)
    at DerivedLogger.ondata (C:\Users\Nuruzzaman\AppData\Local\npm-cache\_npx\7750544ccf494d8b\node_modules\winston\node_modules\readable-stream\lib\_stream_readable.js:629:20)
[error] 
[error] Error: An unexpected error has occurred.
[debug] [2026-06-09T09:11:43.372Z] Error: EPIPE: broken pipe, write
    at Socket._write (node:internal/net:63:18)
    at writeOrBuffer (node:internal/streams/writable:572:12)
    at _write (node:internal/streams/writable:501:10)
    at Writable.write (node:internal/streams/writable:510:10)
    at Console.log (C:\Users\Nuruzzaman\AppData\Local\npm-cache\_npx\7750544ccf494d8b\node_modules\winston\lib\winston\transports\console.js:87:23)
    at Console._write (C:\Users\Nuruzzaman\AppData\Local\npm-cache\_npx\7750544ccf494d8b\node_modules\winston-transport\modern.js:103:17)
    at doWrite (C:\Users\Nuruzzaman\AppData\Local\npm-cache\_npx\7750544ccf494d8b\node_modules\winston-transport\node_modules\readable-stream\lib\_stream_writable.js:390:139)
    at writeOrBuffer (C:\Users\Nuruzzaman\AppData\Local\npm-cache\_npx\7750544ccf494d8b\node_modules\winston-transport\node_modules\readable-stream\lib\_stream_writable.js:381:5)
    at Writable.write (C:\Users\Nuruzzaman\AppData\Local\npm-cache\_npx\7750544ccf494d8b\node_modules\winston-transport\node_modules\readable-stream\lib\_stream_writable.js:302:11)
    at DerivedLogger.ondata (C:\Users\Nuruzzaman\AppData\Local\npm-cache\_npx\7750544ccf494d8b\node_modules\winston\node_modules\readable-stream\lib\_stream_readable.js:629:20)
[error] 
[error] Error: An unexpected error has occurred.
[debug] [2026-06-09T09:11:43.372Z] Error: EPIPE: broken pipe, write
    at Socket._write (node:internal/net:63:18)
    at writeOrBuffer (node:internal/streams/writable:572:12)
    at _write (node:internal/streams/writable:501:10)
    at Writable.write (node:internal/streams/writable:510:10)
    at Console.log (C:\Users\Nuruzzaman\AppData\Local\npm-cache\_npx\7750544ccf494d8b\node_modules\winston\lib\winston\transports\console.js:87:23)
    at Console._write (C:\Users\Nuruzzaman\AppData\Local\npm-cache\_npx\7750544ccf494d8b\node_modules\winston-transport\modern.js:103:17)
    at doWrite (C:\Users\Nuruzzaman\AppData\Local\npm-cache\_npx\7750544ccf494d8b\node_modules\winston-transport\node_modules\readable-stream\lib\_stream_writable.js:390:139)
    at writeOrBuffer (C:\Users\Nuruzzaman\AppData\Local\npm-cache\_npx\7750544ccf494d8b\node_modules\winston-transport\node_modules\readable-stream\lib\_stream_writable.js:381:5)
    at Writable.write (C:\Users\Nuruzzaman\AppData\Local\npm-cache\_npx\7750544ccf494d8b\node_modules\winston-transport\node_modules\readable-stream\lib\_stream_writable.js:302:11)
    at DerivedLogger.ondata (C:\Users\Nuruzzaman\AppData\Local\npm-cache\_npx\7750544ccf494d8b\node_modules\winston\node_modules\readable-stream\lib\_stream_readable.js:629:20)
[error] 
[error] Error: An unexpected error has occurred.
[debug] [2026-06-09T09:11:43.373Z] Error: EPIPE: broken pipe, write
    at Socket._write (node:internal/net:63:18)
    at writeOrBuffer (node:internal/streams/writable:572:12)
    at _write (node:internal/streams/writable:501:10)
    at Writable.write (node:internal/streams/writable:510:10)
    at Console.log (C:\Users\Nuruzzaman\AppData\Local\npm-cache\_npx\7750544ccf494d8b\node_modules\winston\lib\winston\transports\console.js:87:23)
    at Console._write (C:\Users\Nuruzzaman\AppData\Local\npm-cache\_npx\7750544ccf494d8b\node_modules\winston-transport\modern.js:103:17)
    at doWrite (C:\Users\Nuruzzaman\AppData\Local\npm-cache\_npx\7750544ccf494d8b\node_modules\winston-transport\node_modules\readable-stream\lib\_stream_writable.js:390:139)
    at writeOrBuffer (C:\Users\Nuruzzaman\AppData\Local\npm-cache\_npx\7750544ccf494d8b\node_modules\winston-transport\node_modules\readable-stream\lib\_stream_writable.js:381:5)
    at Writable.write (C:\Users\Nuruzzaman\AppData\Local\npm-cache\_npx\7750544ccf494d8b\node_modules\winston-transport\node_modules\readable-stream\lib\_stream_writable.js:302:11)
    at DerivedLogger.ondata (C:\Users\Nuruzzaman\AppData\Local\npm-cache\_npx\7750544ccf494d8b\node_modules\winston\node_modules\readable-stream\lib\_stream_readable.js:629:20)
[error] 
[error] Error: An unexpected error has occurred.
[debug] [2026-06-09T09:11:43.373Z] Error: EPIPE: broken pipe, write
    at Socket._write (node:internal/net:63:18)
    at writeOrBuffer (node:internal/streams/writable:572:12)
    at _write (node:internal/streams/writable:501:10)
    at Writable.write (node:internal/streams/writable:510:10)
    at Console.log (C:\Users\Nuruzzaman\AppData\Local\npm-cache\_npx\7750544ccf494d8b\node_modules\winston\lib\winston\transports\console.js:87:23)
    at Console._write (C:\Users\Nuruzzaman\AppData\Local\npm-cache\_npx\7750544ccf494d8b\node_modules\winston-transport\modern.js:103:17)
    at doWrite (C:\Users\Nuruzzaman\AppData\Local\npm-cache\_npx\7750544ccf494d8b\node_modules\winston-transport\node_modules\readable-stream\lib\_stream_writable.js:390:139)
    at writeOrBuffer (C:\Users\Nuruzzaman\AppData\Local\npm-cache\_npx\7750544ccf494d8b\node_modules\winston-transport\node_modules\readable-stream\lib\_stream_writable.js:381:5)
    at Writable.write (C:\Users\Nuruzzaman\AppData\Local\npm-cache\_npx\7750544ccf494d8b\node_modules\winston-transport\node_modules\readable-stream\lib\_stream_writable.js:302:11)
    at DerivedLogger.ondata (C:\Users\Nuruzzaman\AppData\Local\npm-cache\_npx\7750544ccf494d8b\node_modules\winston\node_modules\readable-stream\lib\_stream_readable.js:629:20)
[error] 
[error] Error: An unexpected error has occurred.
[debug] [2026-06-09T09:11:43.373Z] Error: EPIPE: broken pipe, write
    at Socket._write (node:internal/net:63:18)
    at writeOrBuffer (node:internal/streams/writable:572:12)
    at _write (node:internal/streams/writable:501:10)
    at Writable.write (node:internal/streams/writable:510:10)
    at Console.log (C:\Users\Nuruzzaman\AppData\Local\npm-cache\_npx\7750544ccf494d8b\node_modules\winston\lib\winston\transports\console.js:87:23)
    at Console._write (C:\Users\Nuruzzaman\AppData\Local\npm-cache\_npx\7750544ccf494d8b\node_modules\winston-transport\modern.js:103:17)
    at doWrite (C:\Users\Nuruzzaman\AppData\Local\npm-cache\_npx\7750544ccf494d8b\node_modules\winston-transport\node_modules\readable-stream\lib\_stream_writable.js:390:139)
    at writeOrBuffer (C:\Users\Nuruzzaman\AppData\Local\npm-cache\_npx\7750544ccf494d8b\node_modules\winston-transport\node_modules\readable-stream\lib\_stream_writable.js:381:5)
    at Writable.write (C:\Users\Nuruzzaman\AppData\Local\npm-cache\_npx\7750544ccf494d8b\node_modules\winston-transport\node_modules\readable-stream\lib\_stream_writable.js:302:11)
    at DerivedLogger.ondata (C:\Users\Nuruzzaman\AppData\Local\npm-cache\_npx\7750544ccf494d8b\node_modules\winston\node_modules\readable-stream\lib\_stream_readable.js:629:20)
[error] 
[error] Error: An unexpected error has occurred.
[debug] [2026-06-09T09:11:43.374Z] Error: EPIPE: broken pipe, write
    at Socket._write (node:internal/net:63:18)
    at writeOrBuffer (node:internal/streams/writable:572:12)
    at _write (node:internal/streams/writable:501:10)
    at Writable.write (node:internal/streams/writable:510:10)
    at Console.log (C:\Users\Nuruzzaman\AppData\Local\npm-cache\_npx\7750544ccf494d8b\node_modules\winston\lib\winston\transports\console.js:87:23)
    at Console._write (C:\Users\Nuruzzaman\AppData\Local\npm-cache\_npx\7750544ccf494d8b\node_modules\winston-transport\modern.js:103:17)
    at doWrite (C:\Users\Nuruzzaman\AppData\Local\npm-cache\_npx\7750544ccf494d8b\node_modules\winston-transport\node_modules\readable-stream\lib\_stream_writable.js:390:139)
    at writeOrBuffer (C:\Users\Nuruzzaman\AppData\Local\npm-cache\_npx\7750544ccf494d8b\node_modules\winston-transport\node_modules\readable-stream\lib\_stream_writable.js:381:5)
    at Writable.write (C:\Users\Nuruzzaman\AppData\Local\npm-cache\_npx\7750544ccf494d8b\node_modules\winston-transport\node_modules\readable-stream\lib\_stream_writable.js:302:11)
    at DerivedLogger.ondata (C:\Users\Nuruzzaman\AppData\Local\npm-cache\_npx\7750544ccf494d8b\node_modules\winston\node_modules\readable-stream\lib\_stream_readable.js:629:20)
[error] 
[error] Error: An unexpected error has occurred.
[debug] [2026-06-09T09:11:43.374Z] Error: EPIPE: broken pipe, write
    at Socket._write (node:internal/net:63:18)
    at writeOrBuffer (node:internal/streams/writable:572:12)
    at _write (node:internal/streams/writable:501:10)
    at Writable.write (node:internal/streams/writable:510:10)
    at Console.log (C:\Users\Nuruzzaman\AppData\Local\npm-cache\_npx\7750544ccf494d8b\node_modules\winston\lib\winston\transports\console.js:87:23)
    at Console._write (C:\Users\Nuruzzaman\AppData\Local\npm-cache\_npx\7750544ccf494d8b\node_modules\winston-transport\modern.js:103:17)
    at doWrite (C:\Users\Nuruzzaman\AppData\Local\npm-cache\_npx\7750544ccf494d8b\node_modules\winston-transport\node_modules\readable-stream\lib\_stream_writable.js:390:139)
    at writeOrBuffer (C:\Users\Nuruzzaman\AppData\Local\npm-cache\_npx\7750544ccf494d8b\node_modules\winston-transport\node_modules\readable-stream\lib\_stream_writable.js:381:5)
    at Writable.write (C:\Users\Nuruzzaman\AppData\Local\npm-cache\_npx\7750544ccf494d8b\node_modules\winston-transport\node_modules\readable-stream\lib\_stream_writable.js:302:11)
    at DerivedLogger.ondata (C:\Users\Nuruzzaman\AppData\Local\npm-cache\_npx\7750544ccf494d8b\node_modules\winston\node_modules\readable-stream\lib\_stream_readable.js:629:20)
[error] 
[error] Error: An unexpected error has occurred.
[debug] [2026-06-09T09:11:43.375Z] Error: EPIPE: broken pipe, write
    at Socket._write (node:internal/net:63:18)
    at writeOrBuffer (node:internal/streams/writable:572:12)
    at _write (node:internal/streams/writable:501:10)
    at Writable.write (node:internal/streams/writable:510:10)
    at Console.log (C:\Users\Nuruzzaman\AppData\Local\npm-cache\_npx\7750544ccf494d8b\node_modules\winston\lib\winston\transports\console.js:87:23)
    at Console._write (C:\Users\Nuruzzaman\AppData\Local\npm-cache\_npx\7750544ccf494d8b\node_modules\winston-transport\modern.js:103:17)
    at doWrite (C:\Users\Nuruzzaman\AppData\Local\npm-cache\_npx\7750544ccf494d8b\node_modules\winston-transport\node_modules\readable-stream\lib\_stream_writable.js:390:139)
    at writeOrBuffer (C:\Users\Nuruzzaman\AppData\Local\npm-cache\_npx\7750544ccf494d8b\node_modules\winston-transport\node_modules\readable-stream\lib\_stream_writable.js:381:5)
    at Writable.write (C:\Users\Nuruzzaman\AppData\Local\npm-cache\_npx\7750544ccf494d8b\node_modules\winston-transport\node_modules\readable-stream\lib\_stream_writable.js:302:11)
    at DerivedLogger.ondata (C:\Users\Nuruzzaman\AppData\Local\npm-cache\_npx\7750544ccf494d8b\node_modules\winston\node_modules\readable-stream\lib\_stream_readable.js:629:20)
[error] 
[error] Error: An unexpected error has occurred.
[debug] [2026-06-09T09:11:43.375Z] Error: EPIPE: broken pipe, write
    at Socket._write (node:internal/net:63:18)
    at writeOrBuffer (node:internal/streams/writable:572:12)
    at _write (node:internal/streams/writable:501:10)
    at Writable.write (node:internal/streams/writable:510:10)
    at Console.log (C:\Users\Nuruzzaman\AppData\Local\npm-cache\_npx\7750544ccf494d8b\node_modules\winston\lib\winston\transports\console.js:87:23)
    at Console._write (C:\Users\Nuruzzaman\AppData\Local\npm-cache\_npx\7750544ccf494d8b\node_modules\winston-transport\modern.js:103:17)
    at doWrite (C:\Users\Nuruzzaman\AppData\Local\npm-cache\_npx\7750544ccf494d8b\node_modules\winston-transport\node_modules\readable-stream\lib\_stream_writable.js:390:139)
    at writeOrBuffer (C:\Users\Nuruzzaman\AppData\Local\npm-cache\_npx\7750544ccf494d8b\node_modules\winston-transport\node_modules\readable-stream\lib\_stream_writable.js:381:5)
    at Writable.write (C:\Users\Nuruzzaman\AppData\Local\npm-cache\_npx\7750544ccf494d8b\node_modules\winston-transport\node_modules\readable-stream\lib\_stream_writable.js:302:11)
    at DerivedLogger.ondata (C:\Users\Nuruzzaman\AppData\Local\npm-cache\_npx\7750544ccf494d8b\node_modules\winston\node_modules\readable-stream\lib\_stream_readable.js:629:20)
[error] 
[error] Error: An unexpected error has occurred.
[debug] [2026-06-09T09:11:43.375Z] Error: EPIPE: broken pipe, write
    at Socket._write (node:internal/net:63:18)
    at writeOrBuffer (node:internal/streams/writable:572:12)
    at _write (node:internal/streams/writable:501:10)
    at Writable.write (node:internal/streams/writable:510:10)
    at Console.log (C:\Users\Nuruzzaman\AppData\Local\npm-cache\_npx\7750544ccf494d8b\node_modules\winston\lib\winston\transports\console.js:87:23)
    at Console._write (C:\Users\Nuruzzaman\AppData\Local\npm-cache\_npx\7750544ccf494d8b\node_modules\winston-transport\modern.js:103:17)
    at doWrite (C:\Users\Nuruzzaman\AppData\Local\npm-cache\_npx\7750544ccf494d8b\node_modules\winston-transport\node_modules\readable-stream\lib\_stream_writable.js:390:139)
    at writeOrBuffer (C:\Users\Nuruzzaman\AppData\Local\npm-cache\_npx\7750544ccf494d8b\node_modules\winston-transport\node_modules\readable-stream\lib\_stream_writable.js:381:5)
    at Writable.write (C:\Users\Nuruzzaman\AppData\Local\npm-cache\_npx\7750544ccf494d8b\node_modules\winston-transport\node_modules\readable-stream\lib\_stream_writable.js:302:11)
    at DerivedLogger.ondata (C:\Users\Nuruzzaman\AppData\Local\npm-cache\_npx\7750544ccf494d8b\node_modules\winston\node_modules\readable-stream\lib\_stream_readable.js:629:20)
[error] 
[error] Error: An unexpected error has occurred.
[debug] [2026-06-09T09:11:43.375Z] Error: EPIPE: broken pipe, write
    at Socket._write (node:internal/net:63:18)
    at writeOrBuffer (node:internal/streams/writable:572:12)
    at _write (node:internal/streams/writable:501:10)
    at Writable.write (node:internal/streams/writable:510:10)
    at Console.log (C:\Users\Nuruzzaman\AppData\Local\npm-cache\_npx\7750544ccf494d8b\node_modules\winston\lib\winston\transports\console.js:87:23)
    at Console._write (C:\Users\Nuruzzaman\AppData\Local\npm-cache\_npx\7750544ccf494d8b\node_modules\winston-transport\modern.js:103:17)
    at doWrite (C:\Users\Nuruzzaman\AppData\Local\npm-cache\_npx\7750544ccf494d8b\node_modules\winston-transport\node_modules\readable-stream\lib\_stream_writable.js:390:139)
    at writeOrBuffer (C:\Users\Nuruzzaman\AppData\Local\npm-cache\_npx\7750544ccf494d8b\node_modules\winston-transport\node_modules\readable-stream\lib\_stream_writable.js:381:5)
    at Writable.write (C:\Users\Nuruzzaman\AppData\Local\npm-cache\_npx\7750544ccf494d8b\node_modules\winston-transport\node_modules\readable-stream\lib\_stream_writable.js:302:11)
    at DerivedLogger.ondata (C:\Users\Nuruzzaman\AppData\Local\npm-cache\_npx\7750544ccf494d8b\node_modules\winston\node_modules\readable-stream\lib\_stream_readable.js:629:20)
[error] 
[error] Error: An unexpected error has occurred.
[debug] [2026-06-09T09:11:43.376Z] Error: EPIPE: broken pipe, write
    at Socket._write (node:internal/net:63:18)
    at writeOrBuffer (node:internal/streams/writable:572:12)
    at _write (node:internal/streams/writable:501:10)
    at Writable.write (node:internal/streams/writable:510:10)
    at Console.log (C:\Users\Nuruzzaman\AppData\Local\npm-cache\_npx\7750544ccf494d8b\node_modules\winston\lib\winston\transports\console.js:87:23)
    at Console._write (C:\Users\Nuruzzaman\AppData\Local\npm-cache\_npx\7750544ccf494d8b\node_modules\winston-transport\modern.js:103:17)
    at doWrite (C:\Users\Nuruzzaman\AppData\Local\npm-cache\_npx\7750544ccf494d8b\node_modules\winston-transport\node_modules\readable-stream\lib\_stream_writable.js:390:139)
    at writeOrBuffer (C:\Users\Nuruzzaman\AppData\Local\npm-cache\_npx\7750544ccf494d8b\node_modules\winston-transport\node_modules\readable-stream\lib\_stream_writable.js:381:5)
    at Writable.write (C:\Users\Nuruzzaman\AppData\Local\npm-cache\_npx\7750544ccf494d8b\node_modules\winston-transport\node_modules\readable-stream\lib\_stream_writable.js:302:11)
    at DerivedLogger.ondata (C:\Users\Nuruzzaman\AppData\Local\npm-cache\_npx\7750544ccf494d8b\node_modules\winston\node_modules\readable-stream\lib\_stream_readable.js:629:20)
[error] 
[error] Error: An unexpected error has occurred.
[debug] [2026-06-09T09:11:43.376Z] Error: EPIPE: broken pipe, write
    at Socket._write (node:internal/net:63:18)
    at writeOrBuffer (node:internal/streams/writable:572:12)
    at _write (node:internal/streams/writable:501:10)
    at Writable.write (node:internal/streams/writable:510:10)
    at Console.log (C:\Users\Nuruzzaman\AppData\Local\npm-cache\_npx\7750544ccf494d8b\node_modules\winston\lib\winston\transports\console.js:87:23)
    at Console._write (C:\Users\Nuruzzaman\AppData\Local\npm-cache\_npx\7750544ccf494d8b\node_modules\winston-transport\modern.js:103:17)
    at doWrite (C:\Users\Nuruzzaman\AppData\Local\npm-cache\_npx\7750544ccf494d8b\node_modules\winston-transport\node_modules\readable-stream\lib\_stream_writable.js:390:139)
    at writeOrBuffer (C:\Users\Nuruzzaman\AppData\Local\npm-cache\_npx\7750544ccf494d8b\node_modules\winston-transport\node_modules\readable-stream\lib\_stream_writable.js:381:5)
    at Writable.write (C:\Users\Nuruzzaman\AppData\Local\npm-cache\_npx\7750544ccf494d8b\node_modules\winston-transport\node_modules\readable-stream\lib\_stream_writable.js:302:11)
    at DerivedLogger.ondata (C:\Users\Nuruzzaman\AppData\Local\npm-cache\_npx\7750544ccf494d8b\node_modules\winston\node_modules\readable-stream\lib\_stream_readable.js:629:20)
[error] 
[error] Error: An unexpected error has occurred.
[debug] [2026-06-09T09:11:43.376Z] Error: EPIPE: broken pipe, write
    at Socket._write (node:internal/net:63:18)
    at writeOrBuffer (node:internal/streams/writable:572:12)
    at _write (node:internal/streams/writable:501:10)
    at Writable.write (node:internal/streams/writable:510:10)
    at Console.log (C:\Users\Nuruzzaman\AppData\Local\npm-cache\_npx\7750544ccf494d8b\node_modules\winston\lib\winston\transports\console.js:87:23)
    at Console._write (C:\Users\Nuruzzaman\AppData\Local\npm-cache\_npx\7750544ccf494d8b\node_modules\winston-transport\modern.js:103:17)
    at doWrite (C:\Users\Nuruzzaman\AppData\Local\npm-cache\_npx\7750544ccf494d8b\node_modules\winston-transport\node_modules\readable-stream\lib\_stream_writable.js:390:139)
    at writeOrBuffer (C:\Users\Nuruzzaman\AppData\Local\npm-cache\_npx\7750544ccf494d8b\node_modules\winston-transport\node_modules\readable-stream\lib\_stream_writable.js:381:5)
    at Writable.write (C:\Users\Nuruzzaman\AppData\Local\npm-cache\_npx\7750544ccf494d8b\node_modules\winston-transport\node_modules\readable-stream\lib\_stream_writable.js:302:11)
    at DerivedLogger.ondata (C:\Users\Nuruzzaman\AppData\Local\npm-cache\_npx\7750544ccf494d8b\node_modules\winston\node_modules\readable-stream\lib\_stream_readable.js:629:20)
[error] 
[error] Error: An unexpected error has occurred.
[debug] [2026-06-09T09:11:43.377Z] Error: EPIPE: broken pipe, write
    at Socket._write (node:internal/net:63:18)
    at writeOrBuffer (node:internal/streams/writable:572:12)
    at _write (node:internal/streams/writable:501:10)
    at Writable.write (node:internal/streams/writable:510:10)
    at Console.log (C:\Users\Nuruzzaman\AppData\Local\npm-cache\_npx\7750544ccf494d8b\node_modules\winston\lib\winston\transports\console.js:87:23)
    at Console._write (C:\Users\Nuruzzaman\AppData\Local\npm-cache\_npx\7750544ccf494d8b\node_modules\winston-transport\modern.js:103:17)
    at doWrite (C:\Users\Nuruzzaman\AppData\Local\npm-cache\_npx\7750544ccf494d8b\node_modules\winston-transport\node_modules\readable-stream\lib\_stream_writable.js:390:139)
    at writeOrBuffer (C:\Users\Nuruzzaman\AppData\Local\npm-cache\_npx\7750544ccf494d8b\node_modules\winston-transport\node_modules\readable-stream\lib\_stream_writable.js:381:5)
    at Writable.write (C:\Users\Nuruzzaman\AppData\Local\npm-cache\_npx\7750544ccf494d8b\node_modules\winston-transport\node_modules\readable-stream\lib\_stream_writable.js:302:11)
    at DerivedLogger.ondata (C:\Users\Nuruzzaman\AppData\Local\npm-cache\_npx\7750544ccf494d8b\node_modules\winston\node_modules\readable-stream\lib\_stream_readable.js:629:20)
[error] 
[error] Error: An unexpected error has occurred.
[debug] [2026-06-09T09:11:43.377Z] Error: EPIPE: broken pipe, write
    at Socket._write (node:internal/net:63:18)
    at writeOrBuffer (node:internal/streams/writable:572:12)
    at _write (node:internal/streams/writable:501:10)
    at Writable.write (node:internal/streams/writable:510:10)
    at Console.log (C:\Users\Nuruzzaman\AppData\Local\npm-cache\_npx\7750544ccf494d8b\node_modules\winston\lib\winston\transports\console.js:87:23)
    at Console._write (C:\Users\Nuruzzaman\AppData\Local\npm-cache\_npx\7750544ccf494d8b\node_modules\winston-transport\modern.js:103:17)
    at doWrite (C:\Users\Nuruzzaman\AppData\Local\npm-cache\_npx\7750544ccf494d8b\node_modules\winston-transport\node_modules\readable-stream\lib\_stream_writable.js:390:139)
    at writeOrBuffer (C:\Users\Nuruzzaman\AppData\Local\npm-cache\_npx\7750544ccf494d8b\node_modules\winston-transport\node_modules\readable-stream\lib\_stream_writable.js:381:5)
    at Writable.write (C:\Users\Nuruzzaman\AppData\Local\npm-cache\_npx\7750544ccf494d8b\node_modules\winston-transport\node_modules\readable-stream\lib\_stream_writable.js:302:11)
    at DerivedLogger.ondata (C:\Users\Nuruzzaman\AppData\Local\npm-cache\_npx\7750544ccf494d8b\node_modules\winston\node_modules\readable-stream\lib\_stream_readable.js:629:20)
[error] 
[error] Error: An unexpected error has occurred.
[debug] [2026-06-09T09:11:43.378Z] Error: EPIPE: broken pipe, write
    at Socket._write (node:internal/net:63:18)
    at writeOrBuffer (node:internal/streams/writable:572:12)
    at _write (node:internal/streams/writable:501:10)
    at Writable.write (node:internal/streams/writable:510:10)
    at Console.log (C:\Users\Nuruzzaman\AppData\Local\npm-cache\_npx\7750544ccf494d8b\node_modules\winston\lib\winston\transports\console.js:87:23)
    at Console._write (C:\Users\Nuruzzaman\AppData\Local\npm-cache\_npx\7750544ccf494d8b\node_modules\winston-transport\modern.js:103:17)
    at doWrite (C:\Users\Nuruzzaman\AppData\Local\npm-cache\_npx\7750544ccf494d8b\node_modules\winston-transport\node_modules\readable-stream\lib\_stream_writable.js:390:139)
    at writeOrBuffer (C:\Users\Nuruzzaman\AppData\Local\npm-cache\_npx\7750544ccf494d8b\node_modules\winston-transport\node_modules\readable-stream\lib\_stream_writable.js:381:5)
    at Writable.write (C:\Users\Nuruzzaman\AppData\Local\npm-cache\_npx\7750544ccf494d8b\node_modules\winston-transport\node_modules\readable-stream\lib\_stream_writable.js:302:11)
    at DerivedLogger.ondata (C:\Users\Nuruzzaman\AppData\Local\npm-cache\_npx\7750544ccf494d8b\node_modules\winston\node_modules\readable-stream\lib\_stream_readable.js:629:20)
[error] 
[error] Error: An unexpected error has occurred.
[debug] [2026-06-09T09:11:43.378Z] Error: EPIPE: broken pipe, write
    at Socket._write (node:internal/net:63:18)
    at writeOrBuffer (node:internal/streams/writable:572:12)
    at _write (node:internal/streams/writable:501:10)
    at Writable.write (node:internal/streams/writable:510:10)
    at Console.log (C:\Users\Nuruzzaman\AppData\Local\npm-cache\_npx\7750544ccf494d8b\node_modules\winston\lib\winston\transports\console.js:87:23)
    at Console._write (C:\Users\Nuruzzaman\AppData\Local\npm-cache\_npx\7750544ccf494d8b\node_modules\winston-transport\modern.js:103:17)
    at doWrite (C:\Users\Nuruzzaman\AppData\Local\npm-cache\_npx\7750544ccf494d8b\node_modules\winston-transport\node_modules\readable-stream\lib\_stream_writable.js:390:139)
    at writeOrBuffer (C:\Users\Nuruzzaman\AppData\Local\npm-cache\_npx\7750544ccf494d8b\node_modules\winston-transport\node_modules\readable-stream\lib\_stream_writable.js:381:5)
    at Writable.write (C:\Users\Nuruzzaman\AppData\Local\npm-cache\_npx\7750544ccf494d8b\node_modules\winston-transport\node_modules\readable-stream\lib\_stream_writable.js:302:11)
    at DerivedLogger.ondata (C:\Users\Nuruzzaman\AppData\Local\npm-cache\_npx\7750544ccf494d8b\node_modules\winston\node_modules\readable-stream\lib\_stream_readable.js:629:20)
[error] 
[error] Error: An unexpected error has occurred.
[debug] [2026-06-09T09:11:43.382Z] Error: EPIPE: broken pipe, write
    at Socket._write (node:internal/net:63:18)
    at writeOrBuffer (node:internal/streams/writable:572:12)
    at _write (node:internal/streams/writable:501:10)
    at Writable.write (node:internal/streams/writable:510:10)
    at Console.log (C:\Users\Nuruzzaman\AppData\Local\npm-cache\_npx\7750544ccf494d8b\node_modules\winston\lib\winston\transports\console.js:87:23)
    at Console._write (C:\Users\Nuruzzaman\AppData\Local\npm-cache\_npx\7750544ccf494d8b\node_modules\winston-transport\modern.js:103:17)
    at doWrite (C:\Users\Nuruzzaman\AppData\Local\npm-cache\_npx\7750544ccf494d8b\node_modules\winston-transport\node_modules\readable-stream\lib\_stream_writable.js:390:139)
    at writeOrBuffer (C:\Users\Nuruzzaman\AppData\Local\npm-cache\_npx\7750544ccf494d8b\node_modules\winston-transport\node_modules\readable-stream\lib\_stream_writable.js:381:5)
    at Writable.write (C:\Users\Nuruzzaman\AppData\Local\npm-cache\_npx\7750544ccf494d8b\node_modules\winston-transport\node_modules\readable-stream\lib\_stream_writable.js:302:11)
    at DerivedLogger.ondata (C:\Users\Nuruzzaman\AppData\Local\npm-cache\_npx\7750544ccf494d8b\node_modules\winston\node_modules\readable-stream\lib\_stream_readable.js:629:20)
[error] 
[error] Error: An unexpected error has occurred.
[debug] [2026-06-09T09:11:43.383Z] Error: EPIPE: broken pipe, write
    at Socket._write (node:internal/net:63:18)
    at writeOrBuffer (node:internal/streams/writable:572:12)
    at _write (node:internal/streams/writable:501:10)
    at Writable.write (node:internal/streams/writable:510:10)
    at Console.log (C:\Users\Nuruzzaman\AppData\Local\npm-cache\_npx\7750544ccf494d8b\node_modules\winston\lib\winston\transports\console.js:87:23)
    at Console._write (C:\Users\Nuruzzaman\AppData\Local\npm-cache\_npx\7750544ccf494d8b\node_modules\winston-transport\modern.js:103:17)
    at doWrite (C:\Users\Nuruzzaman\AppData\Local\npm-cache\_npx\7750544ccf494d8b\node_modules\winston-transport\node_modules\readable-stream\lib\_stream_writable.js:390:139)
    at writeOrBuffer (C:\Users\Nuruzzaman\AppData\Local\npm-cache\_npx\7750544ccf494d8b\node_modules\winston-transport\node_modules\readable-stream\lib\_stream_writable.js:381:5)
    at Writable.write (C:\Users\Nuruzzaman\AppData\Local\npm-cache\_npx\7750544ccf494d8b\node_modules\winston-transport\node_modules\readable-stream\lib\_stream_writable.js:302:11)
    at DerivedLogger.ondata (C:\Users\Nuruzzaman\AppData\Local\npm-cache\_npx\7750544ccf494d8b\node_modules\winston\node_modules\readable-stream\lib\_stream_readable.js:629:20)
[error] 
[error] Error: An unexpected error has occurred.
[debug] [2026-06-09T09:11:43.383Z] Error: EPIPE: broken pipe, write
    at Socket._write (node:internal/net:63:18)
    at writeOrBuffer (node:internal/streams/writable:572:12)
    at _write (node:internal/streams/writable:501:10)
    at Writable.write (node:internal/streams/writable:510:10)
    at Console.log (C:\Users\Nuruzzaman\AppData\Local\npm-cache\_npx\7750544ccf494d8b\node_modules\winston\lib\winston\transports\console.js:87:23)
    at Console._write (C:\Users\Nuruzzaman\AppData\Local\npm-cache\_npx\7750544ccf494d8b\node_modules\winston-transport\modern.js:103:17)
    at doWrite (C:\Users\Nuruzzaman\AppData\Local\npm-cache\_npx\7750544ccf494d8b\node_modules\winston-transport\node_modules\readable-stream\lib\_stream_writable.js:390:139)
    at writeOrBuffer (C:\Users\Nuruzzaman\AppData\Local\npm-cache\_npx\7750544ccf494d8b\node_modules\winston-transport\node_modules\readable-stream\lib\_stream_writable.js:381:5)
    at Writable.write (C:\Users\Nuruzzaman\AppData\Local\npm-cache\_npx\7750544ccf494d8b\node_modules\winston-transport\node_modules\readable-stream\lib\_stream_writable.js:302:11)
    at DerivedLogger.ondata (C:\Users\Nuruzzaman\AppData\Local\npm-cache\_npx\7750544ccf494d8b\node_modules\winston\node_modules\readable-stream\lib\_stream_readable.js:629:20)
[error] 
[error] Error: An unexpected error has occurred.
[debug] [2026-06-09T09:11:43.384Z] Error: EPIPE: broken pipe, write
    at Socket._write (node:internal/net:63:18)
    at writeOrBuffer (node:internal/streams/writable:572:12)
    at _write (node:internal/streams/writable:501:10)
    at Writable.write (node:internal/streams/writable:510:10)
    at Console.log (C:\Users\Nuruzzaman\AppData\Local\npm-cache\_npx\7750544ccf494d8b\node_modules\winston\lib\winston\transports\console.js:87:23)
    at Console._write (C:\Users\Nuruzzaman\AppData\Local\npm-cache\_npx\7750544ccf494d8b\node_modules\winston-transport\modern.js:103:17)
    at doWrite (C:\Users\Nuruzzaman\AppData\Local\npm-cache\_npx\7750544ccf494d8b\node_modules\winston-transport\node_modules\readable-stream\lib\_stream_writable.js:390:139)
    at writeOrBuffer (C:\Users\Nuruzzaman\AppData\Local\npm-cache\_npx\7750544ccf494d8b\node_modules\winston-transport\node_modules\readable-stream\lib\_stream_writable.js:381:5)
    at Writable.write (C:\Users\Nuruzzaman\AppData\Local\npm-cache\_npx\7750544ccf494d8b\node_modules\winston-transport\node_modules\readable-stream\lib\_stream_writable.js:302:11)
    at DerivedLogger.ondata (C:\Users\Nuruzzaman\AppData\Local\npm-cache\_npx\7750544ccf494d8b\node_modules\winston\node_modules\readable-stream\lib\_stream_readable.js:629:20)
[error] 
[error] Error: An unexpected error has occurred.
[debug] [2026-06-09T09:11:43.384Z] Error: EPIPE: broken pipe, write
    at Socket._write (node:internal/net:63:18)
    at writeOrBuffer (node:internal/streams/writable:572:12)
    at _write (node:internal/streams/writable:501:10)
    at Writable.write (node:internal/streams/writable:510:10)
    at Console.log (C:\Users\Nuruzzaman\AppData\Local\npm-cache\_npx\7750544ccf494d8b\node_modules\winston\lib\winston\transports\console.js:87:23)
    at Console._write (C:\Users\Nuruzzaman\AppData\Local\npm-cache\_npx\7750544ccf494d8b\node_modules\winston-transport\modern.js:103:17)
    at doWrite (C:\Users\Nuruzzaman\AppData\Local\npm-cache\_npx\7750544ccf494d8b\node_modules\winston-transport\node_modules\readable-stream\lib\_stream_writable.js:390:139)
    at writeOrBuffer (C:\Users\Nuruzzaman\AppData\Local\npm-cache\_npx\7750544ccf494d8b\node_modules\winston-transport\node_modules\readable-stream\lib\_stream_writable.js:381:5)
    at Writable.write (C:\Users\Nuruzzaman\AppData\Local\npm-cache\_npx\7750544ccf494d8b\node_modules\winston-transport\node_modules\readable-stream\lib\_stream_writable.js:302:11)
    at DerivedLogger.ondata (C:\Users\Nuruzzaman\AppData\Local\npm-cache\_npx\7750544ccf494d8b\node_modules\winston\node_modules\readable-stream\lib\_stream_readable.js:629:20)
[error] 
[error] Error: An unexpected error has occurred.
[debug] [2026-06-09T09:11:43.385Z] Error: EPIPE: broken pipe, write
    at Socket._write (node:internal/net:63:18)
    at writeOrBuffer (node:internal/streams/writable:572:12)
    at _write (node:internal/streams/writable:501:10)
    at Writable.write (node:internal/streams/writable:510:10)
    at Console.log (C:\Users\Nuruzzaman\AppData\Local\npm-cache\_npx\7750544ccf494d8b\node_modules\winston\lib\winston\transports\console.js:87:23)
    at Console._write (C:\Users\Nuruzzaman\AppData\Local\npm-cache\_npx\7750544ccf494d8b\node_modules\winston-transport\modern.js:103:17)
    at doWrite (C:\Users\Nuruzzaman\AppData\Local\npm-cache\_npx\7750544ccf494d8b\node_modules\winston-transport\node_modules\readable-stream\lib\_stream_writable.js:390:139)
    at writeOrBuffer (C:\Users\Nuruzzaman\AppData\Local\npm-cache\_npx\7750544ccf494d8b\node_modules\winston-transport\node_modules\readable-stream\lib\_stream_writable.js:381:5)
    at Writable.write (C:\Users\Nuruzzaman\AppData\Local\npm-cache\_npx\7750544ccf494d8b\node_modules\winston-transport\node_modules\readable-stream\lib\_stream_writable.js:302:11)
    at DerivedLogger.ondata (C:\Users\Nuruzzaman\AppData\Local\npm-cache\_npx\7750544ccf494d8b\node_modules\winston\node_modules\readable-stream\lib\_stream_readable.js:629:20)
[error] 
[error] Error: An unexpected error has occurred.
[debug] [2026-06-09T09:11:43.385Z] Error: EPIPE: broken pipe, write
    at Socket._write (node:internal/net:63:18)
    at writeOrBuffer (node:internal/streams/writable:572:12)
    at _write (node:internal/streams/writable:501:10)
    at Writable.write (node:internal/streams/writable:510:10)
    at Console.log (C:\Users\Nuruzzaman\AppData\Local\npm-cache\_npx\7750544ccf494d8b\node_modules\winston\lib\winston\transports\console.js:87:23)
    at Console._write (C:\Users\Nuruzzaman\AppData\Local\npm-cache\_npx\7750544ccf494d8b\node_modules\winston-transport\modern.js:103:17)
    at doWrite (C:\Users\Nuruzzaman\AppData\Local\npm-cache\_npx\7750544ccf494d8b\node_modules\winston-transport\node_modules\readable-stream\lib\_stream_writable.js:390:139)
    at writeOrBuffer (C:\Users\Nuruzzaman\AppData\Local\npm-cache\_npx\7750544ccf494d8b\node_modules\winston-transport\node_modules\readable-stream\lib\_stream_writable.js:381:5)
    at Writable.write (C:\Users\Nuruzzaman\AppData\Local\npm-cache\_npx\7750544ccf494d8b\node_modules\winston-transport\node_modules\readable-stream\lib\_stream_writable.js:302:11)
    at DerivedLogger.ondata (C:\Users\Nuruzzaman\AppData\Local\npm-cache\_npx\7750544ccf494d8b\node_modules\winston\node_modules\readable-stream\lib\_stream_readable.js:629:20)
[error] 
[error] Error: An unexpected error has occurred.
[debug] [2026-06-09T09:11:43.385Z] Error: EPIPE: broken pipe, write
    at Socket._write (node:internal/net:63:18)
    at writeOrBuffer (node:internal/streams/writable:572:12)
    at _write (node:internal/streams/writable:501:10)
    at Writable.write (node:internal/streams/writable:510:10)
    at Console.log (C:\Users\Nuruzzaman\AppData\Local\npm-cache\_npx\7750544ccf494d8b\node_modules\winston\lib\winston\transports\console.js:87:23)
    at Console._write (C:\Users\Nuruzzaman\AppData\Local\npm-cache\_npx\7750544ccf494d8b\node_modules\winston-transport\modern.js:103:17)
    at doWrite (C:\Users\Nuruzzaman\AppData\Local\npm-cache\_npx\7750544ccf494d8b\node_modules\winston-transport\node_modules\readable-stream\lib\_stream_writable.js:390:139)
    at writeOrBuffer (C:\Users\Nuruzzaman\AppData\Local\npm-cache\_npx\7750544ccf494d8b\node_modules\winston-transport\node_modules\readable-stream\lib\_stream_writable.js:381:5)
    at Writable.write (C:\Users\Nuruzzaman\AppData\Local\npm-cache\_npx\7750544ccf494d8b\node_modules\winston-transport\node_modules\readable-stream\lib\_stream_writable.js:302:11)
    at DerivedLogger.ondata (C:\Users\Nuruzzaman\AppData\Local\npm-cache\_npx\7750544ccf494d8b\node_modules\winston\node_modules\readable-stream\lib\_stream_readable.js:629:20)
[error] 
[error] Error: An unexpected error has occurred.
[debug] [2026-06-09T09:11:43.386Z] Error: EPIPE: broken pipe, write
    at Socket._write (node:internal/net:63:18)
    at writeOrBuffer (node:internal/streams/writable:572:12)
    at _write (node:internal/streams/writable:501:10)
    at Writable.write (node:internal/streams/writable:510:10)
    at Console.log (C:\Users\Nuruzzaman\AppData\Local\npm-cache\_npx\7750544ccf494d8b\node_modules\winston\lib\winston\transports\console.js:87:23)
    at Console._write (C:\Users\Nuruzzaman\AppData\Local\npm-cache\_npx\7750544ccf494d8b\node_modules\winston-transport\modern.js:103:17)
    at doWrite (C:\Users\Nuruzzaman\AppData\Local\npm-cache\_npx\7750544ccf494d8b\node_modules\winston-transport\node_modules\readable-stream\lib\_stream_writable.js:390:139)
    at writeOrBuffer (C:\Users\Nuruzzaman\AppData\Local\npm-cache\_npx\7750544ccf494d8b\node_modules\winston-transport\node_modules\readable-stream\lib\_stream_writable.js:381:5)
    at Writable.write (C:\Users\Nuruzzaman\AppData\Local\npm-cache\_npx\7750544ccf494d8b\node_modules\winston-transport\node_modules\readable-stream\lib\_stream_writable.js:302:11)
    at DerivedLogger.ondata (C:\Users\Nuruzzaman\AppData\Local\npm-cache\_npx\7750544ccf494d8b\node_modules\winston\node_modules\readable-stream\lib\_stream_readable.js:629:20)
[error] 
[error] Error: An unexpected error has occurred.
[debug] [2026-06-09T09:11:43.386Z] Error: EPIPE: broken pipe, write
    at Socket._write (node:internal/net:63:18)
    at writeOrBuffer (node:internal/streams/writable:572:12)
    at _write (node:internal/streams/writable:501:10)
    at Writable.write (node:internal/streams/writable:510:10)
    at Console.log (C:\Users\Nuruzzaman\AppData\Local\npm-cache\_npx\7750544ccf494d8b\node_modules\winston\lib\winston\transports\console.js:87:23)
    at Console._write (C:\Users\Nuruzzaman\AppData\Local\npm-cache\_npx\7750544ccf494d8b\node_modules\winston-transport\modern.js:103:17)
    at doWrite (C:\Users\Nuruzzaman\AppData\Local\npm-cache\_npx\7750544ccf494d8b\node_modules\winston-transport\node_modules\readable-stream\lib\_stream_writable.js:390:139)
    at writeOrBuffer (C:\Users\Nuruzzaman\AppData\Local\npm-cache\_npx\7750544ccf494d8b\node_modules\winston-transport\node_modules\readable-stream\lib\_stream_writable.js:381:5)
    at Writable.write (C:\Users\Nuruzzaman\AppData\Local\npm-cache\_npx\7750544ccf494d8b\node_modules\winston-transport\node_modules\readable-stream\lib\_stream_writable.js:302:11)
    at DerivedLogger.ondata (C:\Users\Nuruzzaman\AppData\Local\npm-cache\_npx\7750544ccf494d8b\node_modules\winston\node_modules\readable-stream\lib\_stream_readable.js:629:20)
[error] 
[error] Error: An unexpected error has occurred.
[debug] [2026-06-09T09:11:43.387Z] Error: EPIPE: broken pipe, write
    at Socket._write (node:internal/net:63:18)
    at writeOrBuffer (node:internal/streams/writable:572:12)
    at _write (node:internal/streams/writable:501:10)
    at Writable.write (node:internal/streams/writable:510:10)
    at Console.log (C:\Users\Nuruzzaman\AppData\Local\npm-cache\_npx\7750544ccf494d8b\node_modules\winston\lib\winston\transports\console.js:87:23)
    at Console._write (C:\Users\Nuruzzaman\AppData\Local\npm-cache\_npx\7750544ccf494d8b\node_modules\winston-transport\modern.js:103:17)
    at doWrite (C:\Users\Nuruzzaman\AppData\Local\npm-cache\_npx\7750544ccf494d8b\node_modules\winston-transport\node_modules\readable-stream\lib\_stream_writable.js:390:139)
    at writeOrBuffer (C:\Users\Nuruzzaman\AppData\Local\npm-cache\_npx\7750544ccf494d8b\node_modules\winston-transport\node_modules\readable-stream\lib\_stream_writable.js:381:5)
    at Writable.write (C:\Users\Nuruzzaman\AppData\Local\npm-cache\_npx\7750544ccf494d8b\node_modules\winston-transport\node_modules\readable-stream\lib\_stream_writable.js:302:11)
    at DerivedLogger.ondata (C:\Users\Nuruzzaman\AppData\Local\npm-cache\_npx\7750544ccf494d8b\node_modules\winston\node_modules\readable-stream\lib\_stream_readable.js:629:20)
[error] 
[error] Error: An unexpected error has occurred.
[debug] [2026-06-09T09:11:43.387Z] Error: EPIPE: broken pipe, write
    at Socket._write (node:internal/net:63:18)
    at writeOrBuffer (node:internal/streams/writable:572:12)
    at _write (node:internal/streams/writable:501:10)
    at Writable.write (node:internal/streams/writable:510:10)
    at Console.log (C:\Users\Nuruzzaman\AppData\Local\npm-cache\_npx\7750544ccf494d8b\node_modules\winston\lib\winston\transports\console.js:87:23)
    at Console._write (C:\Users\Nuruzzaman\AppData\Local\npm-cache\_npx\7750544ccf494d8b\node_modules\winston-transport\modern.js:103:17)
    at doWrite (C:\Users\Nuruzzaman\AppData\Local\npm-cache\_npx\7750544ccf494d8b\node_modules\winston-transport\node_modules\readable-stream\lib\_stream_writable.js:390:139)
    at writeOrBuffer (C:\Users\Nuruzzaman\AppData\Local\npm-cache\_npx\7750544ccf494d8b\node_modules\winston-transport\node_modules\readable-stream\lib\_stream_writable.js:381:5)
    at Writable.write (C:\Users\Nuruzzaman\AppData\Local\npm-cache\_npx\7750544ccf494d8b\node_modules\winston-transport\node_modules\readable-stream\lib\_stream_writable.js:302:11)
    at DerivedLogger.ondata (C:\Users\Nuruzzaman\AppData\Local\npm-cache\_npx\7750544ccf494d8b\node_modules\winston\node_modules\readable-stream\lib\_stream_readable.js:629:20)
[error] 
[error] Error: An unexpected error has occurred.
[debug] [2026-06-09T09:11:43.387Z] Error: EPIPE: broken pipe, write
    at Socket._write (node:internal/net:63:18)
    at writeOrBuffer (node:internal/streams/writable:572:12)
    at _write (node:internal/streams/writable:501:10)
    at Writable.write (node:internal/streams/writable:510:10)
    at Console.log (C:\Users\Nuruzzaman\AppData\Local\npm-cache\_npx\7750544ccf494d8b\node_modules\winston\lib\winston\transports\console.js:87:23)
    at Console._write (C:\Users\Nuruzzaman\AppData\Local\npm-cache\_npx\7750544ccf494d8b\node_modules\winston-transport\modern.js:103:17)
    at doWrite (C:\Users\Nuruzzaman\AppData\Local\npm-cache\_npx\7750544ccf494d8b\node_modules\winston-transport\node_modules\readable-stream\lib\_stream_writable.js:390:139)
    at writeOrBuffer (C:\Users\Nuruzzaman\AppData\Local\npm-cache\_npx\7750544ccf494d8b\node_modules\winston-transport\node_modules\readable-stream\lib\_stream_writable.js:381:5)
    at Writable.write (C:\Users\Nuruzzaman\AppData\Local\npm-cache\_npx\7750544ccf494d8b\node_modules\winston-transport\node_modules\readable-stream\lib\_stream_writable.js:302:11)
    at DerivedLogger.ondata (C:\Users\Nuruzzaman\AppData\Local\npm-cache\_npx\7750544ccf494d8b\node_modules\winston\node_modules\readable-stream\lib\_stream_readable.js:629:20)
[error] 
[error] Error: An unexpected error has occurred.
[debug] [2026-06-09T09:11:43.388Z] Error: EPIPE: broken pipe, write
    at Socket._write (node:internal/net:63:18)
    at writeOrBuffer (node:internal/streams/writable:572:12)
    at _write (node:internal/streams/writable:501:10)
    at Writable.write (node:internal/streams/writable:510:10)
    at Console.log (C:\Users\Nuruzzaman\AppData\Local\npm-cache\_npx\7750544ccf494d8b\node_modules\winston\lib\winston\transports\console.js:87:23)
    at Console._write (C:\Users\Nuruzzaman\AppData\Local\npm-cache\_npx\7750544ccf494d8b\node_modules\winston-transport\modern.js:103:17)
    at doWrite (C:\Users\Nuruzzaman\AppData\Local\npm-cache\_npx\7750544ccf494d8b\node_modules\winston-transport\node_modules\readable-stream\lib\_stream_writable.js:390:139)
    at writeOrBuffer (C:\Users\Nuruzzaman\AppData\Local\npm-cache\_npx\7750544ccf494d8b\node_modules\winston-transport\node_modules\readable-stream\lib\_stream_writable.js:381:5)
    at Writable.write (C:\Users\Nuruzzaman\AppData\Local\npm-cache\_npx\7750544ccf494d8b\node_modules\winston-transport\node_modules\readable-stream\lib\_stream_writable.js:302:11)
    at DerivedLogger.ondata (C:\Users\Nuruzzaman\AppData\Local\npm-cache\_npx\7750544ccf494d8b\node_modules\winston\node_modules\readable-stream\lib\_stream_readable.js:629:20)
[error] 
[error] Error: An unexpected error has occurred.
[debug] [2026-06-09T09:11:43.389Z] Error: EPIPE: broken pipe, write
    at Socket._write (node:internal/net:63:18)
    at writeOrBuffer (node:internal/streams/writable:572:12)
    at _write (node:internal/streams/writable:501:10)
    at Writable.write (node:internal/streams/writable:510:10)
    at Console.log (C:\Users\Nuruzzaman\AppData\Local\npm-cache\_npx\7750544ccf494d8b\node_modules\winston\lib\winston\transports\console.js:87:23)
    at Console._write (C:\Users\Nuruzzaman\AppData\Local\npm-cache\_npx\7750544ccf494d8b\node_modules\winston-transport\modern.js:103:17)
    at doWrite (C:\Users\Nuruzzaman\AppData\Local\npm-cache\_npx\7750544ccf494d8b\node_modules\winston-transport\node_modules\readable-stream\lib\_stream_writable.js:390:139)
    at writeOrBuffer (C:\Users\Nuruzzaman\AppData\Local\npm-cache\_npx\7750544ccf494d8b\node_modules\winston-transport\node_modules\readable-stream\lib\_stream_writable.js:381:5)
    at Writable.write (C:\Users\Nuruzzaman\AppData\Local\npm-cache\_npx\7750544ccf494d8b\node_modules\winston-transport\node_modules\readable-stream\lib\_stream_writable.js:302:11)
    at DerivedLogger.ondata (C:\Users\Nuruzzaman\AppData\Local\npm-cache\_npx\7750544ccf494d8b\node_modules\winston\node_modules\readable-stream\lib\_stream_readable.js:629:20)
[error] 
[error] Error: An unexpected error has occurred.
[debug] [2026-06-09T09:11:43.389Z] Error: EPIPE: broken pipe, write
    at Socket._write (node:internal/net:63:18)
    at writeOrBuffer (node:internal/streams/writable:572:12)
    at _write (node:internal/streams/writable:501:10)
    at Writable.write (node:internal/streams/writable:510:10)
    at Console.log (C:\Users\Nuruzzaman\AppData\Local\npm-cache\_npx\7750544ccf494d8b\node_modules\winston\lib\winston\transports\console.js:87:23)
    at Console._write (C:\Users\Nuruzzaman\AppData\Local\npm-cache\_npx\7750544ccf494d8b\node_modules\winston-transport\modern.js:103:17)
    at doWrite (C:\Users\Nuruzzaman\AppData\Local\npm-cache\_npx\7750544ccf494d8b\node_modules\winston-transport\node_modules\readable-stream\lib\_stream_writable.js:390:139)
    at writeOrBuffer (C:\Users\Nuruzzaman\AppData\Local\npm-cache\_npx\7750544ccf494d8b\node_modules\winston-transport\node_modules\readable-stream\lib\_stream_writable.js:381:5)
    at Writable.write (C:\Users\Nuruzzaman\AppData\Local\npm-cache\_npx\7750544ccf494d8b\node_modules\winston-transport\node_modules\readable-stream\lib\_stream_writable.js:302:11)
    at DerivedLogger.ondata (C:\Users\Nuruzzaman\AppData\Local\npm-cache\_npx\7750544ccf494d8b\node_modules\winston\node_modules\readable-stream\lib\_stream_readable.js:629:20)
[error] 
[error] Error: An unexpected error has occurred.
[debug] [2026-06-09T09:11:43.390Z] Error: EPIPE: broken pipe, write
    at Socket._write (node:internal/net:63:18)
    at writeOrBuffer (node:internal/streams/writable:572:12)
    at _write (node:internal/streams/writable:501:10)
    at Writable.write (node:internal/streams/writable:510:10)
    at Console.log (C:\Users\Nuruzzaman\AppData\Local\npm-cache\_npx\7750544ccf494d8b\node_modules\winston\lib\winston\transports\console.js:87:23)
    at Console._write (C:\Users\Nuruzzaman\AppData\Local\npm-cache\_npx\7750544ccf494d8b\node_modules\winston-transport\modern.js:103:17)
    at doWrite (C:\Users\Nuruzzaman\AppData\Local\npm-cache\_npx\7750544ccf494d8b\node_modules\winston-transport\node_modules\readable-stream\lib\_stream_writable.js:390:139)
    at writeOrBuffer (C:\Users\Nuruzzaman\AppData\Local\npm-cache\_npx\7750544ccf494d8b\node_modules\winston-transport\node_modules\readable-stream\lib\_stream_writable.js:381:5)
    at Writable.write (C:\Users\Nuruzzaman\AppData\Local\npm-cache\_npx\7750544ccf494d8b\node_modules\winston-transport\node_modules\readable-stream\lib\_stream_writable.js:302:11)
    at DerivedLogger.ondata (C:\Users\Nuruzzaman\AppData\Local\npm-cache\_npx\7750544ccf494d8b\node_modules\winston\node_modules\readable-stream\lib\_stream_readable.js:629:20)
[error] 
[error] Error: An unexpected error has occurred.
[debug] [2026-06-09T09:11:43.390Z] Error: EPIPE: broken pipe, write
    at Socket._write (node:internal/net:63:18)
    at writeOrBuffer (node:internal/streams/writable:572:12)
    at _write (node:internal/streams/writable:501:10)
    at Writable.write (node:internal/streams/writable:510:10)
    at Console.log (C:\Users\Nuruzzaman\AppData\Local\npm-cache\_npx\7750544ccf494d8b\node_modules\winston\lib\winston\transports\console.js:87:23)
    at Console._write (C:\Users\Nuruzzaman\AppData\Local\npm-cache\_npx\7750544ccf494d8b\node_modules\winston-transport\modern.js:103:17)
    at doWrite (C:\Users\Nuruzzaman\AppData\Local\npm-cache\_npx\7750544ccf494d8b\node_modules\winston-transport\node_modules\readable-stream\lib\_stream_writable.js:390:139)
    at writeOrBuffer (C:\Users\Nuruzzaman\AppData\Local\npm-cache\_npx\7750544ccf494d8b\node_modules\winston-transport\node_modules\readable-stream\lib\_stream_writable.js:381:5)
    at Writable.write (C:\Users\Nuruzzaman\AppData\Local\npm-cache\_npx\7750544ccf494d8b\node_modules\winston-transport\node_modules\readable-stream\lib\_stream_writable.js:302:11)
    at DerivedLogger.ondata (C:\Users\Nuruzzaman\AppData\Local\npm-cache\_npx\7750544ccf494d8b\node_modules\winston\node_modules\readable-stream\lib\_stream_readable.js:629:20)
[error] 
[error] Error: An unexpected error has occurred.
[debug] [2026-06-09T09:11:43.391Z] Error: EPIPE: broken pipe, write
    at Socket._write (node:internal/net:63:18)
    at writeOrBuffer (node:internal/streams/writable:572:12)
    at _write (node:internal/streams/writable:501:10)
    at Writable.write (node:internal/streams/writable:510:10)
    at Console.log (C:\Users\Nuruzzaman\AppData\Local\npm-cache\_npx\7750544ccf494d8b\node_modules\winston\lib\winston\transports\console.js:87:23)
    at Console._write (C:\Users\Nuruzzaman\AppData\Local\npm-cache\_npx\7750544ccf494d8b\node_modules\winston-transport\modern.js:103:17)
    at doWrite (C:\Users\Nuruzzaman\AppData\Local\npm-cache\_npx\7750544ccf494d8b\node_modules\winston-transport\node_modules\readable-stream\lib\_stream_writable.js:390:139)
    at writeOrBuffer (C:\Users\Nuruzzaman\AppData\Local\npm-cache\_npx\7750544ccf494d8b\node_modules\winston-transport\node_modules\readable-stream\lib\_stream_writable.js:381:5)
    at Writable.write (C:\Users\Nuruzzaman\AppData\Local\npm-cache\_npx\7750544ccf494d8b\node_modules\winston-transport\node_modules\readable-stream\lib\_stream_writable.js:302:11)
    at DerivedLogger.ondata (C:\Users\Nuruzzaman\AppData\Local\npm-cache\_npx\7750544ccf494d8b\node_modules\winston\node_modules\readable-stream\lib\_stream_readable.js:629:20)
[error] 
[error] Error: An unexpected error has occurred.
[debug] [2026-06-09T09:11:43.391Z] Error: EPIPE: broken pipe, write
    at Socket._write (node:internal/net:63:18)
    at writeOrBuffer (node:internal/streams/writable:572:12)
    at _write (node:internal/streams/writable:501:10)
    at Writable.write (node:internal/streams/writable:510:10)
    at Console.log (C:\Users\Nuruzzaman\AppData\Local\npm-cache\_npx\7750544ccf494d8b\node_modules\winston\lib\winston\transports\console.js:87:23)
    at Console._write (C:\Users\Nuruzzaman\AppData\Local\npm-cache\_npx\7750544ccf494d8b\node_modules\winston-transport\modern.js:103:17)
    at doWrite (C:\Users\Nuruzzaman\AppData\Local\npm-cache\_npx\7750544ccf494d8b\node_modules\winston-transport\node_modules\readable-stream\lib\_stream_writable.js:390:139)
    at writeOrBuffer (C:\Users\Nuruzzaman\AppData\Local\npm-cache\_npx\7750544ccf494d8b\node_modules\winston-transport\node_modules\readable-stream\lib\_stream_writable.js:381:5)
    at Writable.write (C:\Users\Nuruzzaman\AppData\Local\npm-cache\_npx\7750544ccf494d8b\node_modules\winston-transport\node_modules\readable-stream\lib\_stream_writable.js:302:11)
    at DerivedLogger.ondata (C:\Users\Nuruzzaman\AppData\Local\npm-cache\_npx\7750544ccf494d8b\node_modules\winston\node_modules\readable-stream\lib\_stream_readable.js:629:20)
[error] 
[error] Error: An unexpected error has occurred.
[debug] [2026-06-09T09:11:43.392Z] Error: EPIPE: broken pipe, write
    at Socket._write (node:internal/net:63:18)
    at writeOrBuffer (node:internal/streams/writable:572:12)
    at _write (node:internal/streams/writable:501:10)
    at Writable.write (node:internal/streams/writable:510:10)
    at Console.log (C:\Users\Nuruzzaman\AppData\Local\npm-cache\_npx\7750544ccf494d8b\node_modules\winston\lib\winston\transports\console.js:87:23)
    at Console._write (C:\Users\Nuruzzaman\AppData\Local\npm-cache\_npx\7750544ccf494d8b\node_modules\winston-transport\modern.js:103:17)
    at doWrite (C:\Users\Nuruzzaman\AppData\Local\npm-cache\_npx\7750544ccf494d8b\node_modules\winston-transport\node_modules\readable-stream\lib\_stream_writable.js:390:139)
    at writeOrBuffer (C:\Users\Nuruzzaman\AppData\Local\npm-cache\_npx\7750544ccf494d8b\node_modules\winston-transport\node_modules\readable-stream\lib\_stream_writable.js:381:5)
    at Writable.write (C:\Users\Nuruzzaman\AppData\Local\npm-cache\_npx\7750544ccf494d8b\node_modules\winston-transport\node_modules\readable-stream\lib\_stream_writable.js:302:11)
    at DerivedLogger.ondata (C:\Users\Nuruzzaman\AppData\Local\npm-cache\_npx\7750544ccf494d8b\node_modules\winston\node_modules\readable-stream\lib\_stream_readable.js:629:20)
[error] 
[error] Error: An unexpected error has occurred.
[debug] [2026-06-09T09:11:43.392Z] Error: EPIPE: broken pipe, write
    at Socket._write (node:internal/net:63:18)
    at writeOrBuffer (node:internal/streams/writable:572:12)
    at _write (node:internal/streams/writable:501:10)
    at Writable.write (node:internal/streams/writable:510:10)
    at Console.log (C:\Users\Nuruzzaman\AppData\Local\npm-cache\_npx\7750544ccf494d8b\node_modules\winston\lib\winston\transports\console.js:87:23)
    at Console._write (C:\Users\Nuruzzaman\AppData\Local\npm-cache\_npx\7750544ccf494d8b\node_modules\winston-transport\modern.js:103:17)
    at doWrite (C:\Users\Nuruzzaman\AppData\Local\npm-cache\_npx\7750544ccf494d8b\node_modules\winston-transport\node_modules\readable-stream\lib\_stream_writable.js:390:139)
    at writeOrBuffer (C:\Users\Nuruzzaman\AppData\Local\npm-cache\_npx\7750544ccf494d8b\node_modules\winston-transport\node_modules\readable-stream\lib\_stream_writable.js:381:5)
    at Writable.write (C:\Users\Nuruzzaman\AppData\Local\npm-cache\_npx\7750544ccf494d8b\node_modules\winston-transport\node_modules\readable-stream\lib\_stream_writable.js:302:11)
    at DerivedLogger.ondata (C:\Users\Nuruzzaman\AppData\Local\npm-cache\_npx\7750544ccf494d8b\node_modules\winston\node_modules\readable-stream\lib\_stream_readable.js:629:20)
[error] 
[error] Error: An unexpected error has occurred.
[debug] [2026-06-09T09:11:43.392Z] Error: EPIPE: broken pipe, write
    at Socket._write (node:internal/net:63:18)
    at writeOrBuffer (node:internal/streams/writable:572:12)
    at _write (node:internal/streams/writable:501:10)
    at Writable.write (node:internal/streams/writable:510:10)
    at Console.log (C:\Users\Nuruzzaman\AppData\Local\npm-cache\_npx\7750544ccf494d8b\node_modules\winston\lib\winston\transports\console.js:87:23)
    at Console._write (C:\Users\Nuruzzaman\AppData\Local\npm-cache\_npx\7750544ccf494d8b\node_modules\winston-transport\modern.js:103:17)
    at doWrite (C:\Users\Nuruzzaman\AppData\Local\npm-cache\_npx\7750544ccf494d8b\node_modules\winston-transport\node_modules\readable-stream\lib\_stream_writable.js:390:139)
    at writeOrBuffer (C:\Users\Nuruzzaman\AppData\Local\npm-cache\_npx\7750544ccf494d8b\node_modules\winston-transport\node_modules\readable-stream\lib\_stream_writable.js:381:5)
    at Writable.write (C:\Users\Nuruzzaman\AppData\Local\npm-cache\_npx\7750544ccf494d8b\node_modules\winston-transport\node_modules\readable-stream\lib\_stream_writable.js:302:11)
    at DerivedLogger.ondata (C:\Users\Nuruzzaman\AppData\Local\npm-cache\_npx\7750544ccf494d8b\node_modules\winston\node_modules\readable-stream\lib\_stream_readable.js:629:20)
[error] 
[error] Error: An unexpected error has occurred.
[debug] [2026-06-09T09:11:43.395Z] Error: EPIPE: broken pipe, write
    at Socket._write (node:internal/net:63:18)
    at writeOrBuffer (node:internal/streams/writable:572:12)
    at _write (node:internal/streams/writable:501:10)
    at Writable.write (node:internal/streams/writable:510:10)
    at Console.log (C:\Users\Nuruzzaman\AppData\Local\npm-cache\_npx\7750544ccf494d8b\node_modules\winston\lib\winston\transports\console.js:87:23)
    at Console._write (C:\Users\Nuruzzaman\AppData\Local\npm-cache\_npx\7750544ccf494d8b\node_modules\winston-transport\modern.js:103:17)
    at doWrite (C:\Users\Nuruzzaman\AppData\Local\npm-cache\_npx\7750544ccf494d8b\node_modules\winston-transport\node_modules\readable-stream\lib\_stream_writable.js:390:139)
    at writeOrBuffer (C:\Users\Nuruzzaman\AppData\Local\npm-cache\_npx\7750544ccf494d8b\node_modules\winston-transport\node_modules\readable-stream\lib\_stream_writable.js:381:5)
    at Writable.write (C:\Users\Nuruzzaman\AppData\Local\npm-cache\_npx\7750544ccf494d8b\node_modules\winston-transport\node_modules\readable-stream\lib\_stream_writable.js:302:11)
    at DerivedLogger.ondata (C:\Users\Nuruzzaman\AppData\Local\npm-cache\_npx\7750544ccf494d8b\node_modules\winston\node_modules\readable-stream\lib\_stream_readable.js:629:20)
[error] 
[error] Error: An unexpected error has occurred.
[debug] [2026-06-09T09:11:43.395Z] Error: EPIPE: broken pipe, write
    at Socket._write (node:internal/net:63:18)
    at writeOrBuffer (node:internal/streams/writable:572:12)
    at _write (node:internal/streams/writable:501:10)
    at Writable.write (node:internal/streams/writable:510:10)
    at Console.log (C:\Users\Nuruzzaman\AppData\Local\npm-cache\_npx\7750544ccf494d8b\node_modules\winston\lib\winston\transports\console.js:87:23)
    at Console._write (C:\Users\Nuruzzaman\AppData\Local\npm-cache\_npx\7750544ccf494d8b\node_modules\winston-transport\modern.js:103:17)
    at doWrite (C:\Users\Nuruzzaman\AppData\Local\npm-cache\_npx\7750544ccf494d8b\node_modules\winston-transport\node_modules\readable-stream\lib\_stream_writable.js:390:139)
    at writeOrBuffer (C:\Users\Nuruzzaman\AppData\Local\npm-cache\_npx\7750544ccf494d8b\node_modules\winston-transport\node_modules\readable-stream\lib\_stream_writable.js:381:5)
    at Writable.write (C:\Users\Nuruzzaman\AppData\Local\npm-cache\_npx\7750544ccf494d8b\node_modules\winston-transport\node_modules\readable-stream\lib\_stream_writable.js:302:11)
    at DerivedLogger.ondata (C:\Users\Nuruzzaman\AppData\Local\npm-cache\_npx\7750544ccf494d8b\node_modules\winston\node_modules\readable-stream\lib\_stream_readable.js:629:20)
[error] 
[error] Error: An unexpected error has occurred.
[debug] [2026-06-09T09:11:43.396Z] Error: EPIPE: broken pipe, write
    at Socket._write (node:internal/net:63:18)
    at writeOrBuffer (node:internal/streams/writable:572:12)
    at _write (node:internal/streams/writable:501:10)
    at Writable.write (node:internal/streams/writable:510:10)
    at Console.log (C:\Users\Nuruzzaman\AppData\Local\npm-cache\_npx\7750544ccf494d8b\node_modules\winston\lib\winston\transports\console.js:87:23)
    at Console._write (C:\Users\Nuruzzaman\AppData\Local\npm-cache\_npx\7750544ccf494d8b\node_modules\winston-transport\modern.js:103:17)
    at doWrite (C:\Users\Nuruzzaman\AppData\Local\npm-cache\_npx\7750544ccf494d8b\node_modules\winston-transport\node_modules\readable-stream\lib\_stream_writable.js:390:139)
    at writeOrBuffer (C:\Users\Nuruzzaman\AppData\Local\npm-cache\_npx\7750544ccf494d8b\node_modules\winston-transport\node_modules\readable-stream\lib\_stream_writable.js:381:5)
    at Writable.write (C:\Users\Nuruzzaman\AppData\Local\npm-cache\_npx\7750544ccf494d8b\node_modules\winston-transport\node_modules\readable-stream\lib\_stream_writable.js:302:11)
    at DerivedLogger.ondata (C:\Users\Nuruzzaman\AppData\Local\npm-cache\_npx\7750544ccf494d8b\node_modules\winston\node_modules\readable-stream\lib\_stream_readable.js:629:20)
[error] 
[error] Error: An unexpected error has occurred.
[debug] [2026-06-09T09:11:43.397Z] Error: EPIPE: broken pipe, write
    at Socket._write (node:internal/net:63:18)
    at writeOrBuffer (node:internal/streams/writable:572:12)
    at _write (node:internal/streams/writable:501:10)
    at Writable.write (node:internal/streams/writable:510:10)
    at Console.log (C:\Users\Nuruzzaman\AppData\Local\npm-cache\_npx\7750544ccf494d8b\node_modules\winston\lib\winston\transports\console.js:87:23)
    at Console._write (C:\Users\Nuruzzaman\AppData\Local\npm-cache\_npx\7750544ccf494d8b\node_modules\winston-transport\modern.js:103:17)
    at doWrite (C:\Users\Nuruzzaman\AppData\Local\npm-cache\_npx\7750544ccf494d8b\node_modules\winston-transport\node_modules\readable-stream\lib\_stream_writable.js:390:139)
    at writeOrBuffer (C:\Users\Nuruzzaman\AppData\Local\npm-cache\_npx\7750544ccf494d8b\node_modules\winston-transport\node_modules\readable-stream\lib\_stream_writable.js:381:5)
    at Writable.write (C:\Users\Nuruzzaman\AppData\Local\npm-cache\_npx\7750544ccf494d8b\node_modules\winston-transport\node_modules\readable-stream\lib\_stream_writable.js:302:11)
    at DerivedLogger.ondata (C:\Users\Nuruzzaman\AppData\Local\npm-cache\_npx\7750544ccf494d8b\node_modules\winston\node_modules\readable-stream\lib\_stream_readable.js:629:20)
[error] 
[error] Error: An unexpected error has occurred.
[debug] [2026-06-09T09:11:43.398Z] Error: EPIPE: broken pipe, write
    at Socket._write (node:internal/net:63:18)
    at writeOrBuffer (node:internal/streams/writable:572:12)
    at _write (node:internal/streams/writable:501:10)
    at Writable.write (node:internal/streams/writable:510:10)
    at Console.log (C:\Users\Nuruzzaman\AppData\Local\npm-cache\_npx\7750544ccf494d8b\node_modules\winston\lib\winston\transports\console.js:87:23)
    at Console._write (C:\Users\Nuruzzaman\AppData\Local\npm-cache\_npx\7750544ccf494d8b\node_modules\winston-transport\modern.js:103:17)
    at doWrite (C:\Users\Nuruzzaman\AppData\Local\npm-cache\_npx\7750544ccf494d8b\node_modules\winston-transport\node_modules\readable-stream\lib\_stream_writable.js:390:139)
    at writeOrBuffer (C:\Users\Nuruzzaman\AppData\Local\npm-cache\_npx\7750544ccf494d8b\node_modules\winston-transport\node_modules\readable-stream\lib\_stream_writable.js:381:5)
    at Writable.write (C:\Users\Nuruzzaman\AppData\Local\npm-cache\_npx\7750544ccf494d8b\node_modules\winston-transport\node_modules\readable-stream\lib\_stream_writable.js:302:11)
    at DerivedLogger.ondata (C:\Users\Nuruzzaman\AppData\Local\npm-cache\_npx\7750544ccf494d8b\node_modules\winston\node_modules\readable-stream\lib\_stream_readable.js:629:20)
[error] 
[error] Error: An unexpected error has occurred.
[debug] [2026-06-09T09:11:43.399Z] Error: EPIPE: broken pipe, write
    at Socket._write (node:internal/net:63:18)
    at writeOrBuffer (node:internal/streams/writable:572:12)
    at _write (node:internal/streams/writable:501:10)
    at Writable.write (node:internal/streams/writable:510:10)
    at Console.log (C:\Users\Nuruzzaman\AppData\Local\npm-cache\_npx\7750544ccf494d8b\node_modules\winston\lib\winston\transports\console.js:87:23)
    at Console._write (C:\Users\Nuruzzaman\AppData\Local\npm-cache\_npx\7750544ccf494d8b\node_modules\winston-transport\modern.js:103:17)
    at doWrite (C:\Users\Nuruzzaman\AppData\Local\npm-cache\_npx\7750544ccf494d8b\node_modules\winston-transport\node_modules\readable-stream\lib\_stream_writable.js:390:139)
    at writeOrBuffer (C:\Users\Nuruzzaman\AppData\Local\npm-cache\_npx\7750544ccf494d8b\node_modules\winston-transport\node_modules\readable-stream\lib\_stream_writable.js:381:5)
    at Writable.write (C:\Users\Nuruzzaman\AppData\Local\npm-cache\_npx\7750544ccf494d8b\node_modules\winston-transport\node_modules\readable-stream\lib\_stream_writable.js:302:11)
    at DerivedLogger.ondata (C:\Users\Nuruzzaman\AppData\Local\npm-cache\_npx\7750544ccf494d8b\node_modules\winston\node_modules\readable-stream\lib\_stream_readable.js:629:20)
[error] 
[error] Error: An unexpected error has occurred.
[debug] [2026-06-09T09:11:43.399Z] Error: EPIPE: broken pipe, write
    at Socket._write (node:internal/net:63:18)
    at writeOrBuffer (node:internal/streams/writable:572:12)
    at _write (node:internal/streams/writable:501:10)
    at Writable.write (node:internal/streams/writable:510:10)
    at Console.log (C:\Users\Nuruzzaman\AppData\Local\npm-cache\_npx\7750544ccf494d8b\node_modules\winston\lib\winston\transports\console.js:87:23)
    at Console._write (C:\Users\Nuruzzaman\AppData\Local\npm-cache\_npx\7750544ccf494d8b\node_modules\winston-transport\modern.js:103:17)
    at doWrite (C:\Users\Nuruzzaman\AppData\Local\npm-cache\_npx\7750544ccf494d8b\node_modules\winston-transport\node_modules\readable-stream\lib\_stream_writable.js:390:139)
    at writeOrBuffer (C:\Users\Nuruzzaman\AppData\Local\npm-cache\_npx\7750544ccf494d8b\node_modules\winston-transport\node_modules\readable-stream\lib\_stream_writable.js:381:5)
    at Writable.write (C:\Users\Nuruzzaman\AppData\Local\npm-cache\_npx\7750544ccf494d8b\node_modules\winston-transport\node_modules\readable-stream\lib\_stream_writable.js:302:11)
    at DerivedLogger.ondata (C:\Users\Nuruzzaman\AppData\Local\npm-cache\_npx\7750544ccf494d8b\node_modules\winston\node_modules\readable-stream\lib\_stream_readable.js:629:20)
[error] 
[error] Error: An unexpected error has occurred.
[debug] [2026-06-09T09:11:43.399Z] Error: EPIPE: broken pipe, write
    at Socket._write (node:internal/net:63:18)
    at writeOrBuffer (node:internal/streams/writable:572:12)
    at _write (node:internal/streams/writable:501:10)
    at Writable.write (node:internal/streams/writable:510:10)
    at Console.log (C:\Users\Nuruzzaman\AppData\Local\npm-cache\_npx\7750544ccf494d8b\node_modules\winston\lib\winston\transports\console.js:87:23)
    at Console._write (C:\Users\Nuruzzaman\AppData\Local\npm-cache\_npx\7750544ccf494d8b\node_modules\winston-transport\modern.js:103:17)
    at doWrite (C:\Users\Nuruzzaman\AppData\Local\npm-cache\_npx\7750544ccf494d8b\node_modules\winston-transport\node_modules\readable-stream\lib\_stream_writable.js:390:139)
    at writeOrBuffer (C:\Users\Nuruzzaman\AppData\Local\npm-cache\_npx\7750544ccf494d8b\node_modules\winston-transport\node_modules\readable-stream\lib\_stream_writable.js:381:5)
    at Writable.write (C:\Users\Nuruzzaman\AppData\Local\npm-cache\_npx\7750544ccf494d8b\node_modules\winston-transport\node_modules\readable-stream\lib\_stream_writable.js:302:11)
    at DerivedLogger.ondata (C:\Users\Nuruzzaman\AppData\Local\npm-cache\_npx\7750544ccf494d8b\node_modules\winston\node_modules\readable-stream\lib\_stream_readable.js:629:20)
[error] 
[error] Error: An unexpected error has occurred.
[debug] [2026-06-09T09:11:43.400Z] Error: EPIPE: broken pipe, write
    at Socket._write (node:internal/net:63:18)
    at writeOrBuffer (node:internal/streams/writable:572:12)
    at _write (node:internal/streams/writable:501:10)
    at Writable.write (node:internal/streams/writable:510:10)
    at Console.log (C:\Users\Nuruzzaman\AppData\Local\npm-cache\_npx\7750544ccf494d8b\node_modules\winston\lib\winston\transports\console.js:87:23)
    at Console._write (C:\Users\Nuruzzaman\AppData\Local\npm-cache\_npx\7750544ccf494d8b\node_modules\winston-transport\modern.js:103:17)
    at doWrite (C:\Users\Nuruzzaman\AppData\Local\npm-cache\_npx\7750544ccf494d8b\node_modules\winston-transport\node_modules\readable-stream\lib\_stream_writable.js:390:139)
    at writeOrBuffer (C:\Users\Nuruzzaman\AppData\Local\npm-cache\_npx\7750544ccf494d8b\node_modules\winston-transport\node_modules\readable-stream\lib\_stream_writable.js:381:5)
    at Writable.write (C:\Users\Nuruzzaman\AppData\Local\npm-cache\_npx\7750544ccf494d8b\node_modules\winston-transport\node_modules\readable-stream\lib\_stream_writable.js:302:11)
    at DerivedLogger.ondata (C:\Users\Nuruzzaman\AppData\Local\npm-cache\_npx\7750544ccf494d8b\node_modules\winston\node_modules\readable-stream\lib\_stream_readable.js:629:20)
[error] 
[error] Error: An unexpected error has occurred.
[debug] [2026-06-09T09:11:43.400Z] Error: EPIPE: broken pipe, write
    at Socket._write (node:internal/net:63:18)
    at writeOrBuffer (node:internal/streams/writable:572:12)
    at _write (node:internal/streams/writable:501:10)
    at Writable.write (node:internal/streams/writable:510:10)
    at Console.log (C:\Users\Nuruzzaman\AppData\Local\npm-cache\_npx\7750544ccf494d8b\node_modules\winston\lib\winston\transports\console.js:87:23)
    at Console._write (C:\Users\Nuruzzaman\AppData\Local\npm-cache\_npx\7750544ccf494d8b\node_modules\winston-transport\modern.js:103:17)
    at doWrite (C:\Users\Nuruzzaman\AppData\Local\npm-cache\_npx\7750544ccf494d8b\node_modules\winston-transport\node_modules\readable-stream\lib\_stream_writable.js:390:139)
    at writeOrBuffer (C:\Users\Nuruzzaman\AppData\Local\npm-cache\_npx\7750544ccf494d8b\node_modules\winston-transport\node_modules\readable-stream\lib\_stream_writable.js:381:5)
    at Writable.write (C:\Users\Nuruzzaman\AppData\Local\npm-cache\_npx\7750544ccf494d8b\node_modules\winston-transport\node_modules\readable-stream\lib\_stream_writable.js:302:11)
    at DerivedLogger.ondata (C:\Users\Nuruzzaman\AppData\Local\npm-cache\_npx\7750544ccf494d8b\node_modules\winston\node_modules\readable-stream\lib\_stream_readable.js:629:20)
[error] 
[error] Error: An unexpected error has occurred.
[debug] [2026-06-09T09:11:43.400Z] Error: EPIPE: broken pipe, write
    at Socket._write (node:internal/net:63:18)
    at writeOrBuffer (node:internal/streams/writable:572:12)
    at _write (node:internal/streams/writable:501:10)
    at Writable.write (node:internal/streams/writable:510:10)
    at Console.log (C:\Users\Nuruzzaman\AppData\Local\npm-cache\_npx\7750544ccf494d8b\node_modules\winston\lib\winston\transports\console.js:87:23)
    at Console._write (C:\Users\Nuruzzaman\AppData\Local\npm-cache\_npx\7750544ccf494d8b\node_modules\winston-transport\modern.js:103:17)
    at doWrite (C:\Users\Nuruzzaman\AppData\Local\npm-cache\_npx\7750544ccf494d8b\node_modules\winston-transport\node_modules\readable-stream\lib\_stream_writable.js:390:139)
    at writeOrBuffer (C:\Users\Nuruzzaman\AppData\Local\npm-cache\_npx\7750544ccf494d8b\node_modules\winston-transport\node_modules\readable-stream\lib\_stream_writable.js:381:5)
    at Writable.write (C:\Users\Nuruzzaman\AppData\Local\npm-cache\_npx\7750544ccf494d8b\node_modules\winston-transport\node_modules\readable-stream\lib\_stream_writable.js:302:11)
    at DerivedLogger.ondata (C:\Users\Nuruzzaman\AppData\Local\npm-cache\_npx\7750544ccf494d8b\node_modules\winston\node_modules\readable-stream\lib\_stream_readable.js:629:20)
[error] 
[error] Error: An unexpected error has occurred.
[debug] [2026-06-09T09:11:43.401Z] Error: EPIPE: broken pipe, write
    at Socket._write (node:internal/net:63:18)
    at writeOrBuffer (node:internal/streams/writable:572:12)
    at _write (node:internal/streams/writable:501:10)
    at Writable.write (node:internal/streams/writable:510:10)
    at Console.log (C:\Users\Nuruzzaman\AppData\Local\npm-cache\_npx\7750544ccf494d8b\node_modules\winston\lib\winston\transports\console.js:87:23)
    at Console._write (C:\Users\Nuruzzaman\AppData\Local\npm-cache\_npx\7750544ccf494d8b\node_modules\winston-transport\modern.js:103:17)
    at doWrite (C:\Users\Nuruzzaman\AppData\Local\npm-cache\_npx\7750544ccf494d8b\node_modules\winston-transport\node_modules\readable-stream\lib\_stream_writable.js:390:139)
    at writeOrBuffer (C:\Users\Nuruzzaman\AppData\Local\npm-cache\_npx\7750544ccf494d8b\node_modules\winston-transport\node_modules\readable-stream\lib\_stream_writable.js:381:5)
    at Writable.write (C:\Users\Nuruzzaman\AppData\Local\npm-cache\_npx\7750544ccf494d8b\node_modules\winston-transport\node_modules\readable-stream\lib\_stream_writable.js:302:11)
    at DerivedLogger.ondata (C:\Users\Nuruzzaman\AppData\Local\npm-cache\_npx\7750544ccf494d8b\node_modules\winston\node_modules\readable-stream\lib\_stream_readable.js:629:20)
[error] 
[error] Error: An unexpected error has occurred.
[debug] [2026-06-09T09:11:43.402Z] Error: EPIPE: broken pipe, write
    at Socket._write (node:internal/net:63:18)
    at writeOrBuffer (node:internal/streams/writable:572:12)
    at _write (node:internal/streams/writable:501:10)
    at Writable.write (node:internal/streams/writable:510:10)
    at Console.log (C:\Users\Nuruzzaman\AppData\Local\npm-cache\_npx\7750544ccf494d8b\node_modules\winston\lib\winston\transports\console.js:87:23)
    at Console._write (C:\Users\Nuruzzaman\AppData\Local\npm-cache\_npx\7750544ccf494d8b\node_modules\winston-transport\modern.js:103:17)
    at doWrite (C:\Users\Nuruzzaman\AppData\Local\npm-cache\_npx\7750544ccf494d8b\node_modules\winston-transport\node_modules\readable-stream\lib\_stream_writable.js:390:139)
    at writeOrBuffer (C:\Users\Nuruzzaman\AppData\Local\npm-cache\_npx\7750544ccf494d8b\node_modules\winston-transport\node_modules\readable-stream\lib\_stream_writable.js:381:5)
    at Writable.write (C:\Users\Nuruzzaman\AppData\Local\npm-cache\_npx\7750544ccf494d8b\node_modules\winston-transport\node_modules\readable-stream\lib\_stream_writable.js:302:11)
    at DerivedLogger.ondata (C:\Users\Nuruzzaman\AppData\Local\npm-cache\_npx\7750544ccf494d8b\node_modules\winston\node_modules\readable-stream\lib\_stream_readable.js:629:20)
[error] 
[error] Error: An unexpected error has occurred.
[debug] [2026-06-09T09:11:43.403Z] Error: EPIPE: broken pipe, write
    at Socket._write (node:internal/net:63:18)
    at writeOrBuffer (node:internal/streams/writable:572:12)
    at _write (node:internal/streams/writable:501:10)
    at Writable.write (node:internal/streams/writable:510:10)
    at Console.log (C:\Users\Nuruzzaman\AppData\Local\npm-cache\_npx\7750544ccf494d8b\node_modules\winston\lib\winston\transports\console.js:87:23)
    at Console._write (C:\Users\Nuruzzaman\AppData\Local\npm-cache\_npx\7750544ccf494d8b\node_modules\winston-transport\modern.js:103:17)
    at doWrite (C:\Users\Nuruzzaman\AppData\Local\npm-cache\_npx\7750544ccf494d8b\node_modules\winston-transport\node_modules\readable-stream\lib\_stream_writable.js:390:139)
    at writeOrBuffer (C:\Users\Nuruzzaman\AppData\Local\npm-cache\_npx\7750544ccf494d8b\node_modules\winston-transport\node_modules\readable-stream\lib\_stream_writable.js:381:5)
    at Writable.write (C:\Users\Nuruzzaman\AppData\Local\npm-cache\_npx\7750544ccf494d8b\node_modules\winston-transport\node_modules\readable-stream\lib\_stream_writable.js:302:11)
    at DerivedLogger.ondata (C:\Users\Nuruzzaman\AppData\Local\npm-cache\_npx\7750544ccf494d8b\node_modules\winston\node_modules\readable-stream\lib\_stream_readable.js:629:20)
[error] 
[error] Error: An unexpected error has occurred.
[debug] [2026-06-09T09:11:43.403Z] Error: EPIPE: broken pipe, write
    at Socket._write (node:internal/net:63:18)
    at writeOrBuffer (node:internal/streams/writable:572:12)
    at _write (node:internal/streams/writable:501:10)
    at Writable.write (node:internal/streams/writable:510:10)
    at Console.log (C:\Users\Nuruzzaman\AppData\Local\npm-cache\_npx\7750544ccf494d8b\node_modules\winston\lib\winston\transports\console.js:87:23)
    at Console._write (C:\Users\Nuruzzaman\AppData\Local\npm-cache\_npx\7750544ccf494d8b\node_modules\winston-transport\modern.js:103:17)
    at doWrite (C:\Users\Nuruzzaman\AppData\Local\npm-cache\_npx\7750544ccf494d8b\node_modules\winston-transport\node_modules\readable-stream\lib\_stream_writable.js:390:139)
    at writeOrBuffer (C:\Users\Nuruzzaman\AppData\Local\npm-cache\_npx\7750544ccf494d8b\node_modules\winston-transport\node_modules\readable-stream\lib\_stream_writable.js:381:5)
    at Writable.write (C:\Users\Nuruzzaman\AppData\Local\npm-cache\_npx\7750544ccf494d8b\node_modules\winston-transport\node_modules\readable-stream\lib\_stream_writable.js:302:11)
    at DerivedLogger.ondata (C:\Users\Nuruzzaman\AppData\Local\npm-cache\_npx\7750544ccf494d8b\node_modules\winston\node_modules\readable-stream\lib\_stream_readable.js:629:20)
[error] 
[error] Error: An unexpected error has occurred.
[debug] [2026-06-09T09:11:43.403Z] Error: EPIPE: broken pipe, write
    at Socket._write (node:internal/net:63:18)
    at writeOrBuffer (node:internal/streams/writable:572:12)
    at _write (node:internal/streams/writable:501:10)
    at Writable.write (node:internal/streams/writable:510:10)
    at Console.log (C:\Users\Nuruzzaman\AppData\Local\npm-cache\_npx\7750544ccf494d8b\node_modules\winston\lib\winston\transports\console.js:87:23)
    at Console._write (C:\Users\Nuruzzaman\AppData\Local\npm-cache\_npx\7750544ccf494d8b\node_modules\winston-transport\modern.js:103:17)
    at doWrite (C:\Users\Nuruzzaman\AppData\Local\npm-cache\_npx\7750544ccf494d8b\node_modules\winston-transport\node_modules\readable-stream\lib\_stream_writable.js:390:139)
    at writeOrBuffer (C:\Users\Nuruzzaman\AppData\Local\npm-cache\_npx\7750544ccf494d8b\node_modules\winston-transport\node_modules\readable-stream\lib\_stream_writable.js:381:5)
    at Writable.write (C:\Users\Nuruzzaman\AppData\Local\npm-cache\_npx\7750544ccf494d8b\node_modules\winston-transport\node_modules\readable-stream\lib\_stream_writable.js:302:11)
    at DerivedLogger.ondata (C:\Users\Nuruzzaman\AppData\Local\npm-cache\_npx\7750544ccf494d8b\node_modules\winston\node_modules\readable-stream\lib\_stream_readable.js:629:20)
[error] 
[error] Error: An unexpected error has occurred.
[debug] [2026-06-09T09:11:43.405Z] Error: EPIPE: broken pipe, write
    at Socket._write (node:internal/net:63:18)
    at writeOrBuffer (node:internal/streams/writable:572:12)
    at _write (node:internal/streams/writable:501:10)
    at Writable.write (node:internal/streams/writable:510:10)
    at Console.log (C:\Users\Nuruzzaman\AppData\Local\npm-cache\_npx\7750544ccf494d8b\node_modules\winston\lib\winston\transports\console.js:87:23)
    at Console._write (C:\Users\Nuruzzaman\AppData\Local\npm-cache\_npx\7750544ccf494d8b\node_modules\winston-transport\modern.js:103:17)
    at doWrite (C:\Users\Nuruzzaman\AppData\Local\npm-cache\_npx\7750544ccf494d8b\node_modules\winston-transport\node_modules\readable-stream\lib\_stream_writable.js:390:139)
    at writeOrBuffer (C:\Users\Nuruzzaman\AppData\Local\npm-cache\_npx\7750544ccf494d8b\node_modules\winston-transport\node_modules\readable-stream\lib\_stream_writable.js:381:5)
    at Writable.write (C:\Users\Nuruzzaman\AppData\Local\npm-cache\_npx\7750544ccf494d8b\node_modules\winston-transport\node_modules\readable-stream\lib\_stream_writable.js:302:11)
    at DerivedLogger.ondata (C:\Users\Nuruzzaman\AppData\Local\npm-cache\_npx\7750544ccf494d8b\node_modules\winston\node_modules\readable-stream\lib\_stream_readable.js:629:20)
[error] 
[error] Error: An unexpected error has occurred.
[debug] [2026-06-09T09:11:43.406Z] Error: EPIPE: broken pipe, write
    at Socket._write (node:internal/net:63:18)
    at writeOrBuffer (node:internal/streams/writable:572:12)
    at _write (node:internal/streams/writable:501:10)
    at Writable.write (node:internal/streams/writable:510:10)
    at Console.log (C:\Users\Nuruzzaman\AppData\Local\npm-cache\_npx\7750544ccf494d8b\node_modules\winston\lib\winston\transports\console.js:87:23)
    at Console._write (C:\Users\Nuruzzaman\AppData\Local\npm-cache\_npx\7750544ccf494d8b\node_modules\winston-transport\modern.js:103:17)
    at doWrite (C:\Users\Nuruzzaman\AppData\Local\npm-cache\_npx\7750544ccf494d8b\node_modules\winston-transport\node_modules\readable-stream\lib\_stream_writable.js:390:139)
    at writeOrBuffer (C:\Users\Nuruzzaman\AppData\Local\npm-cache\_npx\7750544ccf494d8b\node_modules\winston-transport\node_modules\readable-stream\lib\_stream_writable.js:381:5)
    at Writable.write (C:\Users\Nuruzzaman\AppData\Local\npm-cache\_npx\7750544ccf494d8b\node_modules\winston-transport\node_modules\readable-stream\lib\_stream_writable.js:302:11)
    at DerivedLogger.ondata (C:\Users\Nuruzzaman\AppData\Local\npm-cache\_npx\7750544ccf494d8b\node_modules\winston\node_modules\readable-stream\lib\_stream_readable.js:629:20)
[error] 
[error] Error: An unexpected error has occurred.
[debug] [2026-06-09T09:11:43.406Z] Error: EPIPE: broken pipe, write
    at Socket._write (node:internal/net:63:18)
    at writeOrBuffer (node:internal/streams/writable:572:12)
    at _write (node:internal/streams/writable:501:10)
    at Writable.write (node:internal/streams/writable:510:10)
    at Console.log (C:\Users\Nuruzzaman\AppData\Local\npm-cache\_npx\7750544ccf494d8b\node_modules\winston\lib\winston\transports\console.js:87:23)
    at Console._write (C:\Users\Nuruzzaman\AppData\Local\npm-cache\_npx\7750544ccf494d8b\node_modules\winston-transport\modern.js:103:17)
    at doWrite (C:\Users\Nuruzzaman\AppData\Local\npm-cache\_npx\7750544ccf494d8b\node_modules\winston-transport\node_modules\readable-stream\lib\_stream_writable.js:390:139)
    at writeOrBuffer (C:\Users\Nuruzzaman\AppData\Local\npm-cache\_npx\7750544ccf494d8b\node_modules\winston-transport\node_modules\readable-stream\lib\_stream_writable.js:381:5)
    at Writable.write (C:\Users\Nuruzzaman\AppData\Local\npm-cache\_npx\7750544ccf494d8b\node_modules\winston-transport\node_modules\readable-stream\lib\_stream_writable.js:302:11)
    at DerivedLogger.ondata (C:\Users\Nuruzzaman\AppData\Local\npm-cache\_npx\7750544ccf494d8b\node_modules\winston\node_modules\readable-stream\lib\_stream_readable.js:629:20)
[error] 
[error] Error: An unexpected error has occurred.
[debug] [2026-06-09T09:11:43.406Z] Error: EPIPE: broken pipe, write
    at Socket._write (node:internal/net:63:18)
    at writeOrBuffer (node:internal/streams/writable:572:12)
    at _write (node:internal/streams/writable:501:10)
    at Writable.write (node:internal/streams/writable:510:10)
    at Console.log (C:\Users\Nuruzzaman\AppData\Local\npm-cache\_npx\7750544ccf494d8b\node_modules\winston\lib\winston\transports\console.js:87:23)
    at Console._write (C:\Users\Nuruzzaman\AppData\Local\npm-cache\_npx\7750544ccf494d8b\node_modules\winston-transport\modern.js:103:17)
    at doWrite (C:\Users\Nuruzzaman\AppData\Local\npm-cache\_npx\7750544ccf494d8b\node_modules\winston-transport\node_modules\readable-stream\lib\_stream_writable.js:390:139)
    at writeOrBuffer (C:\Users\Nuruzzaman\AppData\Local\npm-cache\_npx\7750544ccf494d8b\node_modules\winston-transport\node_modules\readable-stream\lib\_stream_writable.js:381:5)
    at Writable.write (C:\Users\Nuruzzaman\AppData\Local\npm-cache\_npx\7750544ccf494d8b\node_modules\winston-transport\node_modules\readable-stream\lib\_stream_writable.js:302:11)
    at DerivedLogger.ondata (C:\Users\Nuruzzaman\AppData\Local\npm-cache\_npx\7750544ccf494d8b\node_modules\winston\node_modules\readable-stream\lib\_stream_readable.js:629:20)
[error] 
[error] Error: An unexpected error has occurred.
[debug] [2026-06-09T09:11:43.407Z] Error: EPIPE: broken pipe, write
    at Socket._write (node:internal/net:63:18)
    at writeOrBuffer (node:internal/streams/writable:572:12)
    at _write (node:internal/streams/writable:501:10)
    at Writable.write (node:internal/streams/writable:510:10)
    at Console.log (C:\Users\Nuruzzaman\AppData\Local\npm-cache\_npx\7750544ccf494d8b\node_modules\winston\lib\winston\transports\console.js:87:23)
    at Console._write (C:\Users\Nuruzzaman\AppData\Local\npm-cache\_npx\7750544ccf494d8b\node_modules\winston-transport\modern.js:103:17)
    at doWrite (C:\Users\Nuruzzaman\AppData\Local\npm-cache\_npx\7750544ccf494d8b\node_modules\winston-transport\node_modules\readable-stream\lib\_stream_writable.js:390:139)
    at writeOrBuffer (C:\Users\Nuruzzaman\AppData\Local\npm-cache\_npx\7750544ccf494d8b\node_modules\winston-transport\node_modules\readable-stream\lib\_stream_writable.js:381:5)
    at Writable.write (C:\Users\Nuruzzaman\AppData\Local\npm-cache\_npx\7750544ccf494d8b\node_modules\winston-transport\node_modules\readable-stream\lib\_stream_writable.js:302:11)
    at DerivedLogger.ondata (C:\Users\Nuruzzaman\AppData\Local\npm-cache\_npx\7750544ccf494d8b\node_modules\winston\node_modules\readable-stream\lib\_stream_readable.js:629:20)
[error] 
[error] Error: An unexpected error has occurred.
[debug] [2026-06-09T09:11:43.407Z] Error: EPIPE: broken pipe, write
    at Socket._write (node:internal/net:63:18)
    at writeOrBuffer (node:internal/streams/writable:572:12)
    at _write (node:internal/streams/writable:501:10)
    at Writable.write (node:internal/streams/writable:510:10)
    at Console.log (C:\Users\Nuruzzaman\AppData\Local\npm-cache\_npx\7750544ccf494d8b\node_modules\winston\lib\winston\transports\console.js:87:23)
    at Console._write (C:\Users\Nuruzzaman\AppData\Local\npm-cache\_npx\7750544ccf494d8b\node_modules\winston-transport\modern.js:103:17)
    at doWrite (C:\Users\Nuruzzaman\AppData\Local\npm-cache\_npx\7750544ccf494d8b\node_modules\winston-transport\node_modules\readable-stream\lib\_stream_writable.js:390:139)
    at writeOrBuffer (C:\Users\Nuruzzaman\AppData\Local\npm-cache\_npx\7750544ccf494d8b\node_modules\winston-transport\node_modules\readable-stream\lib\_stream_writable.js:381:5)
    at Writable.write (C:\Users\Nuruzzaman\AppData\Local\npm-cache\_npx\7750544ccf494d8b\node_modules\winston-transport\node_modules\readable-stream\lib\_stream_writable.js:302:11)
    at DerivedLogger.ondata (C:\Users\Nuruzzaman\AppData\Local\npm-cache\_npx\7750544ccf494d8b\node_modules\winston\node_modules\readable-stream\lib\_stream_readable.js:629:20)
[error] 
[error] Error: An unexpected error has occurred.
[debug] [2026-06-09T09:11:43.408Z] Error: EPIPE: broken pipe, write
    at Socket._write (node:internal/net:63:18)
    at writeOrBuffer (node:internal/streams/writable:572:12)
    at _write (node:internal/streams/writable:501:10)
    at Writable.write (node:internal/streams/writable:510:10)
    at Console.log (C:\Users\Nuruzzaman\AppData\Local\npm-cache\_npx\7750544ccf494d8b\node_modules\winston\lib\winston\transports\console.js:87:23)
    at Console._write (C:\Users\Nuruzzaman\AppData\Local\npm-cache\_npx\7750544ccf494d8b\node_modules\winston-transport\modern.js:103:17)
    at doWrite (C:\Users\Nuruzzaman\AppData\Local\npm-cache\_npx\7750544ccf494d8b\node_modules\winston-transport\node_modules\readable-stream\lib\_stream_writable.js:390:139)
    at writeOrBuffer (C:\Users\Nuruzzaman\AppData\Local\npm-cache\_npx\7750544ccf494d8b\node_modules\winston-transport\node_modules\readable-stream\lib\_stream_writable.js:381:5)
    at Writable.write (C:\Users\Nuruzzaman\AppData\Local\npm-cache\_npx\7750544ccf494d8b\node_modules\winston-transport\node_modules\readable-stream\lib\_stream_writable.js:302:11)
    at DerivedLogger.ondata (C:\Users\Nuruzzaman\AppData\Local\npm-cache\_npx\7750544ccf494d8b\node_modules\winston\node_modules\readable-stream\lib\_stream_readable.js:629:20)
[error] 
[error] Error: An unexpected error has occurred.
[debug] [2026-06-09T09:11:43.408Z] Error: EPIPE: broken pipe, write
    at Socket._write (node:internal/net:63:18)
    at writeOrBuffer (node:internal/streams/writable:572:12)
    at _write (node:internal/streams/writable:501:10)
    at Writable.write (node:internal/streams/writable:510:10)
    at Console.log (C:\Users\Nuruzzaman\AppData\Local\npm-cache\_npx\7750544ccf494d8b\node_modules\winston\lib\winston\transports\console.js:87:23)
    at Console._write (C:\Users\Nuruzzaman\AppData\Local\npm-cache\_npx\7750544ccf494d8b\node_modules\winston-transport\modern.js:103:17)
    at doWrite (C:\Users\Nuruzzaman\AppData\Local\npm-cache\_npx\7750544ccf494d8b\node_modules\winston-transport\node_modules\readable-stream\lib\_stream_writable.js:390:139)
    at writeOrBuffer (C:\Users\Nuruzzaman\AppData\Local\npm-cache\_npx\7750544ccf494d8b\node_modules\winston-transport\node_modules\readable-stream\lib\_stream_writable.js:381:5)
    at Writable.write (C:\Users\Nuruzzaman\AppData\Local\npm-cache\_npx\7750544ccf494d8b\node_modules\winston-transport\node_modules\readable-stream\lib\_stream_writable.js:302:11)
    at DerivedLogger.ondata (C:\Users\Nuruzzaman\AppData\Local\npm-cache\_npx\7750544ccf494d8b\node_modules\winston\node_modules\readable-stream\lib\_stream_readable.js:629:20)
[error] 
[error] Error: An unexpected error has occurred.
[debug] [2026-06-09T09:11:43.410Z] Error: EPIPE: broken pipe, write
    at Socket._write (node:internal/net:63:18)
    at writeOrBuffer (node:internal/streams/writable:572:12)
    at _write (node:internal/streams/writable:501:10)
    at Writable.write (node:internal/streams/writable:510:10)
    at Console.log (C:\Users\Nuruzzaman\AppData\Local\npm-cache\_npx\7750544ccf494d8b\node_modules\winston\lib\winston\transports\console.js:87:23)
    at Console._write (C:\Users\Nuruzzaman\AppData\Local\npm-cache\_npx\7750544ccf494d8b\node_modules\winston-transport\modern.js:103:17)
    at doWrite (C:\Users\Nuruzzaman\AppData\Local\npm-cache\_npx\7750544ccf494d8b\node_modules\winston-transport\node_modules\readable-stream\lib\_stream_writable.js:390:139)
    at writeOrBuffer (C:\Users\Nuruzzaman\AppData\Local\npm-cache\_npx\7750544ccf494d8b\node_modules\winston-transport\node_modules\readable-stream\lib\_stream_writable.js:381:5)
    at Writable.write (C:\Users\Nuruzzaman\AppData\Local\npm-cache\_npx\7750544ccf494d8b\node_modules\winston-transport\node_modules\readable-stream\lib\_stream_writable.js:302:11)
    at DerivedLogger.ondata (C:\Users\Nuruzzaman\AppData\Local\npm-cache\_npx\7750544ccf494d8b\node_modules\winston\node_modules\readable-stream\lib\_stream_readable.js:629:20)
[error] 
[error] Error: An unexpected error has occurred.
[debug] [2026-06-09T09:11:43.411Z] Error: EPIPE: broken pipe, write
    at Socket._write (node:internal/net:63:18)
    at writeOrBuffer (node:internal/streams/writable:572:12)
    at _write (node:internal/streams/writable:501:10)
    at Writable.write (node:internal/streams/writable:510:10)
    at Console.log (C:\Users\Nuruzzaman\AppData\Local\npm-cache\_npx\7750544ccf494d8b\node_modules\winston\lib\winston\transports\console.js:87:23)
    at Console._write (C:\Users\Nuruzzaman\AppData\Local\npm-cache\_npx\7750544ccf494d8b\node_modules\winston-transport\modern.js:103:17)
    at doWrite (C:\Users\Nuruzzaman\AppData\Local\npm-cache\_npx\7750544ccf494d8b\node_modules\winston-transport\node_modules\readable-stream\lib\_stream_writable.js:390:139)
    at writeOrBuffer (C:\Users\Nuruzzaman\AppData\Local\npm-cache\_npx\7750544ccf494d8b\node_modules\winston-transport\node_modules\readable-stream\lib\_stream_writable.js:381:5)
    at Writable.write (C:\Users\Nuruzzaman\AppData\Local\npm-cache\_npx\7750544ccf494d8b\node_modules\winston-transport\node_modules\readable-stream\lib\_stream_writable.js:302:11)
    at DerivedLogger.ondata (C:\Users\Nuruzzaman\AppData\Local\npm-cache\_npx\7750544ccf494d8b\node_modules\winston\node_modules\readable-stream\lib\_stream_readable.js:629:20)
[error] 
[error] Error: An unexpected error has occurred.
[debug] [2026-06-09T09:11:43.412Z] Error: EPIPE: broken pipe, write
    at Socket._write (node:internal/net:63:18)
    at writeOrBuffer (node:internal/streams/writable:572:12)
    at _write (node:internal/streams/writable:501:10)
    at Writable.write (node:internal/streams/writable:510:10)
    at Console.log (C:\Users\Nuruzzaman\AppData\Local\npm-cache\_npx\7750544ccf494d8b\node_modules\winston\lib\winston\transports\console.js:87:23)
    at Console._write (C:\Users\Nuruzzaman\AppData\Local\npm-cache\_npx\7750544ccf494d8b\node_modules\winston-transport\modern.js:103:17)
    at doWrite (C:\Users\Nuruzzaman\AppData\Local\npm-cache\_npx\7750544ccf494d8b\node_modules\winston-transport\node_modules\readable-stream\lib\_stream_writable.js:390:139)
    at writeOrBuffer (C:\Users\Nuruzzaman\AppData\Local\npm-cache\_npx\7750544ccf494d8b\node_modules\winston-transport\node_modules\readable-stream\lib\_stream_writable.js:381:5)
    at Writable.write (C:\Users\Nuruzzaman\AppData\Local\npm-cache\_npx\7750544ccf494d8b\node_modules\winston-transport\node_modules\readable-stream\lib\_stream_writable.js:302:11)
    at DerivedLogger.ondata (C:\Users\Nuruzzaman\AppData\Local\npm-cache\_npx\7750544ccf494d8b\node_modules\winston\node_modules\readable-stream\lib\_stream_readable.js:629:20)
[error] 
[error] Error: An unexpected error has occurred.
[debug] [2026-06-09T09:11:43.412Z] Error: EPIPE: broken pipe, write
    at Socket._write (node:internal/net:63:18)
    at writeOrBuffer (node:internal/streams/writable:572:12)
    at _write (node:internal/streams/writable:501:10)
    at Writable.write (node:internal/streams/writable:510:10)
    at Console.log (C:\Users\Nuruzzaman\AppData\Local\npm-cache\_npx\7750544ccf494d8b\node_modules\winston\lib\winston\transports\console.js:87:23)
    at Console._write (C:\Users\Nuruzzaman\AppData\Local\npm-cache\_npx\7750544ccf494d8b\node_modules\winston-transport\modern.js:103:17)
    at doWrite (C:\Users\Nuruzzaman\AppData\Local\npm-cache\_npx\7750544ccf494d8b\node_modules\winston-transport\node_modules\readable-stream\lib\_stream_writable.js:390:139)
    at writeOrBuffer (C:\Users\Nuruzzaman\AppData\Local\npm-cache\_npx\7750544ccf494d8b\node_modules\winston-transport\node_modules\readable-stream\lib\_stream_writable.js:381:5)
    at Writable.write (C:\Users\Nuruzzaman\AppData\Local\npm-cache\_npx\7750544ccf494d8b\node_modules\winston-transport\node_modules\readable-stream\lib\_stream_writable.js:302:11)
    at DerivedLogger.ondata (C:\Users\Nuruzzaman\AppData\Local\npm-cache\_npx\7750544ccf494d8b\node_modules\winston\node_modules\readable-stream\lib\_stream_readable.js:629:20)
[error] 
[error] Error: An unexpected error has occurred.
[debug] [2026-06-09T09:11:43.412Z] Error: EPIPE: broken pipe, write
    at Socket._write (node:internal/net:63:18)
    at writeOrBuffer (node:internal/streams/writable:572:12)
    at _write (node:internal/streams/writable:501:10)
    at Writable.write (node:internal/streams/writable:510:10)
    at Console.log (C:\Users\Nuruzzaman\AppData\Local\npm-cache\_npx\7750544ccf494d8b\node_modules\winston\lib\winston\transports\console.js:87:23)
    at Console._write (C:\Users\Nuruzzaman\AppData\Local\npm-cache\_npx\7750544ccf494d8b\node_modules\winston-transport\modern.js:103:17)
    at doWrite (C:\Users\Nuruzzaman\AppData\Local\npm-cache\_npx\7750544ccf494d8b\node_modules\winston-transport\node_modules\readable-stream\lib\_stream_writable.js:390:139)
    at writeOrBuffer (C:\Users\Nuruzzaman\AppData\Local\npm-cache\_npx\7750544ccf494d8b\node_modules\winston-transport\node_modules\readable-stream\lib\_stream_writable.js:381:5)
    at Writable.write (C:\Users\Nuruzzaman\AppData\Local\npm-cache\_npx\7750544ccf494d8b\node_modules\winston-transport\node_modules\readable-stream\lib\_stream_writable.js:302:11)
    at DerivedLogger.ondata (C:\Users\Nuruzzaman\AppData\Local\npm-cache\_npx\7750544ccf494d8b\node_modules\winston\node_modules\readable-stream\lib\_stream_readable.js:629:20)
[error] 
[error] Error: An unexpected error has occurred.
[debug] [2026-06-09T09:11:43.414Z] Error: EPIPE: broken pipe, write
    at Socket._write (node:internal/net:63:18)
    at writeOrBuffer (node:internal/streams/writable:572:12)
    at _write (node:internal/streams/writable:501:10)
    at Writable.write (node:internal/streams/writable:510:10)
    at Console.log (C:\Users\Nuruzzaman\AppData\Local\npm-cache\_npx\7750544ccf494d8b\node_modules\winston\lib\winston\transports\console.js:87:23)
    at Console._write (C:\Users\Nuruzzaman\AppData\Local\npm-cache\_npx\7750544ccf494d8b\node_modules\winston-transport\modern.js:103:17)
    at doWrite (C:\Users\Nuruzzaman\AppData\Local\npm-cache\_npx\7750544ccf494d8b\node_modules\winston-transport\node_modules\readable-stream\lib\_stream_writable.js:390:139)
    at writeOrBuffer (C:\Users\Nuruzzaman\AppData\Local\npm-cache\_npx\7750544ccf494d8b\node_modules\winston-transport\node_modules\readable-stream\lib\_stream_writable.js:381:5)
    at Writable.write (C:\Users\Nuruzzaman\AppData\Local\npm-cache\_npx\7750544ccf494d8b\node_modules\winston-transport\node_modules\readable-stream\lib\_stream_writable.js:302:11)
    at DerivedLogger.ondata (C:\Users\Nuruzzaman\AppData\Local\npm-cache\_npx\7750544ccf494d8b\node_modules\winston\node_modules\readable-stream\lib\_stream_readable.js:629:20)
[error] 
[error] Error: An unexpected error has occurred.
[debug] [2026-06-09T09:11:43.414Z] Error: EPIPE: broken pipe, write
    at Socket._write (node:internal/net:63:18)
    at writeOrBuffer (node:internal/streams/writable:572:12)
    at _write (node:internal/streams/writable:501:10)
    at Writable.write (node:internal/streams/writable:510:10)
    at Console.log (C:\Users\Nuruzzaman\AppData\Local\npm-cache\_npx\7750544ccf494d8b\node_modules\winston\lib\winston\transports\console.js:87:23)
    at Console._write (C:\Users\Nuruzzaman\AppData\Local\npm-cache\_npx\7750544ccf494d8b\node_modules\winston-transport\modern.js:103:17)
    at doWrite (C:\Users\Nuruzzaman\AppData\Local\npm-cache\_npx\7750544ccf494d8b\node_modules\winston-transport\node_modules\readable-stream\lib\_stream_writable.js:390:139)
    at writeOrBuffer (C:\Users\Nuruzzaman\AppData\Local\npm-cache\_npx\7750544ccf494d8b\node_modules\winston-transport\node_modules\readable-stream\lib\_stream_writable.js:381:5)
    at Writable.write (C:\Users\Nuruzzaman\AppData\Local\npm-cache\_npx\7750544ccf494d8b\node_modules\winston-transport\node_modules\readable-stream\lib\_stream_writable.js:302:11)
    at DerivedLogger.ondata (C:\Users\Nuruzzaman\AppData\Local\npm-cache\_npx\7750544ccf494d8b\node_modules\winston\node_modules\readable-stream\lib\_stream_readable.js:629:20)
[error] 
[error] Error: An unexpected error has occurred.
[debug] [2026-06-09T09:11:43.414Z] Error: EPIPE: broken pipe, write
    at Socket._write (node:internal/net:63:18)
    at writeOrBuffer (node:internal/streams/writable:572:12)
    at _write (node:internal/streams/writable:501:10)
    at Writable.write (node:internal/streams/writable:510:10)
    at Console.log (C:\Users\Nuruzzaman\AppData\Local\npm-cache\_npx\7750544ccf494d8b\node_modules\winston\lib\winston\transports\console.js:87:23)
    at Console._write (C:\Users\Nuruzzaman\AppData\Local\npm-cache\_npx\7750544ccf494d8b\node_modules\winston-transport\modern.js:103:17)
    at doWrite (C:\Users\Nuruzzaman\AppData\Local\npm-cache\_npx\7750544ccf494d8b\node_modules\winston-transport\node_modules\readable-stream\lib\_stream_writable.js:390:139)
    at writeOrBuffer (C:\Users\Nuruzzaman\AppData\Local\npm-cache\_npx\7750544ccf494d8b\node_modules\winston-transport\node_modules\readable-stream\lib\_stream_writable.js:381:5)
    at Writable.write (C:\Users\Nuruzzaman\AppData\Local\npm-cache\_npx\7750544ccf494d8b\node_modules\winston-transport\node_modules\readable-stream\lib\_stream_writable.js:302:11)
    at DerivedLogger.ondata (C:\Users\Nuruzzaman\AppData\Local\npm-cache\_npx\7750544ccf494d8b\node_modules\winston\node_modules\readable-stream\lib\_stream_readable.js:629:20)
[error] 
[error] Error: An unexpected error has occurred.
[debug] [2026-06-09T09:11:43.415Z] Error: EPIPE: broken pipe, write
    at Socket._write (node:internal/net:63:18)
    at writeOrBuffer (node:internal/streams/writable:572:12)
    at _write (node:internal/streams/writable:501:10)
    at Writable.write (node:internal/streams/writable:510:10)
    at Console.log (C:\Users\Nuruzzaman\AppData\Local\npm-cache\_npx\7750544ccf494d8b\node_modules\winston\lib\winston\transports\console.js:87:23)
    at Console._write (C:\Users\Nuruzzaman\AppData\Local\npm-cache\_npx\7750544ccf494d8b\node_modules\winston-transport\modern.js:103:17)
    at doWrite (C:\Users\Nuruzzaman\AppData\Local\npm-cache\_npx\7750544ccf494d8b\node_modules\winston-transport\node_modules\readable-stream\lib\_stream_writable.js:390:139)
    at writeOrBuffer (C:\Users\Nuruzzaman\AppData\Local\npm-cache\_npx\7750544ccf494d8b\node_modules\winston-transport\node_modules\readable-stream\lib\_stream_writable.js:381:5)
    at Writable.write (C:\Users\Nuruzzaman\AppData\Local\npm-cache\_npx\7750544ccf494d8b\node_modules\winston-transport\node_modules\readable-stream\lib\_stream_writable.js:302:11)
    at DerivedLogger.ondata (C:\Users\Nuruzzaman\AppData\Local\npm-cache\_npx\7750544ccf494d8b\node_modules\winston\node_modules\readable-stream\lib\_stream_readable.js:629:20)
[error] 
[error] Error: An unexpected error has occurred.
[debug] [2026-06-09T09:11:43.415Z] Error: EPIPE: broken pipe, write
    at Socket._write (node:internal/net:63:18)
    at writeOrBuffer (node:internal/streams/writable:572:12)
    at _write (node:internal/streams/writable:501:10)
    at Writable.write (node:internal/streams/writable:510:10)
    at Console.log (C:\Users\Nuruzzaman\AppData\Local\npm-cache\_npx\7750544ccf494d8b\node_modules\winston\lib\winston\transports\console.js:87:23)
    at Console._write (C:\Users\Nuruzzaman\AppData\Local\npm-cache\_npx\7750544ccf494d8b\node_modules\winston-transport\modern.js:103:17)
    at doWrite (C:\Users\Nuruzzaman\AppData\Local\npm-cache\_npx\7750544ccf494d8b\node_modules\winston-transport\node_modules\readable-stream\lib\_stream_writable.js:390:139)
    at writeOrBuffer (C:\Users\Nuruzzaman\AppData\Local\npm-cache\_npx\7750544ccf494d8b\node_modules\winston-transport\node_modules\readable-stream\lib\_stream_writable.js:381:5)
    at Writable.write (C:\Users\Nuruzzaman\AppData\Local\npm-cache\_npx\7750544ccf494d8b\node_modules\winston-transport\node_modules\readable-stream\lib\_stream_writable.js:302:11)
    at DerivedLogger.ondata (C:\Users\Nuruzzaman\AppData\Local\npm-cache\_npx\7750544ccf494d8b\node_modules\winston\node_modules\readable-stream\lib\_stream_readable.js:629:20)
[error] 
[error] Error: An unexpected error has occurred.
[debug] [2026-06-09T09:11:43.415Z] Error: EPIPE: broken pipe, write
    at Socket._write (node:internal/net:63:18)
    at writeOrBuffer (node:internal/streams/writable:572:12)
    at _write (node:internal/streams/writable:501:10)
    at Writable.write (node:internal/streams/writable:510:10)
    at Console.log (C:\Users\Nuruzzaman\AppData\Local\npm-cache\_npx\7750544ccf494d8b\node_modules\winston\lib\winston\transports\console.js:87:23)
    at Console._write (C:\Users\Nuruzzaman\AppData\Local\npm-cache\_npx\7750544ccf494d8b\node_modules\winston-transport\modern.js:103:17)
    at doWrite (C:\Users\Nuruzzaman\AppData\Local\npm-cache\_npx\7750544ccf494d8b\node_modules\winston-transport\node_modules\readable-stream\lib\_stream_writable.js:390:139)
    at writeOrBuffer (C:\Users\Nuruzzaman\AppData\Local\npm-cache\_npx\7750544ccf494d8b\node_modules\winston-transport\node_modules\readable-stream\lib\_stream_writable.js:381:5)
    at Writable.write (C:\Users\Nuruzzaman\AppData\Local\npm-cache\_npx\7750544ccf494d8b\node_modules\winston-transport\node_modules\readable-stream\lib\_stream_writable.js:302:11)
    at DerivedLogger.ondata (C:\Users\Nuruzzaman\AppData\Local\npm-cache\_npx\7750544ccf494d8b\node_modules\winston\node_modules\readable-stream\lib\_stream_readable.js:629:20)
[error] 
[error] Error: An unexpected error has occurred.
[debug] [2026-06-09T09:11:43.415Z] Error: EPIPE: broken pipe, write
    at Socket._write (node:internal/net:63:18)
    at writeOrBuffer (node:internal/streams/writable:572:12)
    at _write (node:internal/streams/writable:501:10)
    at Writable.write (node:internal/streams/writable:510:10)
    at Console.log (C:\Users\Nuruzzaman\AppData\Local\npm-cache\_npx\7750544ccf494d8b\node_modules\winston\lib\winston\transports\console.js:87:23)
    at Console._write (C:\Users\Nuruzzaman\AppData\Local\npm-cache\_npx\7750544ccf494d8b\node_modules\winston-transport\modern.js:103:17)
    at doWrite (C:\Users\Nuruzzaman\AppData\Local\npm-cache\_npx\7750544ccf494d8b\node_modules\winston-transport\node_modules\readable-stream\lib\_stream_writable.js:390:139)
    at writeOrBuffer (C:\Users\Nuruzzaman\AppData\Local\npm-cache\_npx\7750544ccf494d8b\node_modules\winston-transport\node_modules\readable-stream\lib\_stream_writable.js:381:5)
    at Writable.write (C:\Users\Nuruzzaman\AppData\Local\npm-cache\_npx\7750544ccf494d8b\node_modules\winston-transport\node_modules\readable-stream\lib\_stream_writable.js:302:11)
    at DerivedLogger.ondata (C:\Users\Nuruzzaman\AppData\Local\npm-cache\_npx\7750544ccf494d8b\node_modules\winston\node_modules\readable-stream\lib\_stream_readable.js:629:20)
[error] 
[error] Error: An unexpected error has occurred.
[debug] [2026-06-09T09:11:43.416Z] Error: EPIPE: broken pipe, write
    at Socket._write (node:internal/net:63:18)
    at writeOrBuffer (node:internal/streams/writable:572:12)
    at _write (node:internal/streams/writable:501:10)
    at Writable.write (node:internal/streams/writable:510:10)
    at Console.log (C:\Users\Nuruzzaman\AppData\Local\npm-cache\_npx\7750544ccf494d8b\node_modules\winston\lib\winston\transports\console.js:87:23)
    at Console._write (C:\Users\Nuruzzaman\AppData\Local\npm-cache\_npx\7750544ccf494d8b\node_modules\winston-transport\modern.js:103:17)
    at doWrite (C:\Users\Nuruzzaman\AppData\Local\npm-cache\_npx\7750544ccf494d8b\node_modules\winston-transport\node_modules\readable-stream\lib\_stream_writable.js:390:139)
    at writeOrBuffer (C:\Users\Nuruzzaman\AppData\Local\npm-cache\_npx\7750544ccf494d8b\node_modules\winston-transport\node_modules\readable-stream\lib\_stream_writable.js:381:5)
    at Writable.write (C:\Users\Nuruzzaman\AppData\Local\npm-cache\_npx\7750544ccf494d8b\node_modules\winston-transport\node_modules\readable-stream\lib\_stream_writable.js:302:11)
    at DerivedLogger.ondata (C:\Users\Nuruzzaman\AppData\Local\npm-cache\_npx\7750544ccf494d8b\node_modules\winston\node_modules\readable-stream\lib\_stream_readable.js:629:20)
[error] 
[error] Error: An unexpected error has occurred.
[debug] [2026-06-09T09:11:43.416Z] Error: EPIPE: broken pipe, write
    at Socket._write (node:internal/net:63:18)
    at writeOrBuffer (node:internal/streams/writable:572:12)
    at _write (node:internal/streams/writable:501:10)
    at Writable.write (node:internal/streams/writable:510:10)
    at Console.log (C:\Users\Nuruzzaman\AppData\Local\npm-cache\_npx\7750544ccf494d8b\node_modules\winston\lib\winston\transports\console.js:87:23)
    at Console._write (C:\Users\Nuruzzaman\AppData\Local\npm-cache\_npx\7750544ccf494d8b\node_modules\winston-transport\modern.js:103:17)
    at doWrite (C:\Users\Nuruzzaman\AppData\Local\npm-cache\_npx\7750544ccf494d8b\node_modules\winston-transport\node_modules\readable-stream\lib\_stream_writable.js:390:139)
    at writeOrBuffer (C:\Users\Nuruzzaman\AppData\Local\npm-cache\_npx\7750544ccf494d8b\node_modules\winston-transport\node_modules\readable-stream\lib\_stream_writable.js:381:5)
    at Writable.write (C:\Users\Nuruzzaman\AppData\Local\npm-cache\_npx\7750544ccf494d8b\node_modules\winston-transport\node_modules\readable-stream\lib\_stream_writable.js:302:11)
    at DerivedLogger.ondata (C:\Users\Nuruzzaman\AppData\Local\npm-cache\_npx\7750544ccf494d8b\node_modules\winston\node_modules\readable-stream\lib\_stream_readable.js:629:20)
[error] 
[error] Error: An unexpected error has occurred.
[debug] [2026-06-09T09:11:43.416Z] Error: EPIPE: broken pipe, write
    at Socket._write (node:internal/net:63:18)
    at writeOrBuffer (node:internal/streams/writable:572:12)
    at _write (node:internal/streams/writable:501:10)
    at Writable.write (node:internal/streams/writable:510:10)
    at Console.log (C:\Users\Nuruzzaman\AppData\Local\npm-cache\_npx\7750544ccf494d8b\node_modules\winston\lib\winston\transports\console.js:87:23)
    at Console._write (C:\Users\Nuruzzaman\AppData\Local\npm-cache\_npx\7750544ccf494d8b\node_modules\winston-transport\modern.js:103:17)
    at doWrite (C:\Users\Nuruzzaman\AppData\Local\npm-cache\_npx\7750544ccf494d8b\node_modules\winston-transport\node_modules\readable-stream\lib\_stream_writable.js:390:139)
    at writeOrBuffer (C:\Users\Nuruzzaman\AppData\Local\npm-cache\_npx\7750544ccf494d8b\node_modules\winston-transport\node_modules\readable-stream\lib\_stream_writable.js:381:5)
    at Writable.write (C:\Users\Nuruzzaman\AppData\Local\npm-cache\_npx\7750544ccf494d8b\node_modules\winston-transport\node_modules\readable-stream\lib\_stream_writable.js:302:11)
    at DerivedLogger.ondata (C:\Users\Nuruzzaman\AppData\Local\npm-cache\_npx\7750544ccf494d8b\node_modules\winston\node_modules\readable-stream\lib\_stream_readable.js:629:20)
[error] 
[error] Error: An unexpected error has occurred.
[debug] [2026-06-09T09:11:43.416Z] Error: EPIPE: broken pipe, write
    at Socket._write (node:internal/net:63:18)
    at writeOrBuffer (node:internal/streams/writable:572:12)
    at _write (node:internal/streams/writable:501:10)
    at Writable.write (node:internal/streams/writable:510:10)
    at Console.log (C:\Users\Nuruzzaman\AppData\Local\npm-cache\_npx\7750544ccf494d8b\node_modules\winston\lib\winston\transports\console.js:87:23)
    at Console._write (C:\Users\Nuruzzaman\AppData\Local\npm-cache\_npx\7750544ccf494d8b\node_modules\winston-transport\modern.js:103:17)
    at doWrite (C:\Users\Nuruzzaman\AppData\Local\npm-cache\_npx\7750544ccf494d8b\node_modules\winston-transport\node_modules\readable-stream\lib\_stream_writable.js:390:139)
    at writeOrBuffer (C:\Users\Nuruzzaman\AppData\Local\npm-cache\_npx\7750544ccf494d8b\node_modules\winston-transport\node_modules\readable-stream\lib\_stream_writable.js:381:5)
    at Writable.write (C:\Users\Nuruzzaman\AppData\Local\npm-cache\_npx\7750544ccf494d8b\node_modules\winston-transport\node_modules\readable-stream\lib\_stream_writable.js:302:11)
    at DerivedLogger.ondata (C:\Users\Nuruzzaman\AppData\Local\npm-cache\_npx\7750544ccf494d8b\node_modules\winston\node_modules\readable-stream\lib\_stream_readable.js:629:20)
[error] 
[error] Error: An unexpected error has occurred.
[debug] [2026-06-09T09:11:43.416Z] Error: EPIPE: broken pipe, write
    at Socket._write (node:internal/net:63:18)
    at writeOrBuffer (node:internal/streams/writable:572:12)
    at _write (node:internal/streams/writable:501:10)
    at Writable.write (node:internal/streams/writable:510:10)
    at Console.log (C:\Users\Nuruzzaman\AppData\Local\npm-cache\_npx\7750544ccf494d8b\node_modules\winston\lib\winston\transports\console.js:87:23)
    at Console._write (C:\Users\Nuruzzaman\AppData\Local\npm-cache\_npx\7750544ccf494d8b\node_modules\winston-transport\modern.js:103:17)
    at doWrite (C:\Users\Nuruzzaman\AppData\Local\npm-cache\_npx\7750544ccf494d8b\node_modules\winston-transport\node_modules\readable-stream\lib\_stream_writable.js:390:139)
    at writeOrBuffer (C:\Users\Nuruzzaman\AppData\Local\npm-cache\_npx\7750544ccf494d8b\node_modules\winston-transport\node_modules\readable-stream\lib\_stream_writable.js:381:5)
    at Writable.write (C:\Users\Nuruzzaman\AppData\Local\npm-cache\_npx\7750544ccf494d8b\node_modules\winston-transport\node_modules\readable-stream\lib\_stream_writable.js:302:11)
    at DerivedLogger.ondata (C:\Users\Nuruzzaman\AppData\Local\npm-cache\_npx\7750544ccf494d8b\node_modules\winston\node_modules\readable-stream\lib\_stream_readable.js:629:20)
[error] 
[error] Error: An unexpected error has occurred.
[debug] [2026-06-09T09:11:43.416Z] Error: EPIPE: broken pipe, write
    at Socket._write (node:internal/net:63:18)
    at writeOrBuffer (node:internal/streams/writable:572:12)
    at _write (node:internal/streams/writable:501:10)
    at Writable.write (node:internal/streams/writable:510:10)
    at Console.log (C:\Users\Nuruzzaman\AppData\Local\npm-cache\_npx\7750544ccf494d8b\node_modules\winston\lib\winston\transports\console.js:87:23)
    at Console._write (C:\Users\Nuruzzaman\AppData\Local\npm-cache\_npx\7750544ccf494d8b\node_modules\winston-transport\modern.js:103:17)
    at doWrite (C:\Users\Nuruzzaman\AppData\Local\npm-cache\_npx\7750544ccf494d8b\node_modules\winston-transport\node_modules\readable-stream\lib\_stream_writable.js:390:139)
    at writeOrBuffer (C:\Users\Nuruzzaman\AppData\Local\npm-cache\_npx\7750544ccf494d8b\node_modules\winston-transport\node_modules\readable-stream\lib\_stream_writable.js:381:5)
    at Writable.write (C:\Users\Nuruzzaman\AppData\Local\npm-cache\_npx\7750544ccf494d8b\node_modules\winston-transport\node_modules\readable-stream\lib\_stream_writable.js:302:11)
    at DerivedLogger.ondata (C:\Users\Nuruzzaman\AppData\Local\npm-cache\_npx\7750544ccf494d8b\node_modules\winston\node_modules\readable-stream\lib\_stream_readable.js:629:20)
[error] 
[error] Error: An unexpected error has occurred.
[debug] [2026-06-09T09:11:43.418Z] Error: EPIPE: broken pipe, write
    at Socket._write (node:internal/net:63:18)
    at writeOrBuffer (node:internal/streams/writable:572:12)
    at _write (node:internal/streams/writable:501:10)
    at Writable.write (node:internal/streams/writable:510:10)
    at Console.log (C:\Users\Nuruzzaman\AppData\Local\npm-cache\_npx\7750544ccf494d8b\node_modules\winston\lib\winston\transports\console.js:87:23)
    at Console._write (C:\Users\Nuruzzaman\AppData\Local\npm-cache\_npx\7750544ccf494d8b\node_modules\winston-transport\modern.js:103:17)
    at doWrite (C:\Users\Nuruzzaman\AppData\Local\npm-cache\_npx\7750544ccf494d8b\node_modules\winston-transport\node_modules\readable-stream\lib\_stream_writable.js:390:139)
    at writeOrBuffer (C:\Users\Nuruzzaman\AppData\Local\npm-cache\_npx\7750544ccf494d8b\node_modules\winston-transport\node_modules\readable-stream\lib\_stream_writable.js:381:5)
    at Writable.write (C:\Users\Nuruzzaman\AppData\Local\npm-cache\_npx\7750544ccf494d8b\node_modules\winston-transport\node_modules\readable-stream\lib\_stream_writable.js:302:11)
    at DerivedLogger.ondata (C:\Users\Nuruzzaman\AppData\Local\npm-cache\_npx\7750544ccf494d8b\node_modules\winston\node_modules\readable-stream\lib\_stream_readable.js:629:20)
[error] 
[error] Error: An unexpected error has occurred.
[debug] [2026-06-09T09:11:43.418Z] Error: EPIPE: broken pipe, write
    at Socket._write (node:internal/net:63:18)
    at writeOrBuffer (node:internal/streams/writable:572:12)
    at _write (node:internal/streams/writable:501:10)
    at Writable.write (node:internal/streams/writable:510:10)
    at Console.log (C:\Users\Nuruzzaman\AppData\Local\npm-cache\_npx\7750544ccf494d8b\node_modules\winston\lib\winston\transports\console.js:87:23)
    at Console._write (C:\Users\Nuruzzaman\AppData\Local\npm-cache\_npx\7750544ccf494d8b\node_modules\winston-transport\modern.js:103:17)
    at doWrite (C:\Users\Nuruzzaman\AppData\Local\npm-cache\_npx\7750544ccf494d8b\node_modules\winston-transport\node_modules\readable-stream\lib\_stream_writable.js:390:139)
    at writeOrBuffer (C:\Users\Nuruzzaman\AppData\Local\npm-cache\_npx\7750544ccf494d8b\node_modules\winston-transport\node_modules\readable-stream\lib\_stream_writable.js:381:5)
    at Writable.write (C:\Users\Nuruzzaman\AppData\Local\npm-cache\_npx\7750544ccf494d8b\node_modules\winston-transport\node_modules\readable-stream\lib\_stream_writable.js:302:11)
    at DerivedLogger.ondata (C:\Users\Nuruzzaman\AppData\Local\npm-cache\_npx\7750544ccf494d8b\node_modules\winston\node_modules\readable-stream\lib\_stream_readable.js:629:20)
[error] 
[error] Error: An unexpected error has occurred.
[debug] [2026-06-09T09:11:43.418Z] Error: EPIPE: broken pipe, write
    at Socket._write (node:internal/net:63:18)
    at writeOrBuffer (node:internal/streams/writable:572:12)
    at _write (node:internal/streams/writable:501:10)
    at Writable.write (node:internal/streams/writable:510:10)
    at Console.log (C:\Users\Nuruzzaman\AppData\Local\npm-cache\_npx\7750544ccf494d8b\node_modules\winston\lib\winston\transports\console.js:87:23)
    at Console._write (C:\Users\Nuruzzaman\AppData\Local\npm-cache\_npx\7750544ccf494d8b\node_modules\winston-transport\modern.js:103:17)
    at doWrite (C:\Users\Nuruzzaman\AppData\Local\npm-cache\_npx\7750544ccf494d8b\node_modules\winston-transport\node_modules\readable-stream\lib\_stream_writable.js:390:139)
    at writeOrBuffer (C:\Users\Nuruzzaman\AppData\Local\npm-cache\_npx\7750544ccf494d8b\node_modules\winston-transport\node_modules\readable-stream\lib\_stream_writable.js:381:5)
    at Writable.write (C:\Users\Nuruzzaman\AppData\Local\npm-cache\_npx\7750544ccf494d8b\node_modules\winston-transport\node_modules\readable-stream\lib\_stream_writable.js:302:11)
    at DerivedLogger.ondata (C:\Users\Nuruzzaman\AppData\Local\npm-cache\_npx\7750544ccf494d8b\node_modules\winston\node_modules\readable-stream\lib\_stream_readable.js:629:20)
[error] 
[error] Error: An unexpected error has occurred.
[debug] [2026-06-09T09:11:43.418Z] Error: EPIPE: broken pipe, write
    at Socket._write (node:internal/net:63:18)
    at writeOrBuffer (node:internal/streams/writable:572:12)
    at _write (node:internal/streams/writable:501:10)
    at Writable.write (node:internal/streams/writable:510:10)
    at Console.log (C:\Users\Nuruzzaman\AppData\Local\npm-cache\_npx\7750544ccf494d8b\node_modules\winston\lib\winston\transports\console.js:87:23)
    at Console._write (C:\Users\Nuruzzaman\AppData\Local\npm-cache\_npx\7750544ccf494d8b\node_modules\winston-transport\modern.js:103:17)
    at doWrite (C:\Users\Nuruzzaman\AppData\Local\npm-cache\_npx\7750544ccf494d8b\node_modules\winston-transport\node_modules\readable-stream\lib\_stream_writable.js:390:139)
    at writeOrBuffer (C:\Users\Nuruzzaman\AppData\Local\npm-cache\_npx\7750544ccf494d8b\node_modules\winston-transport\node_modules\readable-stream\lib\_stream_writable.js:381:5)
    at Writable.write (C:\Users\Nuruzzaman\AppData\Local\npm-cache\_npx\7750544ccf494d8b\node_modules\winston-transport\node_modules\readable-stream\lib\_stream_writable.js:302:11)
    at DerivedLogger.ondata (C:\Users\Nuruzzaman\AppData\Local\npm-cache\_npx\7750544ccf494d8b\node_modules\winston\node_modules\readable-stream\lib\_stream_readable.js:629:20)
[error] 
[error] Error: An unexpected error has occurred.
[debug] [2026-06-09T09:11:43.419Z] Error: EPIPE: broken pipe, write
    at Socket._write (node:internal/net:63:18)
    at writeOrBuffer (node:internal/streams/writable:572:12)
    at _write (node:internal/streams/writable:501:10)
    at Writable.write (node:internal/streams/writable:510:10)
    at Console.log (C:\Users\Nuruzzaman\AppData\Local\npm-cache\_npx\7750544ccf494d8b\node_modules\winston\lib\winston\transports\console.js:87:23)
    at Console._write (C:\Users\Nuruzzaman\AppData\Local\npm-cache\_npx\7750544ccf494d8b\node_modules\winston-transport\modern.js:103:17)
    at doWrite (C:\Users\Nuruzzaman\AppData\Local\npm-cache\_npx\7750544ccf494d8b\node_modules\winston-transport\node_modules\readable-stream\lib\_stream_writable.js:390:139)
    at writeOrBuffer (C:\Users\Nuruzzaman\AppData\Local\npm-cache\_npx\7750544ccf494d8b\node_modules\winston-transport\node_modules\readable-stream\lib\_stream_writable.js:381:5)
    at Writable.write (C:\Users\Nuruzzaman\AppData\Local\npm-cache\_npx\7750544ccf494d8b\node_modules\winston-transport\node_modules\readable-stream\lib\_stream_writable.js:302:11)
    at DerivedLogger.ondata (C:\Users\Nuruzzaman\AppData\Local\npm-cache\_npx\7750544ccf494d8b\node_modules\winston\node_modules\readable-stream\lib\_stream_readable.js:629:20)
[error] 
[error] Error: An unexpected error has occurred.
[debug] [2026-06-09T09:11:43.419Z] Error: EPIPE: broken pipe, write
    at Socket._write (node:internal/net:63:18)
    at writeOrBuffer (node:internal/streams/writable:572:12)
    at _write (node:internal/streams/writable:501:10)
    at Writable.write (node:internal/streams/writable:510:10)
    at Console.log (C:\Users\Nuruzzaman\AppData\Local\npm-cache\_npx\7750544ccf494d8b\node_modules\winston\lib\winston\transports\console.js:87:23)
    at Console._write (C:\Users\Nuruzzaman\AppData\Local\npm-cache\_npx\7750544ccf494d8b\node_modules\winston-transport\modern.js:103:17)
    at doWrite (C:\Users\Nuruzzaman\AppData\Local\npm-cache\_npx\7750544ccf494d8b\node_modules\winston-transport\node_modules\readable-stream\lib\_stream_writable.js:390:139)
    at writeOrBuffer (C:\Users\Nuruzzaman\AppData\Local\npm-cache\_npx\7750544ccf494d8b\node_modules\winston-transport\node_modules\readable-stream\lib\_stream_writable.js:381:5)
    at Writable.write (C:\Users\Nuruzzaman\AppData\Local\npm-cache\_npx\7750544ccf494d8b\node_modules\winston-transport\node_modules\readable-stream\lib\_stream_writable.js:302:11)
    at DerivedLogger.ondata (C:\Users\Nuruzzaman\AppData\Local\npm-cache\_npx\7750544ccf494d8b\node_modules\winston\node_modules\readable-stream\lib\_stream_readable.js:629:20)
[error] 
[error] Error: An unexpected error has occurred.
[debug] [2026-06-09T09:11:43.419Z] Error: EPIPE: broken pipe, write
    at Socket._write (node:internal/net:63:18)
    at writeOrBuffer (node:internal/streams/writable:572:12)
    at _write (node:internal/streams/writable:501:10)
    at Writable.write (node:internal/streams/writable:510:10)
    at Console.log (C:\Users\Nuruzzaman\AppData\Local\npm-cache\_npx\7750544ccf494d8b\node_modules\winston\lib\winston\transports\console.js:87:23)
    at Console._write (C:\Users\Nuruzzaman\AppData\Local\npm-cache\_npx\7750544ccf494d8b\node_modules\winston-transport\modern.js:103:17)
    at doWrite (C:\Users\Nuruzzaman\AppData\Local\npm-cache\_npx\7750544ccf494d8b\node_modules\winston-transport\node_modules\readable-stream\lib\_stream_writable.js:390:139)
    at writeOrBuffer (C:\Users\Nuruzzaman\AppData\Local\npm-cache\_npx\7750544ccf494d8b\node_modules\winston-transport\node_modules\readable-stream\lib\_stream_writable.js:381:5)
    at Writable.write (C:\Users\Nuruzzaman\AppData\Local\npm-cache\_npx\7750544ccf494d8b\node_modules\winston-transport\node_modules\readable-stream\lib\_stream_writable.js:302:11)
    at DerivedLogger.ondata (C:\Users\Nuruzzaman\AppData\Local\npm-cache\_npx\7750544ccf494d8b\node_modules\winston\node_modules\readable-stream\lib\_stream_readable.js:629:20)
[error] 
[error] Error: An unexpected error has occurred.
[debug] [2026-06-09T09:11:43.419Z] Error: EPIPE: broken pipe, write
    at Socket._write (node:internal/net:63:18)
    at writeOrBuffer (node:internal/streams/writable:572:12)
    at _write (node:internal/streams/writable:501:10)
    at Writable.write (node:internal/streams/writable:510:10)
    at Console.log (C:\Users\Nuruzzaman\AppData\Local\npm-cache\_npx\7750544ccf494d8b\node_modules\winston\lib\winston\transports\console.js:87:23)
    at Console._write (C:\Users\Nuruzzaman\AppData\Local\npm-cache\_npx\7750544ccf494d8b\node_modules\winston-transport\modern.js:103:17)
    at doWrite (C:\Users\Nuruzzaman\AppData\Local\npm-cache\_npx\7750544ccf494d8b\node_modules\winston-transport\node_modules\readable-stream\lib\_stream_writable.js:390:139)
    at writeOrBuffer (C:\Users\Nuruzzaman\AppData\Local\npm-cache\_npx\7750544ccf494d8b\node_modules\winston-transport\node_modules\readable-stream\lib\_stream_writable.js:381:5)
    at Writable.write (C:\Users\Nuruzzaman\AppData\Local\npm-cache\_npx\7750544ccf494d8b\node_modules\winston-transport\node_modules\readable-stream\lib\_stream_writable.js:302:11)
    at DerivedLogger.ondata (C:\Users\Nuruzzaman\AppData\Local\npm-cache\_npx\7750544ccf494d8b\node_modules\winston\node_modules\readable-stream\lib\_stream_readable.js:629:20)
[error] 
[error] Error: An unexpected error has occurred.
[debug] [2026-06-09T09:11:43.419Z] Error: EPIPE: broken pipe, write
    at Socket._write (node:internal/net:63:18)
    at writeOrBuffer (node:internal/streams/writable:572:12)
    at _write (node:internal/streams/writable:501:10)
    at Writable.write (node:internal/streams/writable:510:10)
    at Console.log (C:\Users\Nuruzzaman\AppData\Local\npm-cache\_npx\7750544ccf494d8b\node_modules\winston\lib\winston\transports\console.js:87:23)
    at Console._write (C:\Users\Nuruzzaman\AppData\Local\npm-cache\_npx\7750544ccf494d8b\node_modules\winston-transport\modern.js:103:17)
    at doWrite (C:\Users\Nuruzzaman\AppData\Local\npm-cache\_npx\7750544ccf494d8b\node_modules\winston-transport\node_modules\readable-stream\lib\_stream_writable.js:390:139)
    at writeOrBuffer (C:\Users\Nuruzzaman\AppData\Local\npm-cache\_npx\7750544ccf494d8b\node_modules\winston-transport\node_modules\readable-stream\lib\_stream_writable.js:381:5)
    at Writable.write (C:\Users\Nuruzzaman\AppData\Local\npm-cache\_npx\7750544ccf494d8b\node_modules\winston-transport\node_modules\readable-stream\lib\_stream_writable.js:302:11)
    at DerivedLogger.ondata (C:\Users\Nuruzzaman\AppData\Local\npm-cache\_npx\7750544ccf494d8b\node_modules\winston\node_modules\readable-stream\lib\_stream_readable.js:629:20)
[error] 
[error] Error: An unexpected error has occurred.
[debug] [2026-06-09T09:11:43.420Z] Error: EPIPE: broken pipe, write
    at Socket._write (node:internal/net:63:18)
    at writeOrBuffer (node:internal/streams/writable:572:12)
    at _write (node:internal/streams/writable:501:10)
    at Writable.write (node:internal/streams/writable:510:10)
    at Console.log (C:\Users\Nuruzzaman\AppData\Local\npm-cache\_npx\7750544ccf494d8b\node_modules\winston\lib\winston\transports\console.js:87:23)
    at Console._write (C:\Users\Nuruzzaman\AppData\Local\npm-cache\_npx\7750544ccf494d8b\node_modules\winston-transport\modern.js:103:17)
    at doWrite (C:\Users\Nuruzzaman\AppData\Local\npm-cache\_npx\7750544ccf494d8b\node_modules\winston-transport\node_modules\readable-stream\lib\_stream_writable.js:390:139)
    at writeOrBuffer (C:\Users\Nuruzzaman\AppData\Local\npm-cache\_npx\7750544ccf494d8b\node_modules\winston-transport\node_modules\readable-stream\lib\_stream_writable.js:381:5)
    at Writable.write (C:\Users\Nuruzzaman\AppData\Local\npm-cache\_npx\7750544ccf494d8b\node_modules\winston-transport\node_modules\readable-stream\lib\_stream_writable.js:302:11)
    at DerivedLogger.ondata (C:\Users\Nuruzzaman\AppData\Local\npm-cache\_npx\7750544ccf494d8b\node_modules\winston\node_modules\readable-stream\lib\_stream_readable.js:629:20)
[error] 
[error] Error: An unexpected error has occurred.
[debug] [2026-06-09T09:11:43.420Z] Error: EPIPE: broken pipe, write
    at Socket._write (node:internal/net:63:18)
    at writeOrBuffer (node:internal/streams/writable:572:12)
    at _write (node:internal/streams/writable:501:10)
    at Writable.write (node:internal/streams/writable:510:10)
    at Console.log (C:\Users\Nuruzzaman\AppData\Local\npm-cache\_npx\7750544ccf494d8b\node_modules\winston\lib\winston\transports\console.js:87:23)
    at Console._write (C:\Users\Nuruzzaman\AppData\Local\npm-cache\_npx\7750544ccf494d8b\node_modules\winston-transport\modern.js:103:17)
    at doWrite (C:\Users\Nuruzzaman\AppData\Local\npm-cache\_npx\7750544ccf494d8b\node_modules\winston-transport\node_modules\readable-stream\lib\_stream_writable.js:390:139)
    at writeOrBuffer (C:\Users\Nuruzzaman\AppData\Local\npm-cache\_npx\7750544ccf494d8b\node_modules\winston-transport\node_modules\readable-stream\lib\_stream_writable.js:381:5)
    at Writable.write (C:\Users\Nuruzzaman\AppData\Local\npm-cache\_npx\7750544ccf494d8b\node_modules\winston-transport\node_modules\readable-stream\lib\_stream_writable.js:302:11)
    at DerivedLogger.ondata (C:\Users\Nuruzzaman\AppData\Local\npm-cache\_npx\7750544ccf494d8b\node_modules\winston\node_modules\readable-stream\lib\_stream_readable.js:629:20)
[error] 
[error] Error: An unexpected error has occurred.
[debug] [2026-06-09T09:11:43.420Z] Error: EPIPE: broken pipe, write
    at Socket._write (node:internal/net:63:18)
    at writeOrBuffer (node:internal/streams/writable:572:12)
    at _write (node:internal/streams/writable:501:10)
    at Writable.write (node:internal/streams/writable:510:10)
    at Console.log (C:\Users\Nuruzzaman\AppData\Local\npm-cache\_npx\7750544ccf494d8b\node_modules\winston\lib\winston\transports\console.js:87:23)
    at Console._write (C:\Users\Nuruzzaman\AppData\Local\npm-cache\_npx\7750544ccf494d8b\node_modules\winston-transport\modern.js:103:17)
    at doWrite (C:\Users\Nuruzzaman\AppData\Local\npm-cache\_npx\7750544ccf494d8b\node_modules\winston-transport\node_modules\readable-stream\lib\_stream_writable.js:390:139)
    at writeOrBuffer (C:\Users\Nuruzzaman\AppData\Local\npm-cache\_npx\7750544ccf494d8b\node_modules\winston-transport\node_modules\readable-stream\lib\_stream_writable.js:381:5)
    at Writable.write (C:\Users\Nuruzzaman\AppData\Local\npm-cache\_npx\7750544ccf494d8b\node_modules\winston-transport\node_modules\readable-stream\lib\_stream_writable.js:302:11)
    at DerivedLogger.ondata (C:\Users\Nuruzzaman\AppData\Local\npm-cache\_npx\7750544ccf494d8b\node_modules\winston\node_modules\readable-stream\lib\_stream_readable.js:629:20)
[error] 
[error] Error: An unexpected error has occurred.
[debug] [2026-06-09T09:11:43.420Z] Error: EPIPE: broken pipe, write
    at Socket._write (node:internal/net:63:18)
    at writeOrBuffer (node:internal/streams/writable:572:12)
    at _write (node:internal/streams/writable:501:10)
    at Writable.write (node:internal/streams/writable:510:10)
    at Console.log (C:\Users\Nuruzzaman\AppData\Local\npm-cache\_npx\7750544ccf494d8b\node_modules\winston\lib\winston\transports\console.js:87:23)
    at Console._write (C:\Users\Nuruzzaman\AppData\Local\npm-cache\_npx\7750544ccf494d8b\node_modules\winston-transport\modern.js:103:17)
    at doWrite (C:\Users\Nuruzzaman\AppData\Local\npm-cache\_npx\7750544ccf494d8b\node_modules\winston-transport\node_modules\readable-stream\lib\_stream_writable.js:390:139)
    at writeOrBuffer (C:\Users\Nuruzzaman\AppData\Local\npm-cache\_npx\7750544ccf494d8b\node_modules\winston-transport\node_modules\readable-stream\lib\_stream_writable.js:381:5)
    at Writable.write (C:\Users\Nuruzzaman\AppData\Local\npm-cache\_npx\7750544ccf494d8b\node_modules\winston-transport\node_modules\readable-stream\lib\_stream_writable.js:302:11)
    at DerivedLogger.ondata (C:\Users\Nuruzzaman\AppData\Local\npm-cache\_npx\7750544ccf494d8b\node_modules\winston\node_modules\readable-stream\lib\_stream_readable.js:629:20)
[error] 
[error] Error: An unexpected error has occurred.
[debug] [2026-06-09T09:11:43.421Z] Error: EPIPE: broken pipe, write
    at Socket._write (node:internal/net:63:18)
    at writeOrBuffer (node:internal/streams/writable:572:12)
    at _write (node:internal/streams/writable:501:10)
    at Writable.write (node:internal/streams/writable:510:10)
    at Console.log (C:\Users\Nuruzzaman\AppData\Local\npm-cache\_npx\7750544ccf494d8b\node_modules\winston\lib\winston\transports\console.js:87:23)
    at Console._write (C:\Users\Nuruzzaman\AppData\Local\npm-cache\_npx\7750544ccf494d8b\node_modules\winston-transport\modern.js:103:17)
    at doWrite (C:\Users\Nuruzzaman\AppData\Local\npm-cache\_npx\7750544ccf494d8b\node_modules\winston-transport\node_modules\readable-stream\lib\_stream_writable.js:390:139)
    at writeOrBuffer (C:\Users\Nuruzzaman\AppData\Local\npm-cache\_npx\7750544ccf494d8b\node_modules\winston-transport\node_modules\readable-stream\lib\_stream_writable.js:381:5)
    at Writable.write (C:\Users\Nuruzzaman\AppData\Local\npm-cache\_npx\7750544ccf494d8b\node_modules\winston-transport\node_modules\readable-stream\lib\_stream_writable.js:302:11)
    at DerivedLogger.ondata (C:\Users\Nuruzzaman\AppData\Local\npm-cache\_npx\7750544ccf494d8b\node_modules\winston\node_modules\readable-stream\lib\_stream_readable.js:629:20)
[error] 
[error] Error: An unexpected error has occurred.
[debug] [2026-06-09T09:11:43.421Z] Error: EPIPE: broken pipe, write
    at Socket._write (node:internal/net:63:18)
    at writeOrBuffer (node:internal/streams/writable:572:12)
    at _write (node:internal/streams/writable:501:10)
    at Writable.write (node:internal/streams/writable:510:10)
    at Console.log (C:\Users\Nuruzzaman\AppData\Local\npm-cache\_npx\7750544ccf494d8b\node_modules\winston\lib\winston\transports\console.js:87:23)
    at Console._write (C:\Users\Nuruzzaman\AppData\Local\npm-cache\_npx\7750544ccf494d8b\node_modules\winston-transport\modern.js:103:17)
    at doWrite (C:\Users\Nuruzzaman\AppData\Local\npm-cache\_npx\7750544ccf494d8b\node_modules\winston-transport\node_modules\readable-stream\lib\_stream_writable.js:390:139)
    at writeOrBuffer (C:\Users\Nuruzzaman\AppData\Local\npm-cache\_npx\7750544ccf494d8b\node_modules\winston-transport\node_modules\readable-stream\lib\_stream_writable.js:381:5)
    at Writable.write (C:\Users\Nuruzzaman\AppData\Local\npm-cache\_npx\7750544ccf494d8b\node_modules\winston-transport\node_modules\readable-stream\lib\_stream_writable.js:302:11)
    at DerivedLogger.ondata (C:\Users\Nuruzzaman\AppData\Local\npm-cache\_npx\7750544ccf494d8b\node_modules\winston\node_modules\readable-stream\lib\_stream_readable.js:629:20)
[error] 
[error] Error: An unexpected error has occurred.
[debug] [2026-06-09T09:11:43.422Z] Error: EPIPE: broken pipe, write
    at Socket._write (node:internal/net:63:18)
    at writeOrBuffer (node:internal/streams/writable:572:12)
    at _write (node:internal/streams/writable:501:10)
    at Writable.write (node:internal/streams/writable:510:10)
    at Console.log (C:\Users\Nuruzzaman\AppData\Local\npm-cache\_npx\7750544ccf494d8b\node_modules\winston\lib\winston\transports\console.js:87:23)
    at Console._write (C:\Users\Nuruzzaman\AppData\Local\npm-cache\_npx\7750544ccf494d8b\node_modules\winston-transport\modern.js:103:17)
    at doWrite (C:\Users\Nuruzzaman\AppData\Local\npm-cache\_npx\7750544ccf494d8b\node_modules\winston-transport\node_modules\readable-stream\lib\_stream_writable.js:390:139)
    at writeOrBuffer (C:\Users\Nuruzzaman\AppData\Local\npm-cache\_npx\7750544ccf494d8b\node_modules\winston-transport\node_modules\readable-stream\lib\_stream_writable.js:381:5)
    at Writable.write (C:\Users\Nuruzzaman\AppData\Local\npm-cache\_npx\7750544ccf494d8b\node_modules\winston-transport\node_modules\readable-stream\lib\_stream_writable.js:302:11)
    at DerivedLogger.ondata (C:\Users\Nuruzzaman\AppData\Local\npm-cache\_npx\7750544ccf494d8b\node_modules\winston\node_modules\readable-stream\lib\_stream_readable.js:629:20)
[error] 
[error] Error: An unexpected error has occurred.
[debug] [2026-06-09T09:11:43.422Z] Error: EPIPE: broken pipe, write
    at Socket._write (node:internal/net:63:18)
    at writeOrBuffer (node:internal/streams/writable:572:12)
    at _write (node:internal/streams/writable:501:10)
    at Writable.write (node:internal/streams/writable:510:10)
    at Console.log (C:\Users\Nuruzzaman\AppData\Local\npm-cache\_npx\7750544ccf494d8b\node_modules\winston\lib\winston\transports\console.js:87:23)
    at Console._write (C:\Users\Nuruzzaman\AppData\Local\npm-cache\_npx\7750544ccf494d8b\node_modules\winston-transport\modern.js:103:17)
    at doWrite (C:\Users\Nuruzzaman\AppData\Local\npm-cache\_npx\7750544ccf494d8b\node_modules\winston-transport\node_modules\readable-stream\lib\_stream_writable.js:390:139)
    at writeOrBuffer (C:\Users\Nuruzzaman\AppData\Local\npm-cache\_npx\7750544ccf494d8b\node_modules\winston-transport\node_modules\readable-stream\lib\_stream_writable.js:381:5)
    at Writable.write (C:\Users\Nuruzzaman\AppData\Local\npm-cache\_npx\7750544ccf494d8b\node_modules\winston-transport\node_modules\readable-stream\lib\_stream_writable.js:302:11)
    at DerivedLogger.ondata (C:\Users\Nuruzzaman\AppData\Local\npm-cache\_npx\7750544ccf494d8b\node_modules\winston\node_modules\readable-stream\lib\_stream_readable.js:629:20)
[error] 
[error] Error: An unexpected error has occurred.
[debug] [2026-06-09T09:11:43.422Z] Error: EPIPE: broken pipe, write
    at Socket._write (node:internal/net:63:18)
    at writeOrBuffer (node:internal/streams/writable:572:12)
    at _write (node:internal/streams/writable:501:10)
    at Writable.write (node:internal/streams/writable:510:10)
    at Console.log (C:\Users\Nuruzzaman\AppData\Local\npm-cache\_npx\7750544ccf494d8b\node_modules\winston\lib\winston\transports\console.js:87:23)
    at Console._write (C:\Users\Nuruzzaman\AppData\Local\npm-cache\_npx\7750544ccf494d8b\node_modules\winston-transport\modern.js:103:17)
    at doWrite (C:\Users\Nuruzzaman\AppData\Local\npm-cache\_npx\7750544ccf494d8b\node_modules\winston-transport\node_modules\readable-stream\lib\_stream_writable.js:390:139)
    at writeOrBuffer (C:\Users\Nuruzzaman\AppData\Local\npm-cache\_npx\7750544ccf494d8b\node_modules\winston-transport\node_modules\readable-stream\lib\_stream_writable.js:381:5)
    at Writable.write (C:\Users\Nuruzzaman\AppData\Local\npm-cache\_npx\7750544ccf494d8b\node_modules\winston-transport\node_modules\readable-stream\lib\_stream_writable.js:302:11)
    at DerivedLogger.ondata (C:\Users\Nuruzzaman\AppData\Local\npm-cache\_npx\7750544ccf494d8b\node_modules\winston\node_modules\readable-stream\lib\_stream_readable.js:629:20)
[error] 
[error] Error: An unexpected error has occurred.
[debug] [2026-06-09T09:11:43.422Z] Error: EPIPE: broken pipe, write
    at Socket._write (node:internal/net:63:18)
    at writeOrBuffer (node:internal/streams/writable:572:12)
    at _write (node:internal/streams/writable:501:10)
    at Writable.write (node:internal/streams/writable:510:10)
    at Console.log (C:\Users\Nuruzzaman\AppData\Local\npm-cache\_npx\7750544ccf494d8b\node_modules\winston\lib\winston\transports\console.js:87:23)
    at Console._write (C:\Users\Nuruzzaman\AppData\Local\npm-cache\_npx\7750544ccf494d8b\node_modules\winston-transport\modern.js:103:17)
    at doWrite (C:\Users\Nuruzzaman\AppData\Local\npm-cache\_npx\7750544ccf494d8b\node_modules\winston-transport\node_modules\readable-stream\lib\_stream_writable.js:390:139)
    at writeOrBuffer (C:\Users\Nuruzzaman\AppData\Local\npm-cache\_npx\7750544ccf494d8b\node_modules\winston-transport\node_modules\readable-stream\lib\_stream_writable.js:381:5)
    at Writable.write (C:\Users\Nuruzzaman\AppData\Local\npm-cache\_npx\7750544ccf494d8b\node_modules\winston-transport\node_modules\readable-stream\lib\_stream_writable.js:302:11)
    at DerivedLogger.ondata (C:\Users\Nuruzzaman\AppData\Local\npm-cache\_npx\7750544ccf494d8b\node_modules\winston\node_modules\readable-stream\lib\_stream_readable.js:629:20)
[error] 
[error] Error: An unexpected error has occurred.
[debug] [2026-06-09T09:11:43.423Z] Error: EPIPE: broken pipe, write
    at Socket._write (node:internal/net:63:18)
    at writeOrBuffer (node:internal/streams/writable:572:12)
    at _write (node:internal/streams/writable:501:10)
    at Writable.write (node:internal/streams/writable:510:10)
    at Console.log (C:\Users\Nuruzzaman\AppData\Local\npm-cache\_npx\7750544ccf494d8b\node_modules\winston\lib\winston\transports\console.js:87:23)
    at Console._write (C:\Users\Nuruzzaman\AppData\Local\npm-cache\_npx\7750544ccf494d8b\node_modules\winston-transport\modern.js:103:17)
    at doWrite (C:\Users\Nuruzzaman\AppData\Local\npm-cache\_npx\7750544ccf494d8b\node_modules\winston-transport\node_modules\readable-stream\lib\_stream_writable.js:390:139)
    at writeOrBuffer (C:\Users\Nuruzzaman\AppData\Local\npm-cache\_npx\7750544ccf494d8b\node_modules\winston-transport\node_modules\readable-stream\lib\_stream_writable.js:381:5)
    at Writable.write (C:\Users\Nuruzzaman\AppData\Local\npm-cache\_npx\7750544ccf494d8b\node_modules\winston-transport\node_modules\readable-stream\lib\_stream_writable.js:302:11)
    at DerivedLogger.ondata (C:\Users\Nuruzzaman\AppData\Local\npm-cache\_npx\7750544ccf494d8b\node_modules\winston\node_modules\readable-stream\lib\_stream_readable.js:629:20)
[error] 
[error] Error: An unexpected error has occurred.
[debug] [2026-06-09T09:11:43.423Z] Error: EPIPE: broken pipe, write
    at Socket._write (node:internal/net:63:18)
    at writeOrBuffer (node:internal/streams/writable:572:12)
    at _write (node:internal/streams/writable:501:10)
    at Writable.write (node:internal/streams/writable:510:10)
    at Console.log (C:\Users\Nuruzzaman\AppData\Local\npm-cache\_npx\7750544ccf494d8b\node_modules\winston\lib\winston\transports\console.js:87:23)
    at Console._write (C:\Users\Nuruzzaman\AppData\Local\npm-cache\_npx\7750544ccf494d8b\node_modules\winston-transport\modern.js:103:17)
    at doWrite (C:\Users\Nuruzzaman\AppData\Local\npm-cache\_npx\7750544ccf494d8b\node_modules\winston-transport\node_modules\readable-stream\lib\_stream_writable.js:390:139)
    at writeOrBuffer (C:\Users\Nuruzzaman\AppData\Local\npm-cache\_npx\7750544ccf494d8b\node_modules\winston-transport\node_modules\readable-stream\lib\_stream_writable.js:381:5)
    at Writable.write (C:\Users\Nuruzzaman\AppData\Local\npm-cache\_npx\7750544ccf494d8b\node_modules\winston-transport\node_modules\readable-stream\lib\_stream_writable.js:302:11)
    at DerivedLogger.ondata (C:\Users\Nuruzzaman\AppData\Local\npm-cache\_npx\7750544ccf494d8b\node_modules\winston\node_modules\readable-stream\lib\_stream_readable.js:629:20)
[error] 
[error] Error: An unexpected error has occurred.
[debug] [2026-06-09T09:11:43.423Z] Error: EPIPE: broken pipe, write
    at Socket._write (node:internal/net:63:18)
    at writeOrBuffer (node:internal/streams/writable:572:12)
    at _write (node:internal/streams/writable:501:10)
    at Writable.write (node:internal/streams/writable:510:10)
    at Console.log (C:\Users\Nuruzzaman\AppData\Local\npm-cache\_npx\7750544ccf494d8b\node_modules\winston\lib\winston\transports\console.js:87:23)
    at Console._write (C:\Users\Nuruzzaman\AppData\Local\npm-cache\_npx\7750544ccf494d8b\node_modules\winston-transport\modern.js:103:17)
    at doWrite (C:\Users\Nuruzzaman\AppData\Local\npm-cache\_npx\7750544ccf494d8b\node_modules\winston-transport\node_modules\readable-stream\lib\_stream_writable.js:390:139)
    at writeOrBuffer (C:\Users\Nuruzzaman\AppData\Local\npm-cache\_npx\7750544ccf494d8b\node_modules\winston-transport\node_modules\readable-stream\lib\_stream_writable.js:381:5)
    at Writable.write (C:\Users\Nuruzzaman\AppData\Local\npm-cache\_npx\7750544ccf494d8b\node_modules\winston-transport\node_modules\readable-stream\lib\_stream_writable.js:302:11)
    at DerivedLogger.ondata (C:\Users\Nuruzzaman\AppData\Local\npm-cache\_npx\7750544ccf494d8b\node_modules\winston\node_modules\readable-stream\lib\_stream_readable.js:629:20)
[error] 
[error] Error: An unexpected error has occurred.
[debug] [2026-06-09T09:11:43.423Z] Error: EPIPE: broken pipe, write
    at Socket._write (node:internal/net:63:18)
    at writeOrBuffer (node:internal/streams/writable:572:12)
    at _write (node:internal/streams/writable:501:10)
    at Writable.write (node:internal/streams/writable:510:10)
    at Console.log (C:\Users\Nuruzzaman\AppData\Local\npm-cache\_npx\7750544ccf494d8b\node_modules\winston\lib\winston\transports\console.js:87:23)
    at Console._write (C:\Users\Nuruzzaman\AppData\Local\npm-cache\_npx\7750544ccf494d8b\node_modules\winston-transport\modern.js:103:17)
    at doWrite (C:\Users\Nuruzzaman\AppData\Local\npm-cache\_npx\7750544ccf494d8b\node_modules\winston-transport\node_modules\readable-stream\lib\_stream_writable.js:390:139)
    at writeOrBuffer (C:\Users\Nuruzzaman\AppData\Local\npm-cache\_npx\7750544ccf494d8b\node_modules\winston-transport\node_modules\readable-stream\lib\_stream_writable.js:381:5)
    at Writable.write (C:\Users\Nuruzzaman\AppData\Local\npm-cache\_npx\7750544ccf494d8b\node_modules\winston-transport\node_modules\readable-stream\lib\_stream_writable.js:302:11)
    at DerivedLogger.ondata (C:\Users\Nuruzzaman\AppData\Local\npm-cache\_npx\7750544ccf494d8b\node_modules\winston\node_modules\readable-stream\lib\_stream_readable.js:629:20)
[error] 
[error] Error: An unexpected error has occurred.
[debug] [2026-06-09T09:11:43.424Z] Error: EPIPE: broken pipe, write
    at Socket._write (node:internal/net:63:18)
    at writeOrBuffer (node:internal/streams/writable:572:12)
    at _write (node:internal/streams/writable:501:10)
    at Writable.write (node:internal/streams/writable:510:10)
    at Console.log (C:\Users\Nuruzzaman\AppData\Local\npm-cache\_npx\7750544ccf494d8b\node_modules\winston\lib\winston\transports\console.js:87:23)
    at Console._write (C:\Users\Nuruzzaman\AppData\Local\npm-cache\_npx\7750544ccf494d8b\node_modules\winston-transport\modern.js:103:17)
    at doWrite (C:\Users\Nuruzzaman\AppData\Local\npm-cache\_npx\7750544ccf494d8b\node_modules\winston-transport\node_modules\readable-stream\lib\_stream_writable.js:390:139)
    at writeOrBuffer (C:\Users\Nuruzzaman\AppData\Local\npm-cache\_npx\7750544ccf494d8b\node_modules\winston-transport\node_modules\readable-stream\lib\_stream_writable.js:381:5)
    at Writable.write (C:\Users\Nuruzzaman\AppData\Local\npm-cache\_npx\7750544ccf494d8b\node_modules\winston-transport\node_modules\readable-stream\lib\_stream_writable.js:302:11)
    at DerivedLogger.ondata (C:\Users\Nuruzzaman\AppData\Local\npm-cache\_npx\7750544ccf494d8b\node_modules\winston\node_modules\readable-stream\lib\_stream_readable.js:629:20)
[error] 
[error] Error: An unexpected error has occurred.
[debug] [2026-06-09T09:11:43.424Z] Error: EPIPE: broken pipe, write
    at Socket._write (node:internal/net:63:18)
    at writeOrBuffer (node:internal/streams/writable:572:12)
    at _write (node:internal/streams/writable:501:10)
    at Writable.write (node:internal/streams/writable:510:10)
    at Console.log (C:\Users\Nuruzzaman\AppData\Local\npm-cache\_npx\7750544ccf494d8b\node_modules\winston\lib\winston\transports\console.js:87:23)
    at Console._write (C:\Users\Nuruzzaman\AppData\Local\npm-cache\_npx\7750544ccf494d8b\node_modules\winston-transport\modern.js:103:17)
    at doWrite (C:\Users\Nuruzzaman\AppData\Local\npm-cache\_npx\7750544ccf494d8b\node_modules\winston-transport\node_modules\readable-stream\lib\_stream_writable.js:390:139)
    at writeOrBuffer (C:\Users\Nuruzzaman\AppData\Local\npm-cache\_npx\7750544ccf494d8b\node_modules\winston-transport\node_modules\readable-stream\lib\_stream_writable.js:381:5)
    at Writable.write (C:\Users\Nuruzzaman\AppData\Local\npm-cache\_npx\7750544ccf494d8b\node_modules\winston-transport\node_modules\readable-stream\lib\_stream_writable.js:302:11)
    at DerivedLogger.ondata (C:\Users\Nuruzzaman\AppData\Local\npm-cache\_npx\7750544ccf494d8b\node_modules\winston\node_modules\readable-stream\lib\_stream_readable.js:629:20)
[error] 
[error] Error: An unexpected error has occurred.
[debug] [2026-06-09T09:11:43.424Z] Error: EPIPE: broken pipe, write
    at Socket._write (node:internal/net:63:18)
    at writeOrBuffer (node:internal/streams/writable:572:12)
    at _write (node:internal/streams/writable:501:10)
    at Writable.write (node:internal/streams/writable:510:10)
    at Console.log (C:\Users\Nuruzzaman\AppData\Local\npm-cache\_npx\7750544ccf494d8b\node_modules\winston\lib\winston\transports\console.js:87:23)
    at Console._write (C:\Users\Nuruzzaman\AppData\Local\npm-cache\_npx\7750544ccf494d8b\node_modules\winston-transport\modern.js:103:17)
    at doWrite (C:\Users\Nuruzzaman\AppData\Local\npm-cache\_npx\7750544ccf494d8b\node_modules\winston-transport\node_modules\readable-stream\lib\_stream_writable.js:390:139)
    at writeOrBuffer (C:\Users\Nuruzzaman\AppData\Local\npm-cache\_npx\7750544ccf494d8b\node_modules\winston-transport\node_modules\readable-stream\lib\_stream_writable.js:381:5)
    at Writable.write (C:\Users\Nuruzzaman\AppData\Local\npm-cache\_npx\7750544ccf494d8b\node_modules\winston-transport\node_modules\readable-stream\lib\_stream_writable.js:302:11)
    at DerivedLogger.ondata (C:\Users\Nuruzzaman\AppData\Local\npm-cache\_npx\7750544ccf494d8b\node_modules\winston\node_modules\readable-stream\lib\_stream_readable.js:629:20)
[error] 
[error] Error: An unexpected error has occurred.
[debug] [2026-06-09T09:11:43.425Z] Error: EPIPE: broken pipe, write
    at Socket._write (node:internal/net:63:18)
    at writeOrBuffer (node:internal/streams/writable:572:12)
    at _write (node:internal/streams/writable:501:10)
    at Writable.write (node:internal/streams/writable:510:10)
    at Console.log (C:\Users\Nuruzzaman\AppData\Local\npm-cache\_npx\7750544ccf494d8b\node_modules\winston\lib\winston\transports\console.js:87:23)
    at Console._write (C:\Users\Nuruzzaman\AppData\Local\npm-cache\_npx\7750544ccf494d8b\node_modules\winston-transport\modern.js:103:17)
    at doWrite (C:\Users\Nuruzzaman\AppData\Local\npm-cache\_npx\7750544ccf494d8b\node_modules\winston-transport\node_modules\readable-stream\lib\_stream_writable.js:390:139)
    at writeOrBuffer (C:\Users\Nuruzzaman\AppData\Local\npm-cache\_npx\7750544ccf494d8b\node_modules\winston-transport\node_modules\readable-stream\lib\_stream_writable.js:381:5)
    at Writable.write (C:\Users\Nuruzzaman\AppData\Local\npm-cache\_npx\7750544ccf494d8b\node_modules\winston-transport\node_modules\readable-stream\lib\_stream_writable.js:302:11)
    at DerivedLogger.ondata (C:\Users\Nuruzzaman\AppData\Local\npm-cache\_npx\7750544ccf494d8b\node_modules\winston\node_modules\readable-stream\lib\_stream_readable.js:629:20)
[error] 
[error] Error: An unexpected error has occurred.
[debug] [2026-06-09T09:11:43.425Z] Error: EPIPE: broken pipe, write
    at Socket._write (node:internal/net:63:18)
    at writeOrBuffer (node:internal/streams/writable:572:12)
    at _write (node:internal/streams/writable:501:10)
    at Writable.write (node:internal/streams/writable:510:10)
    at Console.log (C:\Users\Nuruzzaman\AppData\Local\npm-cache\_npx\7750544ccf494d8b\node_modules\winston\lib\winston\transports\console.js:87:23)
    at Console._write (C:\Users\Nuruzzaman\AppData\Local\npm-cache\_npx\7750544ccf494d8b\node_modules\winston-transport\modern.js:103:17)
    at doWrite (C:\Users\Nuruzzaman\AppData\Local\npm-cache\_npx\7750544ccf494d8b\node_modules\winston-transport\node_modules\readable-stream\lib\_stream_writable.js:390:139)
    at writeOrBuffer (C:\Users\Nuruzzaman\AppData\Local\npm-cache\_npx\7750544ccf494d8b\node_modules\winston-transport\node_modules\readable-stream\lib\_stream_writable.js:381:5)
    at Writable.write (C:\Users\Nuruzzaman\AppData\Local\npm-cache\_npx\7750544ccf494d8b\node_modules\winston-transport\node_modules\readable-stream\lib\_stream_writable.js:302:11)
    at DerivedLogger.ondata (C:\Users\Nuruzzaman\AppData\Local\npm-cache\_npx\7750544ccf494d8b\node_modules\winston\node_modules\readable-stream\lib\_stream_readable.js:629:20)
[error] 
[error] Error: An unexpected error has occurred.
[debug] [2026-06-09T09:11:43.426Z] Error: EPIPE: broken pipe, write
    at Socket._write (node:internal/net:63:18)
    at writeOrBuffer (node:internal/streams/writable:572:12)
    at _write (node:internal/streams/writable:501:10)
    at Writable.write (node:internal/streams/writable:510:10)
    at Console.log (C:\Users\Nuruzzaman\AppData\Local\npm-cache\_npx\7750544ccf494d8b\node_modules\winston\lib\winston\transports\console.js:87:23)
    at Console._write (C:\Users\Nuruzzaman\AppData\Local\npm-cache\_npx\7750544ccf494d8b\node_modules\winston-transport\modern.js:103:17)
    at doWrite (C:\Users\Nuruzzaman\AppData\Local\npm-cache\_npx\7750544ccf494d8b\node_modules\winston-transport\node_modules\readable-stream\lib\_stream_writable.js:390:139)
    at writeOrBuffer (C:\Users\Nuruzzaman\AppData\Local\npm-cache\_npx\7750544ccf494d8b\node_modules\winston-transport\node_modules\readable-stream\lib\_stream_writable.js:381:5)
    at Writable.write (C:\Users\Nuruzzaman\AppData\Local\npm-cache\_npx\7750544ccf494d8b\node_modules\winston-transport\node_modules\readable-stream\lib\_stream_writable.js:302:11)
    at DerivedLogger.ondata (C:\Users\Nuruzzaman\AppData\Local\npm-cache\_npx\7750544ccf494d8b\node_modules\winston\node_modules\readable-stream\lib\_stream_readable.js:629:20)
[error] 
[error] Error: An unexpected error has occurred.
[debug] [2026-06-09T09:11:43.426Z] Error: EPIPE: broken pipe, write
    at Socket._write (node:internal/net:63:18)
    at writeOrBuffer (node:internal/streams/writable:572:12)
    at _write (node:internal/streams/writable:501:10)
    at Writable.write (node:internal/streams/writable:510:10)
    at Console.log (C:\Users\Nuruzzaman\AppData\Local\npm-cache\_npx\7750544ccf494d8b\node_modules\winston\lib\winston\transports\console.js:87:23)
    at Console._write (C:\Users\Nuruzzaman\AppData\Local\npm-cache\_npx\7750544ccf494d8b\node_modules\winston-transport\modern.js:103:17)
    at doWrite (C:\Users\Nuruzzaman\AppData\Local\npm-cache\_npx\7750544ccf494d8b\node_modules\winston-transport\node_modules\readable-stream\lib\_stream_writable.js:390:139)
    at writeOrBuffer (C:\Users\Nuruzzaman\AppData\Local\npm-cache\_npx\7750544ccf494d8b\node_modules\winston-transport\node_modules\readable-stream\lib\_stream_writable.js:381:5)
    at Writable.write (C:\Users\Nuruzzaman\AppData\Local\npm-cache\_npx\7750544ccf494d8b\node_modules\winston-transport\node_modules\readable-stream\lib\_stream_writable.js:302:11)
    at DerivedLogger.ondata (C:\Users\Nuruzzaman\AppData\Local\npm-cache\_npx\7750544ccf494d8b\node_modules\winston\node_modules\readable-stream\lib\_stream_readable.js:629:20)
[error] 
[error] Error: An unexpected error has occurred.
[debug] [2026-06-09T09:11:43.426Z] Error: EPIPE: broken pipe, write
    at Socket._write (node:internal/net:63:18)
    at writeOrBuffer (node:internal/streams/writable:572:12)
    at _write (node:internal/streams/writable:501:10)
    at Writable.write (node:internal/streams/writable:510:10)
    at Console.log (C:\Users\Nuruzzaman\AppData\Local\npm-cache\_npx\7750544ccf494d8b\node_modules\winston\lib\winston\transports\console.js:87:23)
    at Console._write (C:\Users\Nuruzzaman\AppData\Local\npm-cache\_npx\7750544ccf494d8b\node_modules\winston-transport\modern.js:103:17)
    at doWrite (C:\Users\Nuruzzaman\AppData\Local\npm-cache\_npx\7750544ccf494d8b\node_modules\winston-transport\node_modules\readable-stream\lib\_stream_writable.js:390:139)
    at writeOrBuffer (C:\Users\Nuruzzaman\AppData\Local\npm-cache\_npx\7750544ccf494d8b\node_modules\winston-transport\node_modules\readable-stream\lib\_stream_writable.js:381:5)
    at Writable.write (C:\Users\Nuruzzaman\AppData\Local\npm-cache\_npx\7750544ccf494d8b\node_modules\winston-transport\node_modules\readable-stream\lib\_stream_writable.js:302:11)
    at DerivedLogger.ondata (C:\Users\Nuruzzaman\AppData\Local\npm-cache\_npx\7750544ccf494d8b\node_modules\winston\node_modules\readable-stream\lib\_stream_readable.js:629:20)
[error] 
[error] Error: An unexpected error has occurred.
[debug] [2026-06-09T09:11:43.427Z] Error: EPIPE: broken pipe, write
    at Socket._write (node:internal/net:63:18)
    at writeOrBuffer (node:internal/streams/writable:572:12)
    at _write (node:internal/streams/writable:501:10)
    at Writable.write (node:internal/streams/writable:510:10)
    at Console.log (C:\Users\Nuruzzaman\AppData\Local\npm-cache\_npx\7750544ccf494d8b\node_modules\winston\lib\winston\transports\console.js:87:23)
    at Console._write (C:\Users\Nuruzzaman\AppData\Local\npm-cache\_npx\7750544ccf494d8b\node_modules\winston-transport\modern.js:103:17)
    at doWrite (C:\Users\Nuruzzaman\AppData\Local\npm-cache\_npx\7750544ccf494d8b\node_modules\winston-transport\node_modules\readable-stream\lib\_stream_writable.js:390:139)
    at writeOrBuffer (C:\Users\Nuruzzaman\AppData\Local\npm-cache\_npx\7750544ccf494d8b\node_modules\winston-transport\node_modules\readable-stream\lib\_stream_writable.js:381:5)
    at Writable.write (C:\Users\Nuruzzaman\AppData\Local\npm-cache\_npx\7750544ccf494d8b\node_modules\winston-transport\node_modules\readable-stream\lib\_stream_writable.js:302:11)
    at DerivedLogger.ondata (C:\Users\Nuruzzaman\AppData\Local\npm-cache\_npx\7750544ccf494d8b\node_modules\winston\node_modules\readable-stream\lib\_stream_readable.js:629:20)
[error] 
[error] Error: An unexpected error has occurred.
[debug] [2026-06-09T09:11:43.427Z] Error: EPIPE: broken pipe, write
    at Socket._write (node:internal/net:63:18)
    at writeOrBuffer (node:internal/streams/writable:572:12)
    at _write (node:internal/streams/writable:501:10)
    at Writable.write (node:internal/streams/writable:510:10)
    at Console.log (C:\Users\Nuruzzaman\AppData\Local\npm-cache\_npx\7750544ccf494d8b\node_modules\winston\lib\winston\transports\console.js:87:23)
    at Console._write (C:\Users\Nuruzzaman\AppData\Local\npm-cache\_npx\7750544ccf494d8b\node_modules\winston-transport\modern.js:103:17)
    at doWrite (C:\Users\Nuruzzaman\AppData\Local\npm-cache\_npx\7750544ccf494d8b\node_modules\winston-transport\node_modules\readable-stream\lib\_stream_writable.js:390:139)
    at writeOrBuffer (C:\Users\Nuruzzaman\AppData\Local\npm-cache\_npx\7750544ccf494d8b\node_modules\winston-transport\node_modules\readable-stream\lib\_stream_writable.js:381:5)
    at Writable.write (C:\Users\Nuruzzaman\AppData\Local\npm-cache\_npx\7750544ccf494d8b\node_modules\winston-transport\node_modules\readable-stream\lib\_stream_writable.js:302:11)
    at DerivedLogger.ondata (C:\Users\Nuruzzaman\AppData\Local\npm-cache\_npx\7750544ccf494d8b\node_modules\winston\node_modules\readable-stream\lib\_stream_readable.js:629:20)
[error] 
[error] Error: An unexpected error has occurred.
[debug] [2026-06-09T09:11:43.427Z] Error: EPIPE: broken pipe, write
    at Socket._write (node:internal/net:63:18)
    at writeOrBuffer (node:internal/streams/writable:572:12)
    at _write (node:internal/streams/writable:501:10)
    at Writable.write (node:internal/streams/writable:510:10)
    at Console.log (C:\Users\Nuruzzaman\AppData\Local\npm-cache\_npx\7750544ccf494d8b\node_modules\winston\lib\winston\transports\console.js:87:23)
    at Console._write (C:\Users\Nuruzzaman\AppData\Local\npm-cache\_npx\7750544ccf494d8b\node_modules\winston-transport\modern.js:103:17)
    at doWrite (C:\Users\Nuruzzaman\AppData\Local\npm-cache\_npx\7750544ccf494d8b\node_modules\winston-transport\node_modules\readable-stream\lib\_stream_writable.js:390:139)
    at writeOrBuffer (C:\Users\Nuruzzaman\AppData\Local\npm-cache\_npx\7750544ccf494d8b\node_modules\winston-transport\node_modules\readable-stream\lib\_stream_writable.js:381:5)
    at Writable.write (C:\Users\Nuruzzaman\AppData\Local\npm-cache\_npx\7750544ccf494d8b\node_modules\winston-transport\node_modules\readable-stream\lib\_stream_writable.js:302:11)
    at DerivedLogger.ondata (C:\Users\Nuruzzaman\AppData\Local\npm-cache\_npx\7750544ccf494d8b\node_modules\winston\node_modules\readable-stream\lib\_stream_readable.js:629:20)
[error] 
[error] Error: An unexpected error has occurred.
[debug] [2026-06-09T09:11:43.427Z] Error: EPIPE: broken pipe, write
    at Socket._write (node:internal/net:63:18)
    at writeOrBuffer (node:internal/streams/writable:572:12)
    at _write (node:internal/streams/writable:501:10)
    at Writable.write (node:internal/streams/writable:510:10)
    at Console.log (C:\Users\Nuruzzaman\AppData\Local\npm-cache\_npx\7750544ccf494d8b\node_modules\winston\lib\winston\transports\console.js:87:23)
    at Console._write (C:\Users\Nuruzzaman\AppData\Local\npm-cache\_npx\7750544ccf494d8b\node_modules\winston-transport\modern.js:103:17)
    at doWrite (C:\Users\Nuruzzaman\AppData\Local\npm-cache\_npx\7750544ccf494d8b\node_modules\winston-transport\node_modules\readable-stream\lib\_stream_writable.js:390:139)
    at writeOrBuffer (C:\Users\Nuruzzaman\AppData\Local\npm-cache\_npx\7750544ccf494d8b\node_modules\winston-transport\node_modules\readable-stream\lib\_stream_writable.js:381:5)
    at Writable.write (C:\Users\Nuruzzaman\AppData\Local\npm-cache\_npx\7750544ccf494d8b\node_modules\winston-transport\node_modules\readable-stream\lib\_stream_writable.js:302:11)
    at DerivedLogger.ondata (C:\Users\Nuruzzaman\AppData\Local\npm-cache\_npx\7750544ccf494d8b\node_modules\winston\node_modules\readable-stream\lib\_stream_readable.js:629:20)
[error] 
[error] Error: An unexpected error has occurred.
[debug] [2026-06-09T09:11:43.428Z] Error: EPIPE: broken pipe, write
    at Socket._write (node:internal/net:63:18)
    at writeOrBuffer (node:internal/streams/writable:572:12)
    at _write (node:internal/streams/writable:501:10)
    at Writable.write (node:internal/streams/writable:510:10)
    at Console.log (C:\Users\Nuruzzaman\AppData\Local\npm-cache\_npx\7750544ccf494d8b\node_modules\winston\lib\winston\transports\console.js:87:23)
    at Console._write (C:\Users\Nuruzzaman\AppData\Local\npm-cache\_npx\7750544ccf494d8b\node_modules\winston-transport\modern.js:103:17)
    at doWrite (C:\Users\Nuruzzaman\AppData\Local\npm-cache\_npx\7750544ccf494d8b\node_modules\winston-transport\node_modules\readable-stream\lib\_stream_writable.js:390:139)
    at writeOrBuffer (C:\Users\Nuruzzaman\AppData\Local\npm-cache\_npx\7750544ccf494d8b\node_modules\winston-transport\node_modules\readable-stream\lib\_stream_writable.js:381:5)
    at Writable.write (C:\Users\Nuruzzaman\AppData\Local\npm-cache\_npx\7750544ccf494d8b\node_modules\winston-transport\node_modules\readable-stream\lib\_stream_writable.js:302:11)
    at DerivedLogger.ondata (C:\Users\Nuruzzaman\AppData\Local\npm-cache\_npx\7750544ccf494d8b\node_modules\winston\node_modules\readable-stream\lib\_stream_readable.js:629:20)
[error] 
[error] Error: An unexpected error has occurred.
[debug] [2026-06-09T09:11:43.428Z] Error: EPIPE: broken pipe, write
    at Socket._write (node:internal/net:63:18)
    at writeOrBuffer (node:internal/streams/writable:572:12)
    at _write (node:internal/streams/writable:501:10)
    at Writable.write (node:internal/streams/writable:510:10)
    at Console.log (C:\Users\Nuruzzaman\AppData\Local\npm-cache\_npx\7750544ccf494d8b\node_modules\winston\lib\winston\transports\console.js:87:23)
    at Console._write (C:\Users\Nuruzzaman\AppData\Local\npm-cache\_npx\7750544ccf494d8b\node_modules\winston-transport\modern.js:103:17)
    at doWrite (C:\Users\Nuruzzaman\AppData\Local\npm-cache\_npx\7750544ccf494d8b\node_modules\winston-transport\node_modules\readable-stream\lib\_stream_writable.js:390:139)
    at writeOrBuffer (C:\Users\Nuruzzaman\AppData\Local\npm-cache\_npx\7750544ccf494d8b\node_modules\winston-transport\node_modules\readable-stream\lib\_stream_writable.js:381:5)
    at Writable.write (C:\Users\Nuruzzaman\AppData\Local\npm-cache\_npx\7750544ccf494d8b\node_modules\winston-transport\node_modules\readable-stream\lib\_stream_writable.js:302:11)
    at DerivedLogger.ondata (C:\Users\Nuruzzaman\AppData\Local\npm-cache\_npx\7750544ccf494d8b\node_modules\winston\node_modules\readable-stream\lib\_stream_readable.js:629:20)
[error] 
[error] Error: An unexpected error has occurred.
[debug] [2026-06-09T09:11:43.428Z] Error: EPIPE: broken pipe, write
    at Socket._write (node:internal/net:63:18)
    at writeOrBuffer (node:internal/streams/writable:572:12)
    at _write (node:internal/streams/writable:501:10)
    at Writable.write (node:internal/streams/writable:510:10)
    at Console.log (C:\Users\Nuruzzaman\AppData\Local\npm-cache\_npx\7750544ccf494d8b\node_modules\winston\lib\winston\transports\console.js:87:23)
    at Console._write (C:\Users\Nuruzzaman\AppData\Local\npm-cache\_npx\7750544ccf494d8b\node_modules\winston-transport\modern.js:103:17)
    at doWrite (C:\Users\Nuruzzaman\AppData\Local\npm-cache\_npx\7750544ccf494d8b\node_modules\winston-transport\node_modules\readable-stream\lib\_stream_writable.js:390:139)
    at writeOrBuffer (C:\Users\Nuruzzaman\AppData\Local\npm-cache\_npx\7750544ccf494d8b\node_modules\winston-transport\node_modules\readable-stream\lib\_stream_writable.js:381:5)
    at Writable.write (C:\Users\Nuruzzaman\AppData\Local\npm-cache\_npx\7750544ccf494d8b\node_modules\winston-transport\node_modules\readable-stream\lib\_stream_writable.js:302:11)
    at DerivedLogger.ondata (C:\Users\Nuruzzaman\AppData\Local\npm-cache\_npx\7750544ccf494d8b\node_modules\winston\node_modules\readable-stream\lib\_stream_readable.js:629:20)
[error] 
[error] Error: An unexpected error has occurred.
[debug] [2026-06-09T09:11:43.428Z] Error: EPIPE: broken pipe, write
    at Socket._write (node:internal/net:63:18)
    at writeOrBuffer (node:internal/streams/writable:572:12)
    at _write (node:internal/streams/writable:501:10)
    at Writable.write (node:internal/streams/writable:510:10)
    at Console.log (C:\Users\Nuruzzaman\AppData\Local\npm-cache\_npx\7750544ccf494d8b\node_modules\winston\lib\winston\transports\console.js:87:23)
    at Console._write (C:\Users\Nuruzzaman\AppData\Local\npm-cache\_npx\7750544ccf494d8b\node_modules\winston-transport\modern.js:103:17)
    at doWrite (C:\Users\Nuruzzaman\AppData\Local\npm-cache\_npx\7750544ccf494d8b\node_modules\winston-transport\node_modules\readable-stream\lib\_stream_writable.js:390:139)
    at writeOrBuffer (C:\Users\Nuruzzaman\AppData\Local\npm-cache\_npx\7750544ccf494d8b\node_modules\winston-transport\node_modules\readable-stream\lib\_stream_writable.js:381:5)
    at Writable.write (C:\Users\Nuruzzaman\AppData\Local\npm-cache\_npx\7750544ccf494d8b\node_modules\winston-transport\node_modules\readable-stream\lib\_stream_writable.js:302:11)
    at DerivedLogger.ondata (C:\Users\Nuruzzaman\AppData\Local\npm-cache\_npx\7750544ccf494d8b\node_modules\winston\node_modules\readable-stream\lib\_stream_readable.js:629:20)
[error] 
[error] Error: An unexpected error has occurred.
[debug] [2026-06-09T09:11:43.429Z] Error: EPIPE: broken pipe, write
    at Socket._write (node:internal/net:63:18)
    at writeOrBuffer (node:internal/streams/writable:572:12)
    at _write (node:internal/streams/writable:501:10)
    at Writable.write (node:internal/streams/writable:510:10)
    at Console.log (C:\Users\Nuruzzaman\AppData\Local\npm-cache\_npx\7750544ccf494d8b\node_modules\winston\lib\winston\transports\console.js:87:23)
    at Console._write (C:\Users\Nuruzzaman\AppData\Local\npm-cache\_npx\7750544ccf494d8b\node_modules\winston-transport\modern.js:103:17)
    at doWrite (C:\Users\Nuruzzaman\AppData\Local\npm-cache\_npx\7750544ccf494d8b\node_modules\winston-transport\node_modules\readable-stream\lib\_stream_writable.js:390:139)
    at writeOrBuffer (C:\Users\Nuruzzaman\AppData\Local\npm-cache\_npx\7750544ccf494d8b\node_modules\winston-transport\node_modules\readable-stream\lib\_stream_writable.js:381:5)
    at Writable.write (C:\Users\Nuruzzaman\AppData\Local\npm-cache\_npx\7750544ccf494d8b\node_modules\winston-transport\node_modules\readable-stream\lib\_stream_writable.js:302:11)
    at DerivedLogger.ondata (C:\Users\Nuruzzaman\AppData\Local\npm-cache\_npx\7750544ccf494d8b\node_modules\winston\node_modules\readable-stream\lib\_stream_readable.js:629:20)
[error] 
[error] Error: An unexpected error has occurred.
[debug] [2026-06-09T09:11:43.429Z] Error: EPIPE: broken pipe, write
    at Socket._write (node:internal/net:63:18)
    at writeOrBuffer (node:internal/streams/writable:572:12)
    at _write (node:internal/streams/writable:501:10)
    at Writable.write (node:internal/streams/writable:510:10)
    at Console.log (C:\Users\Nuruzzaman\AppData\Local\npm-cache\_npx\7750544ccf494d8b\node_modules\winston\lib\winston\transports\console.js:87:23)
    at Console._write (C:\Users\Nuruzzaman\AppData\Local\npm-cache\_npx\7750544ccf494d8b\node_modules\winston-transport\modern.js:103:17)
    at doWrite (C:\Users\Nuruzzaman\AppData\Local\npm-cache\_npx\7750544ccf494d8b\node_modules\winston-transport\node_modules\readable-stream\lib\_stream_writable.js:390:139)
    at writeOrBuffer (C:\Users\Nuruzzaman\AppData\Local\npm-cache\_npx\7750544ccf494d8b\node_modules\winston-transport\node_modules\readable-stream\lib\_stream_writable.js:381:5)
    at Writable.write (C:\Users\Nuruzzaman\AppData\Local\npm-cache\_npx\7750544ccf494d8b\node_modules\winston-transport\node_modules\readable-stream\lib\_stream_writable.js:302:11)
    at DerivedLogger.ondata (C:\Users\Nuruzzaman\AppData\Local\npm-cache\_npx\7750544ccf494d8b\node_modules\winston\node_modules\readable-stream\lib\_stream_readable.js:629:20)
[error] 
[error] Error: An unexpected error has occurred.
[debug] [2026-06-09T09:11:43.430Z] Error: EPIPE: broken pipe, write
    at Socket._write (node:internal/net:63:18)
    at writeOrBuffer (node:internal/streams/writable:572:12)
    at _write (node:internal/streams/writable:501:10)
    at Writable.write (node:internal/streams/writable:510:10)
    at Console.log (C:\Users\Nuruzzaman\AppData\Local\npm-cache\_npx\7750544ccf494d8b\node_modules\winston\lib\winston\transports\console.js:87:23)
    at Console._write (C:\Users\Nuruzzaman\AppData\Local\npm-cache\_npx\7750544ccf494d8b\node_modules\winston-transport\modern.js:103:17)
    at doWrite (C:\Users\Nuruzzaman\AppData\Local\npm-cache\_npx\7750544ccf494d8b\node_modules\winston-transport\node_modules\readable-stream\lib\_stream_writable.js:390:139)
    at writeOrBuffer (C:\Users\Nuruzzaman\AppData\Local\npm-cache\_npx\7750544ccf494d8b\node_modules\winston-transport\node_modules\readable-stream\lib\_stream_writable.js:381:5)
    at Writable.write (C:\Users\Nuruzzaman\AppData\Local\npm-cache\_npx\7750544ccf494d8b\node_modules\winston-transport\node_modules\readable-stream\lib\_stream_writable.js:302:11)
    at DerivedLogger.ondata (C:\Users\Nuruzzaman\AppData\Local\npm-cache\_npx\7750544ccf494d8b\node_modules\winston\node_modules\readable-stream\lib\_stream_readable.js:629:20)
[error] 
[error] Error: An unexpected error has occurred.
[debug] [2026-06-09T09:11:43.430Z] Error: EPIPE: broken pipe, write
    at Socket._write (node:internal/net:63:18)
    at writeOrBuffer (node:internal/streams/writable:572:12)
    at _write (node:internal/streams/writable:501:10)
    at Writable.write (node:internal/streams/writable:510:10)
    at Console.log (C:\Users\Nuruzzaman\AppData\Local\npm-cache\_npx\7750544ccf494d8b\node_modules\winston\lib\winston\transports\console.js:87:23)
    at Console._write (C:\Users\Nuruzzaman\AppData\Local\npm-cache\_npx\7750544ccf494d8b\node_modules\winston-transport\modern.js:103:17)
    at doWrite (C:\Users\Nuruzzaman\AppData\Local\npm-cache\_npx\7750544ccf494d8b\node_modules\winston-transport\node_modules\readable-stream\lib\_stream_writable.js:390:139)
    at writeOrBuffer (C:\Users\Nuruzzaman\AppData\Local\npm-cache\_npx\7750544ccf494d8b\node_modules\winston-transport\node_modules\readable-stream\lib\_stream_writable.js:381:5)
    at Writable.write (C:\Users\Nuruzzaman\AppData\Local\npm-cache\_npx\7750544ccf494d8b\node_modules\winston-transport\node_modules\readable-stream\lib\_stream_writable.js:302:11)
    at DerivedLogger.ondata (C:\Users\Nuruzzaman\AppData\Local\npm-cache\_npx\7750544ccf494d8b\node_modules\winston\node_modules\readable-stream\lib\_stream_readable.js:629:20)
[error] 
[error] Error: An unexpected error has occurred.
[debug] [2026-06-09T09:11:43.430Z] Error: EPIPE: broken pipe, write
    at Socket._write (node:internal/net:63:18)
    at writeOrBuffer (node:internal/streams/writable:572:12)
    at _write (node:internal/streams/writable:501:10)
    at Writable.write (node:internal/streams/writable:510:10)
    at Console.log (C:\Users\Nuruzzaman\AppData\Local\npm-cache\_npx\7750544ccf494d8b\node_modules\winston\lib\winston\transports\console.js:87:23)
    at Console._write (C:\Users\Nuruzzaman\AppData\Local\npm-cache\_npx\7750544ccf494d8b\node_modules\winston-transport\modern.js:103:17)
    at doWrite (C:\Users\Nuruzzaman\AppData\Local\npm-cache\_npx\7750544ccf494d8b\node_modules\winston-transport\node_modules\readable-stream\lib\_stream_writable.js:390:139)
    at writeOrBuffer (C:\Users\Nuruzzaman\AppData\Local\npm-cache\_npx\7750544ccf494d8b\node_modules\winston-transport\node_modules\readable-stream\lib\_stream_writable.js:381:5)
    at Writable.write (C:\Users\Nuruzzaman\AppData\Local\npm-cache\_npx\7750544ccf494d8b\node_modules\winston-transport\node_modules\readable-stream\lib\_stream_writable.js:302:11)
    at DerivedLogger.ondata (C:\Users\Nuruzzaman\AppData\Local\npm-cache\_npx\7750544ccf494d8b\node_modules\winston\node_modules\readable-stream\lib\_stream_readable.js:629:20)
[error] 
[error] Error: An unexpected error has occurred.
[debug] [2026-06-09T09:11:43.430Z] Error: EPIPE: broken pipe, write
    at Socket._write (node:internal/net:63:18)
    at writeOrBuffer (node:internal/streams/writable:572:12)
    at _write (node:internal/streams/writable:501:10)
    at Writable.write (node:internal/streams/writable:510:10)
    at Console.log (C:\Users\Nuruzzaman\AppData\Local\npm-cache\_npx\7750544ccf494d8b\node_modules\winston\lib\winston\transports\console.js:87:23)
    at Console._write (C:\Users\Nuruzzaman\AppData\Local\npm-cache\_npx\7750544ccf494d8b\node_modules\winston-transport\modern.js:103:17)
    at doWrite (C:\Users\Nuruzzaman\AppData\Local\npm-cache\_npx\7750544ccf494d8b\node_modules\winston-transport\node_modules\readable-stream\lib\_stream_writable.js:390:139)
    at writeOrBuffer (C:\Users\Nuruzzaman\AppData\Local\npm-cache\_npx\7750544ccf494d8b\node_modules\winston-transport\node_modules\readable-stream\lib\_stream_writable.js:381:5)
    at Writable.write (C:\Users\Nuruzzaman\AppData\Local\npm-cache\_npx\7750544ccf494d8b\node_modules\winston-transport\node_modules\readable-stream\lib\_stream_writable.js:302:11)
    at DerivedLogger.ondata (C:\Users\Nuruzzaman\AppData\Local\npm-cache\_npx\7750544ccf494d8b\node_modules\winston\node_modules\readable-stream\lib\_stream_readable.js:629:20)
[error] 
[error] Error: An unexpected error has occurred.
[debug] [2026-06-09T09:11:43.431Z] Error: EPIPE: broken pipe, write
    at Socket._write (node:internal/net:63:18)
    at writeOrBuffer (node:internal/streams/writable:572:12)
    at _write (node:internal/streams/writable:501:10)
    at Writable.write (node:internal/streams/writable:510:10)
    at Console.log (C:\Users\Nuruzzaman\AppData\Local\npm-cache\_npx\7750544ccf494d8b\node_modules\winston\lib\winston\transports\console.js:87:23)
    at Console._write (C:\Users\Nuruzzaman\AppData\Local\npm-cache\_npx\7750544ccf494d8b\node_modules\winston-transport\modern.js:103:17)
    at doWrite (C:\Users\Nuruzzaman\AppData\Local\npm-cache\_npx\7750544ccf494d8b\node_modules\winston-transport\node_modules\readable-stream\lib\_stream_writable.js:390:139)
    at writeOrBuffer (C:\Users\Nuruzzaman\AppData\Local\npm-cache\_npx\7750544ccf494d8b\node_modules\winston-transport\node_modules\readable-stream\lib\_stream_writable.js:381:5)
    at Writable.write (C:\Users\Nuruzzaman\AppData\Local\npm-cache\_npx\7750544ccf494d8b\node_modules\winston-transport\node_modules\readable-stream\lib\_stream_writable.js:302:11)
    at DerivedLogger.ondata (C:\Users\Nuruzzaman\AppData\Local\npm-cache\_npx\7750544ccf494d8b\node_modules\winston\node_modules\readable-stream\lib\_stream_readable.js:629:20)
[error] 
[error] Error: An unexpected error has occurred.
[debug] [2026-06-09T09:11:43.431Z] Error: EPIPE: broken pipe, write
    at Socket._write (node:internal/net:63:18)
    at writeOrBuffer (node:internal/streams/writable:572:12)
    at _write (node:internal/streams/writable:501:10)
    at Writable.write (node:internal/streams/writable:510:10)
    at Console.log (C:\Users\Nuruzzaman\AppData\Local\npm-cache\_npx\7750544ccf494d8b\node_modules\winston\lib\winston\transports\console.js:87:23)
    at Console._write (C:\Users\Nuruzzaman\AppData\Local\npm-cache\_npx\7750544ccf494d8b\node_modules\winston-transport\modern.js:103:17)
    at doWrite (C:\Users\Nuruzzaman\AppData\Local\npm-cache\_npx\7750544ccf494d8b\node_modules\winston-transport\node_modules\readable-stream\lib\_stream_writable.js:390:139)
    at writeOrBuffer (C:\Users\Nuruzzaman\AppData\Local\npm-cache\_npx\7750544ccf494d8b\node_modules\winston-transport\node_modules\readable-stream\lib\_stream_writable.js:381:5)
    at Writable.write (C:\Users\Nuruzzaman\AppData\Local\npm-cache\_npx\7750544ccf494d8b\node_modules\winston-transport\node_modules\readable-stream\lib\_stream_writable.js:302:11)
    at DerivedLogger.ondata (C:\Users\Nuruzzaman\AppData\Local\npm-cache\_npx\7750544ccf494d8b\node_modules\winston\node_modules\readable-stream\lib\_stream_readable.js:629:20)
[error] 
[error] Error: An unexpected error has occurred.
[debug] [2026-06-09T09:11:43.431Z] Error: EPIPE: broken pipe, write
    at Socket._write (node:internal/net:63:18)
    at writeOrBuffer (node:internal/streams/writable:572:12)
    at _write (node:internal/streams/writable:501:10)
    at Writable.write (node:internal/streams/writable:510:10)
    at Console.log (C:\Users\Nuruzzaman\AppData\Local\npm-cache\_npx\7750544ccf494d8b\node_modules\winston\lib\winston\transports\console.js:87:23)
    at Console._write (C:\Users\Nuruzzaman\AppData\Local\npm-cache\_npx\7750544ccf494d8b\node_modules\winston-transport\modern.js:103:17)
    at doWrite (C:\Users\Nuruzzaman\AppData\Local\npm-cache\_npx\7750544ccf494d8b\node_modules\winston-transport\node_modules\readable-stream\lib\_stream_writable.js:390:139)
    at writeOrBuffer (C:\Users\Nuruzzaman\AppData\Local\npm-cache\_npx\7750544ccf494d8b\node_modules\winston-transport\node_modules\readable-stream\lib\_stream_writable.js:381:5)
    at Writable.write (C:\Users\Nuruzzaman\AppData\Local\npm-cache\_npx\7750544ccf494d8b\node_modules\winston-transport\node_modules\readable-stream\lib\_stream_writable.js:302:11)
    at DerivedLogger.ondata (C:\Users\Nuruzzaman\AppData\Local\npm-cache\_npx\7750544ccf494d8b\node_modules\winston\node_modules\readable-stream\lib\_stream_readable.js:629:20)
[error] 
[error] Error: An unexpected error has occurred.
[debug] [2026-06-09T09:11:43.431Z] Error: EPIPE: broken pipe, write
    at Socket._write (node:internal/net:63:18)
    at writeOrBuffer (node:internal/streams/writable:572:12)
    at _write (node:internal/streams/writable:501:10)
    at Writable.write (node:internal/streams/writable:510:10)
    at Console.log (C:\Users\Nuruzzaman\AppData\Local\npm-cache\_npx\7750544ccf494d8b\node_modules\winston\lib\winston\transports\console.js:87:23)
    at Console._write (C:\Users\Nuruzzaman\AppData\Local\npm-cache\_npx\7750544ccf494d8b\node_modules\winston-transport\modern.js:103:17)
    at doWrite (C:\Users\Nuruzzaman\AppData\Local\npm-cache\_npx\7750544ccf494d8b\node_modules\winston-transport\node_modules\readable-stream\lib\_stream_writable.js:390:139)
    at writeOrBuffer (C:\Users\Nuruzzaman\AppData\Local\npm-cache\_npx\7750544ccf494d8b\node_modules\winston-transport\node_modules\readable-stream\lib\_stream_writable.js:381:5)
    at Writable.write (C:\Users\Nuruzzaman\AppData\Local\npm-cache\_npx\7750544ccf494d8b\node_modules\winston-transport\node_modules\readable-stream\lib\_stream_writable.js:302:11)
    at DerivedLogger.ondata (C:\Users\Nuruzzaman\AppData\Local\npm-cache\_npx\7750544ccf494d8b\node_modules\winston\node_modules\readable-stream\lib\_stream_readable.js:629:20)
[error] 
[error] Error: An unexpected error has occurred.
[debug] [2026-06-09T09:11:43.431Z] Error: EPIPE: broken pipe, write
    at Socket._write (node:internal/net:63:18)
    at writeOrBuffer (node:internal/streams/writable:572:12)
    at _write (node:internal/streams/writable:501:10)
    at Writable.write (node:internal/streams/writable:510:10)
    at Console.log (C:\Users\Nuruzzaman\AppData\Local\npm-cache\_npx\7750544ccf494d8b\node_modules\winston\lib\winston\transports\console.js:87:23)
    at Console._write (C:\Users\Nuruzzaman\AppData\Local\npm-cache\_npx\7750544ccf494d8b\node_modules\winston-transport\modern.js:103:17)
    at doWrite (C:\Users\Nuruzzaman\AppData\Local\npm-cache\_npx\7750544ccf494d8b\node_modules\winston-transport\node_modules\readable-stream\lib\_stream_writable.js:390:139)
    at writeOrBuffer (C:\Users\Nuruzzaman\AppData\Local\npm-cache\_npx\7750544ccf494d8b\node_modules\winston-transport\node_modules\readable-stream\lib\_stream_writable.js:381:5)
    at Writable.write (C:\Users\Nuruzzaman\AppData\Local\npm-cache\_npx\7750544ccf494d8b\node_modules\winston-transport\node_modules\readable-stream\lib\_stream_writable.js:302:11)
    at DerivedLogger.ondata (C:\Users\Nuruzzaman\AppData\Local\npm-cache\_npx\7750544ccf494d8b\node_modules\winston\node_modules\readable-stream\lib\_stream_readable.js:629:20)
[error] 
[error] Error: An unexpected error has occurred.
[debug] [2026-06-09T09:11:43.432Z] Error: EPIPE: broken pipe, write
    at Socket._write (node:internal/net:63:18)
    at writeOrBuffer (node:internal/streams/writable:572:12)
    at _write (node:internal/streams/writable:501:10)
    at Writable.write (node:internal/streams/writable:510:10)
    at Console.log (C:\Users\Nuruzzaman\AppData\Local\npm-cache\_npx\7750544ccf494d8b\node_modules\winston\lib\winston\transports\console.js:87:23)
    at Console._write (C:\Users\Nuruzzaman\AppData\Local\npm-cache\_npx\7750544ccf494d8b\node_modules\winston-transport\modern.js:103:17)
    at doWrite (C:\Users\Nuruzzaman\AppData\Local\npm-cache\_npx\7750544ccf494d8b\node_modules\winston-transport\node_modules\readable-stream\lib\_stream_writable.js:390:139)
    at writeOrBuffer (C:\Users\Nuruzzaman\AppData\Local\npm-cache\_npx\7750544ccf494d8b\node_modules\winston-transport\node_modules\readable-stream\lib\_stream_writable.js:381:5)
    at Writable.write (C:\Users\Nuruzzaman\AppData\Local\npm-cache\_npx\7750544ccf494d8b\node_modules\winston-transport\node_modules\readable-stream\lib\_stream_writable.js:302:11)
    at DerivedLogger.ondata (C:\Users\Nuruzzaman\AppData\Local\npm-cache\_npx\7750544ccf494d8b\node_modules\winston\node_modules\readable-stream\lib\_stream_readable.js:629:20)
[error] 
[error] Error: An unexpected error has occurred.
[debug] [2026-06-09T09:11:43.432Z] Error: EPIPE: broken pipe, write
    at Socket._write (node:internal/net:63:18)
    at writeOrBuffer (node:internal/streams/writable:572:12)
    at _write (node:internal/streams/writable:501:10)
    at Writable.write (node:internal/streams/writable:510:10)
    at Console.log (C:\Users\Nuruzzaman\AppData\Local\npm-cache\_npx\7750544ccf494d8b\node_modules\winston\lib\winston\transports\console.js:87:23)
    at Console._write (C:\Users\Nuruzzaman\AppData\Local\npm-cache\_npx\7750544ccf494d8b\node_modules\winston-transport\modern.js:103:17)
    at doWrite (C:\Users\Nuruzzaman\AppData\Local\npm-cache\_npx\7750544ccf494d8b\node_modules\winston-transport\node_modules\readable-stream\lib\_stream_writable.js:390:139)
    at writeOrBuffer (C:\Users\Nuruzzaman\AppData\Local\npm-cache\_npx\7750544ccf494d8b\node_modules\winston-transport\node_modules\readable-stream\lib\_stream_writable.js:381:5)
    at Writable.write (C:\Users\Nuruzzaman\AppData\Local\npm-cache\_npx\7750544ccf494d8b\node_modules\winston-transport\node_modules\readable-stream\lib\_stream_writable.js:302:11)
    at DerivedLogger.ondata (C:\Users\Nuruzzaman\AppData\Local\npm-cache\_npx\7750544ccf494d8b\node_modules\winston\node_modules\readable-stream\lib\_stream_readable.js:629:20)
[error] 
[error] Error: An unexpected error has occurred.
[debug] [2026-06-09T09:11:43.433Z] Error: EPIPE: broken pipe, write
    at Socket._write (node:internal/net:63:18)
    at writeOrBuffer (node:internal/streams/writable:572:12)
    at _write (node:internal/streams/writable:501:10)
    at Writable.write (node:internal/streams/writable:510:10)
    at Console.log (C:\Users\Nuruzzaman\AppData\Local\npm-cache\_npx\7750544ccf494d8b\node_modules\winston\lib\winston\transports\console.js:87:23)
    at Console._write (C:\Users\Nuruzzaman\AppData\Local\npm-cache\_npx\7750544ccf494d8b\node_modules\winston-transport\modern.js:103:17)
    at doWrite (C:\Users\Nuruzzaman\AppData\Local\npm-cache\_npx\7750544ccf494d8b\node_modules\winston-transport\node_modules\readable-stream\lib\_stream_writable.js:390:139)
    at writeOrBuffer (C:\Users\Nuruzzaman\AppData\Local\npm-cache\_npx\7750544ccf494d8b\node_modules\winston-transport\node_modules\readable-stream\lib\_stream_writable.js:381:5)
    at Writable.write (C:\Users\Nuruzzaman\AppData\Local\npm-cache\_npx\7750544ccf494d8b\node_modules\winston-transport\node_modules\readable-stream\lib\_stream_writable.js:302:11)
    at DerivedLogger.ondata (C:\Users\Nuruzzaman\AppData\Local\npm-cache\_npx\7750544ccf494d8b\node_modules\winston\node_modules\readable-stream\lib\_stream_readable.js:629:20)
[error] 
[error] Error: An unexpected error has occurred.
[debug] [2026-06-09T09:11:43.434Z] Error: EPIPE: broken pipe, write
    at Socket._write (node:internal/net:63:18)
    at writeOrBuffer (node:internal/streams/writable:572:12)
    at _write (node:internal/streams/writable:501:10)
    at Writable.write (node:internal/streams/writable:510:10)
    at Console.log (C:\Users\Nuruzzaman\AppData\Local\npm-cache\_npx\7750544ccf494d8b\node_modules\winston\lib\winston\transports\console.js:87:23)
    at Console._write (C:\Users\Nuruzzaman\AppData\Local\npm-cache\_npx\7750544ccf494d8b\node_modules\winston-transport\modern.js:103:17)
    at doWrite (C:\Users\Nuruzzaman\AppData\Local\npm-cache\_npx\7750544ccf494d8b\node_modules\winston-transport\node_modules\readable-stream\lib\_stream_writable.js:390:139)
    at writeOrBuffer (C:\Users\Nuruzzaman\AppData\Local\npm-cache\_npx\7750544ccf494d8b\node_modules\winston-transport\node_modules\readable-stream\lib\_stream_writable.js:381:5)
    at Writable.write (C:\Users\Nuruzzaman\AppData\Local\npm-cache\_npx\7750544ccf494d8b\node_modules\winston-transport\node_modules\readable-stream\lib\_stream_writable.js:302:11)
    at DerivedLogger.ondata (C:\Users\Nuruzzaman\AppData\Local\npm-cache\_npx\7750544ccf494d8b\node_modules\winston\node_modules\readable-stream\lib\_stream_readable.js:629:20)
[error] 
[error] Error: An unexpected error has occurred.
[debug] [2026-06-09T09:11:43.435Z] Error: EPIPE: broken pipe, write
    at Socket._write (node:internal/net:63:18)
    at writeOrBuffer (node:internal/streams/writable:572:12)
    at _write (node:internal/streams/writable:501:10)
    at Writable.write (node:internal/streams/writable:510:10)
    at Console.log (C:\Users\Nuruzzaman\AppData\Local\npm-cache\_npx\7750544ccf494d8b\node_modules\winston\lib\winston\transports\console.js:87:23)
    at Console._write (C:\Users\Nuruzzaman\AppData\Local\npm-cache\_npx\7750544ccf494d8b\node_modules\winston-transport\modern.js:103:17)
    at doWrite (C:\Users\Nuruzzaman\AppData\Local\npm-cache\_npx\7750544ccf494d8b\node_modules\winston-transport\node_modules\readable-stream\lib\_stream_writable.js:390:139)
    at writeOrBuffer (C:\Users\Nuruzzaman\AppData\Local\npm-cache\_npx\7750544ccf494d8b\node_modules\winston-transport\node_modules\readable-stream\lib\_stream_writable.js:381:5)
    at Writable.write (C:\Users\Nuruzzaman\AppData\Local\npm-cache\_npx\7750544ccf494d8b\node_modules\winston-transport\node_modules\readable-stream\lib\_stream_writable.js:302:11)
    at DerivedLogger.ondata (C:\Users\Nuruzzaman\AppData\Local\npm-cache\_npx\7750544ccf494d8b\node_modules\winston\node_modules\readable-stream\lib\_stream_readable.js:629:20)
[error] 
[error] Error: An unexpected error has occurred.
[debug] [2026-06-09T09:11:43.435Z] Error: EPIPE: broken pipe, write
    at Socket._write (node:internal/net:63:18)
    at writeOrBuffer (node:internal/streams/writable:572:12)
    at _write (node:internal/streams/writable:501:10)
    at Writable.write (node:internal/streams/writable:510:10)
    at Console.log (C:\Users\Nuruzzaman\AppData\Local\npm-cache\_npx\7750544ccf494d8b\node_modules\winston\lib\winston\transports\console.js:87:23)
    at Console._write (C:\Users\Nuruzzaman\AppData\Local\npm-cache\_npx\7750544ccf494d8b\node_modules\winston-transport\modern.js:103:17)
    at doWrite (C:\Users\Nuruzzaman\AppData\Local\npm-cache\_npx\7750544ccf494d8b\node_modules\winston-transport\node_modules\readable-stream\lib\_stream_writable.js:390:139)
    at writeOrBuffer (C:\Users\Nuruzzaman\AppData\Local\npm-cache\_npx\7750544ccf494d8b\node_modules\winston-transport\node_modules\readable-stream\lib\_stream_writable.js:381:5)
    at Writable.write (C:\Users\Nuruzzaman\AppData\Local\npm-cache\_npx\7750544ccf494d8b\node_modules\winston-transport\node_modules\readable-stream\lib\_stream_writable.js:302:11)
    at DerivedLogger.ondata (C:\Users\Nuruzzaman\AppData\Local\npm-cache\_npx\7750544ccf494d8b\node_modules\winston\node_modules\readable-stream\lib\_stream_readable.js:629:20)
[error] 
[error] Error: An unexpected error has occurred.
[debug] [2026-06-09T09:11:43.436Z] Error: EPIPE: broken pipe, write
    at Socket._write (node:internal/net:63:18)
    at writeOrBuffer (node:internal/streams/writable:572:12)
    at _write (node:internal/streams/writable:501:10)
    at Writable.write (node:internal/streams/writable:510:10)
    at Console.log (C:\Users\Nuruzzaman\AppData\Local\npm-cache\_npx\7750544ccf494d8b\node_modules\winston\lib\winston\transports\console.js:87:23)
    at Console._write (C:\Users\Nuruzzaman\AppData\Local\npm-cache\_npx\7750544ccf494d8b\node_modules\winston-transport\modern.js:103:17)
    at doWrite (C:\Users\Nuruzzaman\AppData\Local\npm-cache\_npx\7750544ccf494d8b\node_modules\winston-transport\node_modules\readable-stream\lib\_stream_writable.js:390:139)
    at writeOrBuffer (C:\Users\Nuruzzaman\AppData\Local\npm-cache\_npx\7750544ccf494d8b\node_modules\winston-transport\node_modules\readable-stream\lib\_stream_writable.js:381:5)
    at Writable.write (C:\Users\Nuruzzaman\AppData\Local\npm-cache\_npx\7750544ccf494d8b\node_modules\winston-transport\node_modules\readable-stream\lib\_stream_writable.js:302:11)
    at DerivedLogger.ondata (C:\Users\Nuruzzaman\AppData\Local\npm-cache\_npx\7750544ccf494d8b\node_modules\winston\node_modules\readable-stream\lib\_stream_readable.js:629:20)
[error] 
[error] Error: An unexpected error has occurred.
[debug] [2026-06-09T09:11:43.437Z] Error: EPIPE: broken pipe, write
    at Socket._write (node:internal/net:63:18)
    at writeOrBuffer (node:internal/streams/writable:572:12)
    at _write (node:internal/streams/writable:501:10)
    at Writable.write (node:internal/streams/writable:510:10)
    at Console.log (C:\Users\Nuruzzaman\AppData\Local\npm-cache\_npx\7750544ccf494d8b\node_modules\winston\lib\winston\transports\console.js:87:23)
    at Console._write (C:\Users\Nuruzzaman\AppData\Local\npm-cache\_npx\7750544ccf494d8b\node_modules\winston-transport\modern.js:103:17)
    at doWrite (C:\Users\Nuruzzaman\AppData\Local\npm-cache\_npx\7750544ccf494d8b\node_modules\winston-transport\node_modules\readable-stream\lib\_stream_writable.js:390:139)
    at writeOrBuffer (C:\Users\Nuruzzaman\AppData\Local\npm-cache\_npx\7750544ccf494d8b\node_modules\winston-transport\node_modules\readable-stream\lib\_stream_writable.js:381:5)
    at Writable.write (C:\Users\Nuruzzaman\AppData\Local\npm-cache\_npx\7750544ccf494d8b\node_modules\winston-transport\node_modules\readable-stream\lib\_stream_writable.js:302:11)
    at DerivedLogger.ondata (C:\Users\Nuruzzaman\AppData\Local\npm-cache\_npx\7750544ccf494d8b\node_modules\winston\node_modules\readable-stream\lib\_stream_readable.js:629:20)
[error] 
[error] Error: An unexpected error has occurred.
[debug] [2026-06-09T09:11:43.437Z] Error: EPIPE: broken pipe, write
    at Socket._write (node:internal/net:63:18)
    at writeOrBuffer (node:internal/streams/writable:572:12)
    at _write (node:internal/streams/writable:501:10)
    at Writable.write (node:internal/streams/writable:510:10)
    at Console.log (C:\Users\Nuruzzaman\AppData\Local\npm-cache\_npx\7750544ccf494d8b\node_modules\winston\lib\winston\transports\console.js:87:23)
    at Console._write (C:\Users\Nuruzzaman\AppData\Local\npm-cache\_npx\7750544ccf494d8b\node_modules\winston-transport\modern.js:103:17)
    at doWrite (C:\Users\Nuruzzaman\AppData\Local\npm-cache\_npx\7750544ccf494d8b\node_modules\winston-transport\node_modules\readable-stream\lib\_stream_writable.js:390:139)
    at writeOrBuffer (C:\Users\Nuruzzaman\AppData\Local\npm-cache\_npx\7750544ccf494d8b\node_modules\winston-transport\node_modules\readable-stream\lib\_stream_writable.js:381:5)
    at Writable.write (C:\Users\Nuruzzaman\AppData\Local\npm-cache\_npx\7750544ccf494d8b\node_modules\winston-transport\node_modules\readable-stream\lib\_stream_writable.js:302:11)
    at DerivedLogger.ondata (C:\Users\Nuruzzaman\AppData\Local\npm-cache\_npx\7750544ccf494d8b\node_modules\winston\node_modules\readable-stream\lib\_stream_readable.js:629:20)
[error] 
[error] Error: An unexpected error has occurred.
[debug] [2026-06-09T09:11:43.438Z] Error: EPIPE: broken pipe, write
    at Socket._write (node:internal/net:63:18)
    at writeOrBuffer (node:internal/streams/writable:572:12)
    at _write (node:internal/streams/writable:501:10)
    at Writable.write (node:internal/streams/writable:510:10)
    at Console.log (C:\Users\Nuruzzaman\AppData\Local\npm-cache\_npx\7750544ccf494d8b\node_modules\winston\lib\winston\transports\console.js:87:23)
    at Console._write (C:\Users\Nuruzzaman\AppData\Local\npm-cache\_npx\7750544ccf494d8b\node_modules\winston-transport\modern.js:103:17)
    at doWrite (C:\Users\Nuruzzaman\AppData\Local\npm-cache\_npx\7750544ccf494d8b\node_modules\winston-transport\node_modules\readable-stream\lib\_stream_writable.js:390:139)
    at writeOrBuffer (C:\Users\Nuruzzaman\AppData\Local\npm-cache\_npx\7750544ccf494d8b\node_modules\winston-transport\node_modules\readable-stream\lib\_stream_writable.js:381:5)
    at Writable.write (C:\Users\Nuruzzaman\AppData\Local\npm-cache\_npx\7750544ccf494d8b\node_modules\winston-transport\node_modules\readable-stream\lib\_stream_writable.js:302:11)
    at DerivedLogger.ondata (C:\Users\Nuruzzaman\AppData\Local\npm-cache\_npx\7750544ccf494d8b\node_modules\winston\node_modules\readable-stream\lib\_stream_readable.js:629:20)
[error] 
[error] Error: An unexpected error has occurred.
[debug] [2026-06-09T09:11:43.438Z] Error: EPIPE: broken pipe, write
    at Socket._write (node:internal/net:63:18)
    at writeOrBuffer (node:internal/streams/writable:572:12)
    at _write (node:internal/streams/writable:501:10)
    at Writable.write (node:internal/streams/writable:510:10)
    at Console.log (C:\Users\Nuruzzaman\AppData\Local\npm-cache\_npx\7750544ccf494d8b\node_modules\winston\lib\winston\transports\console.js:87:23)
    at Console._write (C:\Users\Nuruzzaman\AppData\Local\npm-cache\_npx\7750544ccf494d8b\node_modules\winston-transport\modern.js:103:17)
    at doWrite (C:\Users\Nuruzzaman\AppData\Local\npm-cache\_npx\7750544ccf494d8b\node_modules\winston-transport\node_modules\readable-stream\lib\_stream_writable.js:390:139)
    at writeOrBuffer (C:\Users\Nuruzzaman\AppData\Local\npm-cache\_npx\7750544ccf494d8b\node_modules\winston-transport\node_modules\readable-stream\lib\_stream_writable.js:381:5)
    at Writable.write (C:\Users\Nuruzzaman\AppData\Local\npm-cache\_npx\7750544ccf494d8b\node_modules\winston-transport\node_modules\readable-stream\lib\_stream_writable.js:302:11)
    at DerivedLogger.ondata (C:\Users\Nuruzzaman\AppData\Local\npm-cache\_npx\7750544ccf494d8b\node_modules\winston\node_modules\readable-stream\lib\_stream_readable.js:629:20)
[error] 
[error] Error: An unexpected error has occurred.
[debug] [2026-06-09T09:11:43.439Z] Error: EPIPE: broken pipe, write
    at Socket._write (node:internal/net:63:18)
    at writeOrBuffer (node:internal/streams/writable:572:12)
    at _write (node:internal/streams/writable:501:10)
    at Writable.write (node:internal/streams/writable:510:10)
    at Console.log (C:\Users\Nuruzzaman\AppData\Local\npm-cache\_npx\7750544ccf494d8b\node_modules\winston\lib\winston\transports\console.js:87:23)
    at Console._write (C:\Users\Nuruzzaman\AppData\Local\npm-cache\_npx\7750544ccf494d8b\node_modules\winston-transport\modern.js:103:17)
    at doWrite (C:\Users\Nuruzzaman\AppData\Local\npm-cache\_npx\7750544ccf494d8b\node_modules\winston-transport\node_modules\readable-stream\lib\_stream_writable.js:390:139)
    at writeOrBuffer (C:\Users\Nuruzzaman\AppData\Local\npm-cache\_npx\7750544ccf494d8b\node_modules\winston-transport\node_modules\readable-stream\lib\_stream_writable.js:381:5)
    at Writable.write (C:\Users\Nuruzzaman\AppData\Local\npm-cache\_npx\7750544ccf494d8b\node_modules\winston-transport\node_modules\readable-stream\lib\_stream_writable.js:302:11)
    at DerivedLogger.ondata (C:\Users\Nuruzzaman\AppData\Local\npm-cache\_npx\7750544ccf494d8b\node_modules\winston\node_modules\readable-stream\lib\_stream_readable.js:629:20)
[error] 
[error] Error: An unexpected error has occurred.
[debug] [2026-06-09T09:11:43.439Z] Error: EPIPE: broken pipe, write
    at Socket._write (node:internal/net:63:18)
    at writeOrBuffer (node:internal/streams/writable:572:12)
    at _write (node:internal/streams/writable:501:10)
    at Writable.write (node:internal/streams/writable:510:10)
    at Console.log (C:\Users\Nuruzzaman\AppData\Local\npm-cache\_npx\7750544ccf494d8b\node_modules\winston\lib\winston\transports\console.js:87:23)
    at Console._write (C:\Users\Nuruzzaman\AppData\Local\npm-cache\_npx\7750544ccf494d8b\node_modules\winston-transport\modern.js:103:17)
    at doWrite (C:\Users\Nuruzzaman\AppData\Local\npm-cache\_npx\7750544ccf494d8b\node_modules\winston-transport\node_modules\readable-stream\lib\_stream_writable.js:390:139)
    at writeOrBuffer (C:\Users\Nuruzzaman\AppData\Local\npm-cache\_npx\7750544ccf494d8b\node_modules\winston-transport\node_modules\readable-stream\lib\_stream_writable.js:381:5)
    at Writable.write (C:\Users\Nuruzzaman\AppData\Local\npm-cache\_npx\7750544ccf494d8b\node_modules\winston-transport\node_modules\readable-stream\lib\_stream_writable.js:302:11)
    at DerivedLogger.ondata (C:\Users\Nuruzzaman\AppData\Local\npm-cache\_npx\7750544ccf494d8b\node_modules\winston\node_modules\readable-stream\lib\_stream_readable.js:629:20)
[error] 
[error] Error: An unexpected error has occurred.
[debug] [2026-06-09T09:11:43.439Z] Error: EPIPE: broken pipe, write
    at Socket._write (node:internal/net:63:18)
    at writeOrBuffer (node:internal/streams/writable:572:12)
    at _write (node:internal/streams/writable:501:10)
    at Writable.write (node:internal/streams/writable:510:10)
    at Console.log (C:\Users\Nuruzzaman\AppData\Local\npm-cache\_npx\7750544ccf494d8b\node_modules\winston\lib\winston\transports\console.js:87:23)
    at Console._write (C:\Users\Nuruzzaman\AppData\Local\npm-cache\_npx\7750544ccf494d8b\node_modules\winston-transport\modern.js:103:17)
    at doWrite (C:\Users\Nuruzzaman\AppData\Local\npm-cache\_npx\7750544ccf494d8b\node_modules\winston-transport\node_modules\readable-stream\lib\_stream_writable.js:390:139)
    at writeOrBuffer (C:\Users\Nuruzzaman\AppData\Local\npm-cache\_npx\7750544ccf494d8b\node_modules\winston-transport\node_modules\readable-stream\lib\_stream_writable.js:381:5)
    at Writable.write (C:\Users\Nuruzzaman\AppData\Local\npm-cache\_npx\7750544ccf494d8b\node_modules\winston-transport\node_modules\readable-stream\lib\_stream_writable.js:302:11)
    at DerivedLogger.ondata (C:\Users\Nuruzzaman\AppData\Local\npm-cache\_npx\7750544ccf494d8b\node_modules\winston\node_modules\readable-stream\lib\_stream_readable.js:629:20)
[error] 
[error] Error: An unexpected error has occurred.
[debug] [2026-06-09T09:11:43.439Z] Error: EPIPE: broken pipe, write
    at Socket._write (node:internal/net:63:18)
    at writeOrBuffer (node:internal/streams/writable:572:12)
    at _write (node:internal/streams/writable:501:10)
    at Writable.write (node:internal/streams/writable:510:10)
    at Console.log (C:\Users\Nuruzzaman\AppData\Local\npm-cache\_npx\7750544ccf494d8b\node_modules\winston\lib\winston\transports\console.js:87:23)
    at Console._write (C:\Users\Nuruzzaman\AppData\Local\npm-cache\_npx\7750544ccf494d8b\node_modules\winston-transport\modern.js:103:17)
    at doWrite (C:\Users\Nuruzzaman\AppData\Local\npm-cache\_npx\7750544ccf494d8b\node_modules\winston-transport\node_modules\readable-stream\lib\_stream_writable.js:390:139)
    at writeOrBuffer (C:\Users\Nuruzzaman\AppData\Local\npm-cache\_npx\7750544ccf494d8b\node_modules\winston-transport\node_modules\readable-stream\lib\_stream_writable.js:381:5)
    at Writable.write (C:\Users\Nuruzzaman\AppData\Local\npm-cache\_npx\7750544ccf494d8b\node_modules\winston-transport\node_modules\readable-stream\lib\_stream_writable.js:302:11)
    at DerivedLogger.ondata (C:\Users\Nuruzzaman\AppData\Local\npm-cache\_npx\7750544ccf494d8b\node_modules\winston\node_modules\readable-stream\lib\_stream_readable.js:629:20)
[error] 
[error] Error: An unexpected error has occurred.
[debug] [2026-06-09T09:11:43.441Z] Error: EPIPE: broken pipe, write
    at Socket._write (node:internal/net:63:18)
    at writeOrBuffer (node:internal/streams/writable:572:12)
    at _write (node:internal/streams/writable:501:10)
    at Writable.write (node:internal/streams/writable:510:10)
    at Console.log (C:\Users\Nuruzzaman\AppData\Local\npm-cache\_npx\7750544ccf494d8b\node_modules\winston\lib\winston\transports\console.js:87:23)
    at Console._write (C:\Users\Nuruzzaman\AppData\Local\npm-cache\_npx\7750544ccf494d8b\node_modules\winston-transport\modern.js:103:17)
    at doWrite (C:\Users\Nuruzzaman\AppData\Local\npm-cache\_npx\7750544ccf494d8b\node_modules\winston-transport\node_modules\readable-stream\lib\_stream_writable.js:390:139)
    at writeOrBuffer (C:\Users\Nuruzzaman\AppData\Local\npm-cache\_npx\7750544ccf494d8b\node_modules\winston-transport\node_modules\readable-stream\lib\_stream_writable.js:381:5)
    at Writable.write (C:\Users\Nuruzzaman\AppData\Local\npm-cache\_npx\7750544ccf494d8b\node_modules\winston-transport\node_modules\readable-stream\lib\_stream_writable.js:302:11)
    at DerivedLogger.ondata (C:\Users\Nuruzzaman\AppData\Local\npm-cache\_npx\7750544ccf494d8b\node_modules\winston\node_modules\readable-stream\lib\_stream_readable.js:629:20)
[error] 
[error] Error: An unexpected error has occurred.
[debug] [2026-06-09T09:11:43.441Z] Error: EPIPE: broken pipe, write
    at Socket._write (node:internal/net:63:18)
    at writeOrBuffer (node:internal/streams/writable:572:12)
    at _write (node:internal/streams/writable:501:10)
    at Writable.write (node:internal/streams/writable:510:10)
    at Console.log (C:\Users\Nuruzzaman\AppData\Local\npm-cache\_npx\7750544ccf494d8b\node_modules\winston\lib\winston\transports\console.js:87:23)
    at Console._write (C:\Users\Nuruzzaman\AppData\Local\npm-cache\_npx\7750544ccf494d8b\node_modules\winston-transport\modern.js:103:17)
    at doWrite (C:\Users\Nuruzzaman\AppData\Local\npm-cache\_npx\7750544ccf494d8b\node_modules\winston-transport\node_modules\readable-stream\lib\_stream_writable.js:390:139)
    at writeOrBuffer (C:\Users\Nuruzzaman\AppData\Local\npm-cache\_npx\7750544ccf494d8b\node_modules\winston-transport\node_modules\readable-stream\lib\_stream_writable.js:381:5)
    at Writable.write (C:\Users\Nuruzzaman\AppData\Local\npm-cache\_npx\7750544ccf494d8b\node_modules\winston-transport\node_modules\readable-stream\lib\_stream_writable.js:302:11)
    at DerivedLogger.ondata (C:\Users\Nuruzzaman\AppData\Local\npm-cache\_npx\7750544ccf494d8b\node_modules\winston\node_modules\readable-stream\lib\_stream_readable.js:629:20)
[error] 
[error] Error: An unexpected error has occurred.
[debug] [2026-06-09T09:11:43.442Z] Error: EPIPE: broken pipe, write
    at Socket._write (node:internal/net:63:18)
    at writeOrBuffer (node:internal/streams/writable:572:12)
    at _write (node:internal/streams/writable:501:10)
    at Writable.write (node:internal/streams/writable:510:10)
    at Console.log (C:\Users\Nuruzzaman\AppData\Local\npm-cache\_npx\7750544ccf494d8b\node_modules\winston\lib\winston\transports\console.js:87:23)
    at Console._write (C:\Users\Nuruzzaman\AppData\Local\npm-cache\_npx\7750544ccf494d8b\node_modules\winston-transport\modern.js:103:17)
    at doWrite (C:\Users\Nuruzzaman\AppData\Local\npm-cache\_npx\7750544ccf494d8b\node_modules\winston-transport\node_modules\readable-stream\lib\_stream_writable.js:390:139)
    at writeOrBuffer (C:\Users\Nuruzzaman\AppData\Local\npm-cache\_npx\7750544ccf494d8b\node_modules\winston-transport\node_modules\readable-stream\lib\_stream_writable.js:381:5)
    at Writable.write (C:\Users\Nuruzzaman\AppData\Local\npm-cache\_npx\7750544ccf494d8b\node_modules\winston-transport\node_modules\readable-stream\lib\_stream_writable.js:302:11)
    at DerivedLogger.ondata (C:\Users\Nuruzzaman\AppData\Local\npm-cache\_npx\7750544ccf494d8b\node_modules\winston\node_modules\readable-stream\lib\_stream_readable.js:629:20)
[error] 
[error] Error: An unexpected error has occurred.
[debug] [2026-06-09T09:11:43.442Z] Error: EPIPE: broken pipe, write
    at Socket._write (node:internal/net:63:18)
    at writeOrBuffer (node:internal/streams/writable:572:12)
    at _write (node:internal/streams/writable:501:10)
    at Writable.write (node:internal/streams/writable:510:10)
    at Console.log (C:\Users\Nuruzzaman\AppData\Local\npm-cache\_npx\7750544ccf494d8b\node_modules\winston\lib\winston\transports\console.js:87:23)
    at Console._write (C:\Users\Nuruzzaman\AppData\Local\npm-cache\_npx\7750544ccf494d8b\node_modules\winston-transport\modern.js:103:17)
    at doWrite (C:\Users\Nuruzzaman\AppData\Local\npm-cache\_npx\7750544ccf494d8b\node_modules\winston-transport\node_modules\readable-stream\lib\_stream_writable.js:390:139)
    at writeOrBuffer (C:\Users\Nuruzzaman\AppData\Local\npm-cache\_npx\7750544ccf494d8b\node_modules\winston-transport\node_modules\readable-stream\lib\_stream_writable.js:381:5)
    at Writable.write (C:\Users\Nuruzzaman\AppData\Local\npm-cache\_npx\7750544ccf494d8b\node_modules\winston-transport\node_modules\readable-stream\lib\_stream_writable.js:302:11)
    at DerivedLogger.ondata (C:\Users\Nuruzzaman\AppData\Local\npm-cache\_npx\7750544ccf494d8b\node_modules\winston\node_modules\readable-stream\lib\_stream_readable.js:629:20)
[error] 
[error] Error: An unexpected error has occurred.
[debug] [2026-06-09T09:11:43.442Z] Error: EPIPE: broken pipe, write
    at Socket._write (node:internal/net:63:18)
    at writeOrBuffer (node:internal/streams/writable:572:12)
    at _write (node:internal/streams/writable:501:10)
    at Writable.write (node:internal/streams/writable:510:10)
    at Console.log (C:\Users\Nuruzzaman\AppData\Local\npm-cache\_npx\7750544ccf494d8b\node_modules\winston\lib\winston\transports\console.js:87:23)
    at Console._write (C:\Users\Nuruzzaman\AppData\Local\npm-cache\_npx\7750544ccf494d8b\node_modules\winston-transport\modern.js:103:17)
    at doWrite (C:\Users\Nuruzzaman\AppData\Local\npm-cache\_npx\7750544ccf494d8b\node_modules\winston-transport\node_modules\readable-stream\lib\_stream_writable.js:390:139)
    at writeOrBuffer (C:\Users\Nuruzzaman\AppData\Local\npm-cache\_npx\7750544ccf494d8b\node_modules\winston-transport\node_modules\readable-stream\lib\_stream_writable.js:381:5)
    at Writable.write (C:\Users\Nuruzzaman\AppData\Local\npm-cache\_npx\7750544ccf494d8b\node_modules\winston-transport\node_modules\readable-stream\lib\_stream_writable.js:302:11)
    at DerivedLogger.ondata (C:\Users\Nuruzzaman\AppData\Local\npm-cache\_npx\7750544ccf494d8b\node_modules\winston\node_modules\readable-stream\lib\_stream_readable.js:629:20)
[error] 
[error] Error: An unexpected error has occurred.
[debug] [2026-06-09T09:11:43.442Z] Error: EPIPE: broken pipe, write
    at Socket._write (node:internal/net:63:18)
    at writeOrBuffer (node:internal/streams/writable:572:12)
    at _write (node:internal/streams/writable:501:10)
    at Writable.write (node:internal/streams/writable:510:10)
    at Console.log (C:\Users\Nuruzzaman\AppData\Local\npm-cache\_npx\7750544ccf494d8b\node_modules\winston\lib\winston\transports\console.js:87:23)
    at Console._write (C:\Users\Nuruzzaman\AppData\Local\npm-cache\_npx\7750544ccf494d8b\node_modules\winston-transport\modern.js:103:17)
    at doWrite (C:\Users\Nuruzzaman\AppData\Local\npm-cache\_npx\7750544ccf494d8b\node_modules\winston-transport\node_modules\readable-stream\lib\_stream_writable.js:390:139)
    at writeOrBuffer (C:\Users\Nuruzzaman\AppData\Local\npm-cache\_npx\7750544ccf494d8b\node_modules\winston-transport\node_modules\readable-stream\lib\_stream_writable.js:381:5)
    at Writable.write (C:\Users\Nuruzzaman\AppData\Local\npm-cache\_npx\7750544ccf494d8b\node_modules\winston-transport\node_modules\readable-stream\lib\_stream_writable.js:302:11)
    at DerivedLogger.ondata (C:\Users\Nuruzzaman\AppData\Local\npm-cache\_npx\7750544ccf494d8b\node_modules\winston\node_modules\readable-stream\lib\_stream_readable.js:629:20)
[error] 
[error] Error: An unexpected error has occurred.
[debug] [2026-06-09T09:11:43.443Z] Error: EPIPE: broken pipe, write
    at Socket._write (node:internal/net:63:18)
    at writeOrBuffer (node:internal/streams/writable:572:12)
    at _write (node:internal/streams/writable:501:10)
    at Writable.write (node:internal/streams/writable:510:10)
    at Console.log (C:\Users\Nuruzzaman\AppData\Local\npm-cache\_npx\7750544ccf494d8b\node_modules\winston\lib\winston\transports\console.js:87:23)
    at Console._write (C:\Users\Nuruzzaman\AppData\Local\npm-cache\_npx\7750544ccf494d8b\node_modules\winston-transport\modern.js:103:17)
    at doWrite (C:\Users\Nuruzzaman\AppData\Local\npm-cache\_npx\7750544ccf494d8b\node_modules\winston-transport\node_modules\readable-stream\lib\_stream_writable.js:390:139)
    at writeOrBuffer (C:\Users\Nuruzzaman\AppData\Local\npm-cache\_npx\7750544ccf494d8b\node_modules\winston-transport\node_modules\readable-stream\lib\_stream_writable.js:381:5)
    at Writable.write (C:\Users\Nuruzzaman\AppData\Local\npm-cache\_npx\7750544ccf494d8b\node_modules\winston-transport\node_modules\readable-stream\lib\_stream_writable.js:302:11)
    at DerivedLogger.ondata (C:\Users\Nuruzzaman\AppData\Local\npm-cache\_npx\7750544ccf494d8b\node_modules\winston\node_modules\readable-stream\lib\_stream_readable.js:629:20)
[error] 
[error] Error: An unexpected error has occurred.
[debug] [2026-06-09T09:11:43.443Z] Error: EPIPE: broken pipe, write
    at Socket._write (node:internal/net:63:18)
    at writeOrBuffer (node:internal/streams/writable:572:12)
    at _write (node:internal/streams/writable:501:10)
    at Writable.write (node:internal/streams/writable:510:10)
    at Console.log (C:\Users\Nuruzzaman\AppData\Local\npm-cache\_npx\7750544ccf494d8b\node_modules\winston\lib\winston\transports\console.js:87:23)
    at Console._write (C:\Users\Nuruzzaman\AppData\Local\npm-cache\_npx\7750544ccf494d8b\node_modules\winston-transport\modern.js:103:17)
    at doWrite (C:\Users\Nuruzzaman\AppData\Local\npm-cache\_npx\7750544ccf494d8b\node_modules\winston-transport\node_modules\readable-stream\lib\_stream_writable.js:390:139)
    at writeOrBuffer (C:\Users\Nuruzzaman\AppData\Local\npm-cache\_npx\7750544ccf494d8b\node_modules\winston-transport\node_modules\readable-stream\lib\_stream_writable.js:381:5)
    at Writable.write (C:\Users\Nuruzzaman\AppData\Local\npm-cache\_npx\7750544ccf494d8b\node_modules\winston-transport\node_modules\readable-stream\lib\_stream_writable.js:302:11)
    at DerivedLogger.ondata (C:\Users\Nuruzzaman\AppData\Local\npm-cache\_npx\7750544ccf494d8b\node_modules\winston\node_modules\readable-stream\lib\_stream_readable.js:629:20)
[error] 
[error] Error: An unexpected error has occurred.
[debug] [2026-06-09T09:11:43.443Z] Error: EPIPE: broken pipe, write
    at Socket._write (node:internal/net:63:18)
    at writeOrBuffer (node:internal/streams/writable:572:12)
    at _write (node:internal/streams/writable:501:10)
    at Writable.write (node:internal/streams/writable:510:10)
    at Console.log (C:\Users\Nuruzzaman\AppData\Local\npm-cache\_npx\7750544ccf494d8b\node_modules\winston\lib\winston\transports\console.js:87:23)
    at Console._write (C:\Users\Nuruzzaman\AppData\Local\npm-cache\_npx\7750544ccf494d8b\node_modules\winston-transport\modern.js:103:17)
    at doWrite (C:\Users\Nuruzzaman\AppData\Local\npm-cache\_npx\7750544ccf494d8b\node_modules\winston-transport\node_modules\readable-stream\lib\_stream_writable.js:390:139)
    at writeOrBuffer (C:\Users\Nuruzzaman\AppData\Local\npm-cache\_npx\7750544ccf494d8b\node_modules\winston-transport\node_modules\readable-stream\lib\_stream_writable.js:381:5)
    at Writable.write (C:\Users\Nuruzzaman\AppData\Local\npm-cache\_npx\7750544ccf494d8b\node_modules\winston-transport\node_modules\readable-stream\lib\_stream_writable.js:302:11)
    at DerivedLogger.ondata (C:\Users\Nuruzzaman\AppData\Local\npm-cache\_npx\7750544ccf494d8b\node_modules\winston\node_modules\readable-stream\lib\_stream_readable.js:629:20)
[error] 
[error] Error: An unexpected error has occurred.
[debug] [2026-06-09T09:11:43.443Z] Error: EPIPE: broken pipe, write
    at Socket._write (node:internal/net:63:18)
    at writeOrBuffer (node:internal/streams/writable:572:12)
    at _write (node:internal/streams/writable:501:10)
    at Writable.write (node:internal/streams/writable:510:10)
    at Console.log (C:\Users\Nuruzzaman\AppData\Local\npm-cache\_npx\7750544ccf494d8b\node_modules\winston\lib\winston\transports\console.js:87:23)
    at Console._write (C:\Users\Nuruzzaman\AppData\Local\npm-cache\_npx\7750544ccf494d8b\node_modules\winston-transport\modern.js:103:17)
    at doWrite (C:\Users\Nuruzzaman\AppData\Local\npm-cache\_npx\7750544ccf494d8b\node_modules\winston-transport\node_modules\readable-stream\lib\_stream_writable.js:390:139)
    at writeOrBuffer (C:\Users\Nuruzzaman\AppData\Local\npm-cache\_npx\7750544ccf494d8b\node_modules\winston-transport\node_modules\readable-stream\lib\_stream_writable.js:381:5)
    at Writable.write (C:\Users\Nuruzzaman\AppData\Local\npm-cache\_npx\7750544ccf494d8b\node_modules\winston-transport\node_modules\readable-stream\lib\_stream_writable.js:302:11)
    at DerivedLogger.ondata (C:\Users\Nuruzzaman\AppData\Local\npm-cache\_npx\7750544ccf494d8b\node_modules\winston\node_modules\readable-stream\lib\_stream_readable.js:629:20)
[error] 
[error] Error: An unexpected error has occurred.
[debug] [2026-06-09T09:11:43.443Z] Error: EPIPE: broken pipe, write
    at Socket._write (node:internal/net:63:18)
    at writeOrBuffer (node:internal/streams/writable:572:12)
    at _write (node:internal/streams/writable:501:10)
    at Writable.write (node:internal/streams/writable:510:10)
    at Console.log (C:\Users\Nuruzzaman\AppData\Local\npm-cache\_npx\7750544ccf494d8b\node_modules\winston\lib\winston\transports\console.js:87:23)
    at Console._write (C:\Users\Nuruzzaman\AppData\Local\npm-cache\_npx\7750544ccf494d8b\node_modules\winston-transport\modern.js:103:17)
    at doWrite (C:\Users\Nuruzzaman\AppData\Local\npm-cache\_npx\7750544ccf494d8b\node_modules\winston-transport\node_modules\readable-stream\lib\_stream_writable.js:390:139)
    at writeOrBuffer (C:\Users\Nuruzzaman\AppData\Local\npm-cache\_npx\7750544ccf494d8b\node_modules\winston-transport\node_modules\readable-stream\lib\_stream_writable.js:381:5)
    at Writable.write (C:\Users\Nuruzzaman\AppData\Local\npm-cache\_npx\7750544ccf494d8b\node_modules\winston-transport\node_modules\readable-stream\lib\_stream_writable.js:302:11)
    at DerivedLogger.ondata (C:\Users\Nuruzzaman\AppData\Local\npm-cache\_npx\7750544ccf494d8b\node_modules\winston\node_modules\readable-stream\lib\_stream_readable.js:629:20)
[error] 
[error] Error: An unexpected error has occurred.
[debug] [2026-06-09T09:11:43.444Z] Error: EPIPE: broken pipe, write
    at Socket._write (node:internal/net:63:18)
    at writeOrBuffer (node:internal/streams/writable:572:12)
    at _write (node:internal/streams/writable:501:10)
    at Writable.write (node:internal/streams/writable:510:10)
    at Console.log (C:\Users\Nuruzzaman\AppData\Local\npm-cache\_npx\7750544ccf494d8b\node_modules\winston\lib\winston\transports\console.js:87:23)
    at Console._write (C:\Users\Nuruzzaman\AppData\Local\npm-cache\_npx\7750544ccf494d8b\node_modules\winston-transport\modern.js:103:17)
    at doWrite (C:\Users\Nuruzzaman\AppData\Local\npm-cache\_npx\7750544ccf494d8b\node_modules\winston-transport\node_modules\readable-stream\lib\_stream_writable.js:390:139)
    at writeOrBuffer (C:\Users\Nuruzzaman\AppData\Local\npm-cache\_npx\7750544ccf494d8b\node_modules\winston-transport\node_modules\readable-stream\lib\_stream_writable.js:381:5)
    at Writable.write (C:\Users\Nuruzzaman\AppData\Local\npm-cache\_npx\7750544ccf494d8b\node_modules\winston-transport\node_modules\readable-stream\lib\_stream_writable.js:302:11)
    at DerivedLogger.ondata (C:\Users\Nuruzzaman\AppData\Local\npm-cache\_npx\7750544ccf494d8b\node_modules\winston\node_modules\readable-stream\lib\_stream_readable.js:629:20)
[error] 
[error] Error: An unexpected error has occurred.
[debug] [2026-06-09T09:11:43.444Z] Error: EPIPE: broken pipe, write
    at Socket._write (node:internal/net:63:18)
    at writeOrBuffer (node:internal/streams/writable:572:12)
    at _write (node:internal/streams/writable:501:10)
    at Writable.write (node:internal/streams/writable:510:10)
    at Console.log (C:\Users\Nuruzzaman\AppData\Local\npm-cache\_npx\7750544ccf494d8b\node_modules\winston\lib\winston\transports\console.js:87:23)
    at Console._write (C:\Users\Nuruzzaman\AppData\Local\npm-cache\_npx\7750544ccf494d8b\node_modules\winston-transport\modern.js:103:17)
    at doWrite (C:\Users\Nuruzzaman\AppData\Local\npm-cache\_npx\7750544ccf494d8b\node_modules\winston-transport\node_modules\readable-stream\lib\_stream_writable.js:390:139)
    at writeOrBuffer (C:\Users\Nuruzzaman\AppData\Local\npm-cache\_npx\7750544ccf494d8b\node_modules\winston-transport\node_modules\readable-stream\lib\_stream_writable.js:381:5)
    at Writable.write (C:\Users\Nuruzzaman\AppData\Local\npm-cache\_npx\7750544ccf494d8b\node_modules\winston-transport\node_modules\readable-stream\lib\_stream_writable.js:302:11)
    at DerivedLogger.ondata (C:\Users\Nuruzzaman\AppData\Local\npm-cache\_npx\7750544ccf494d8b\node_modules\winston\node_modules\readable-stream\lib\_stream_readable.js:629:20)
[error] 
[error] Error: An unexpected error has occurred.
[debug] [2026-06-09T09:11:43.447Z] Error: EPIPE: broken pipe, write
    at Socket._write (node:internal/net:63:18)
    at writeOrBuffer (node:internal/streams/writable:572:12)
    at _write (node:internal/streams/writable:501:10)
    at Writable.write (node:internal/streams/writable:510:10)
    at Console.log (C:\Users\Nuruzzaman\AppData\Local\npm-cache\_npx\7750544ccf494d8b\node_modules\winston\lib\winston\transports\console.js:87:23)
    at Console._write (C:\Users\Nuruzzaman\AppData\Local\npm-cache\_npx\7750544ccf494d8b\node_modules\winston-transport\modern.js:103:17)
    at doWrite (C:\Users\Nuruzzaman\AppData\Local\npm-cache\_npx\7750544ccf494d8b\node_modules\winston-transport\node_modules\readable-stream\lib\_stream_writable.js:390:139)
    at writeOrBuffer (C:\Users\Nuruzzaman\AppData\Local\npm-cache\_npx\7750544ccf494d8b\node_modules\winston-transport\node_modules\readable-stream\lib\_stream_writable.js:381:5)
    at Writable.write (C:\Users\Nuruzzaman\AppData\Local\npm-cache\_npx\7750544ccf494d8b\node_modules\winston-transport\node_modules\readable-stream\lib\_stream_writable.js:302:11)
    at DerivedLogger.ondata (C:\Users\Nuruzzaman\AppData\Local\npm-cache\_npx\7750544ccf494d8b\node_modules\winston\node_modules\readable-stream\lib\_stream_readable.js:629:20)
[error] 
[error] Error: An unexpected error has occurred.
[debug] [2026-06-09T09:11:43.447Z] Error: EPIPE: broken pipe, write
    at Socket._write (node:internal/net:63:18)
    at writeOrBuffer (node:internal/streams/writable:572:12)
    at _write (node:internal/streams/writable:501:10)
    at Writable.write (node:internal/streams/writable:510:10)
    at Console.log (C:\Users\Nuruzzaman\AppData\Local\npm-cache\_npx\7750544ccf494d8b\node_modules\winston\lib\winston\transports\console.js:87:23)
    at Console._write (C:\Users\Nuruzzaman\AppData\Local\npm-cache\_npx\7750544ccf494d8b\node_modules\winston-transport\modern.js:103:17)
    at doWrite (C:\Users\Nuruzzaman\AppData\Local\npm-cache\_npx\7750544ccf494d8b\node_modules\winston-transport\node_modules\readable-stream\lib\_stream_writable.js:390:139)
    at writeOrBuffer (C:\Users\Nuruzzaman\AppData\Local\npm-cache\_npx\7750544ccf494d8b\node_modules\winston-transport\node_modules\readable-stream\lib\_stream_writable.js:381:5)
    at Writable.write (C:\Users\Nuruzzaman\AppData\Local\npm-cache\_npx\7750544ccf494d8b\node_modules\winston-transport\node_modules\readable-stream\lib\_stream_writable.js:302:11)
    at DerivedLogger.ondata (C:\Users\Nuruzzaman\AppData\Local\npm-cache\_npx\7750544ccf494d8b\node_modules\winston\node_modules\readable-stream\lib\_stream_readable.js:629:20)
[error] 
[error] Error: An unexpected error has occurred.
[debug] [2026-06-09T09:11:43.448Z] Error: EPIPE: broken pipe, write
    at Socket._write (node:internal/net:63:18)
    at writeOrBuffer (node:internal/streams/writable:572:12)
    at _write (node:internal/streams/writable:501:10)
    at Writable.write (node:internal/streams/writable:510:10)
    at Console.log (C:\Users\Nuruzzaman\AppData\Local\npm-cache\_npx\7750544ccf494d8b\node_modules\winston\lib\winston\transports\console.js:87:23)
    at Console._write (C:\Users\Nuruzzaman\AppData\Local\npm-cache\_npx\7750544ccf494d8b\node_modules\winston-transport\modern.js:103:17)
    at doWrite (C:\Users\Nuruzzaman\AppData\Local\npm-cache\_npx\7750544ccf494d8b\node_modules\winston-transport\node_modules\readable-stream\lib\_stream_writable.js:390:139)
    at writeOrBuffer (C:\Users\Nuruzzaman\AppData\Local\npm-cache\_npx\7750544ccf494d8b\node_modules\winston-transport\node_modules\readable-stream\lib\_stream_writable.js:381:5)
    at Writable.write (C:\Users\Nuruzzaman\AppData\Local\npm-cache\_npx\7750544ccf494d8b\node_modules\winston-transport\node_modules\readable-stream\lib\_stream_writable.js:302:11)
    at DerivedLogger.ondata (C:\Users\Nuruzzaman\AppData\Local\npm-cache\_npx\7750544ccf494d8b\node_modules\winston\node_modules\readable-stream\lib\_stream_readable.js:629:20)
[error] 
[error] Error: An unexpected error has occurred.
[debug] [2026-06-09T09:11:43.448Z] Error: EPIPE: broken pipe, write
    at Socket._write (node:internal/net:63:18)
    at writeOrBuffer (node:internal/streams/writable:572:12)
    at _write (node:internal/streams/writable:501:10)
    at Writable.write (node:internal/streams/writable:510:10)
    at Console.log (C:\Users\Nuruzzaman\AppData\Local\npm-cache\_npx\7750544ccf494d8b\node_modules\winston\lib\winston\transports\console.js:87:23)
    at Console._write (C:\Users\Nuruzzaman\AppData\Local\npm-cache\_npx\7750544ccf494d8b\node_modules\winston-transport\modern.js:103:17)
    at doWrite (C:\Users\Nuruzzaman\AppData\Local\npm-cache\_npx\7750544ccf494d8b\node_modules\winston-transport\node_modules\readable-stream\lib\_stream_writable.js:390:139)
    at writeOrBuffer (C:\Users\Nuruzzaman\AppData\Local\npm-cache\_npx\7750544ccf494d8b\node_modules\winston-transport\node_modules\readable-stream\lib\_stream_writable.js:381:5)
    at Writable.write (C:\Users\Nuruzzaman\AppData\Local\npm-cache\_npx\7750544ccf494d8b\node_modules\winston-transport\node_modules\readable-stream\lib\_stream_writable.js:302:11)
    at DerivedLogger.ondata (C:\Users\Nuruzzaman\AppData\Local\npm-cache\_npx\7750544ccf494d8b\node_modules\winston\node_modules\readable-stream\lib\_stream_readable.js:629:20)
[error] 
[error] Error: An unexpected error has occurred.
[debug] [2026-06-09T09:11:43.448Z] Error: EPIPE: broken pipe, write
    at Socket._write (node:internal/net:63:18)
    at writeOrBuffer (node:internal/streams/writable:572:12)
    at _write (node:internal/streams/writable:501:10)
    at Writable.write (node:internal/streams/writable:510:10)
    at Console.log (C:\Users\Nuruzzaman\AppData\Local\npm-cache\_npx\7750544ccf494d8b\node_modules\winston\lib\winston\transports\console.js:87:23)
    at Console._write (C:\Users\Nuruzzaman\AppData\Local\npm-cache\_npx\7750544ccf494d8b\node_modules\winston-transport\modern.js:103:17)
    at doWrite (C:\Users\Nuruzzaman\AppData\Local\npm-cache\_npx\7750544ccf494d8b\node_modules\winston-transport\node_modules\readable-stream\lib\_stream_writable.js:390:139)
    at writeOrBuffer (C:\Users\Nuruzzaman\AppData\Local\npm-cache\_npx\7750544ccf494d8b\node_modules\winston-transport\node_modules\readable-stream\lib\_stream_writable.js:381:5)
    at Writable.write (C:\Users\Nuruzzaman\AppData\Local\npm-cache\_npx\7750544ccf494d8b\node_modules\winston-transport\node_modules\readable-stream\lib\_stream_writable.js:302:11)
    at DerivedLogger.ondata (C:\Users\Nuruzzaman\AppData\Local\npm-cache\_npx\7750544ccf494d8b\node_modules\winston\node_modules\readable-stream\lib\_stream_readable.js:629:20)
[error] 
[error] Error: An unexpected error has occurred.
[debug] [2026-06-09T09:11:43.448Z] Error: EPIPE: broken pipe, write
    at Socket._write (node:internal/net:63:18)
    at writeOrBuffer (node:internal/streams/writable:572:12)
    at _write (node:internal/streams/writable:501:10)
    at Writable.write (node:internal/streams/writable:510:10)
    at Console.log (C:\Users\Nuruzzaman\AppData\Local\npm-cache\_npx\7750544ccf494d8b\node_modules\winston\lib\winston\transports\console.js:87:23)
    at Console._write (C:\Users\Nuruzzaman\AppData\Local\npm-cache\_npx\7750544ccf494d8b\node_modules\winston-transport\modern.js:103:17)
    at doWrite (C:\Users\Nuruzzaman\AppData\Local\npm-cache\_npx\7750544ccf494d8b\node_modules\winston-transport\node_modules\readable-stream\lib\_stream_writable.js:390:139)
    at writeOrBuffer (C:\Users\Nuruzzaman\AppData\Local\npm-cache\_npx\7750544ccf494d8b\node_modules\winston-transport\node_modules\readable-stream\lib\_stream_writable.js:381:5)
    at Writable.write (C:\Users\Nuruzzaman\AppData\Local\npm-cache\_npx\7750544ccf494d8b\node_modules\winston-transport\node_modules\readable-stream\lib\_stream_writable.js:302:11)
    at DerivedLogger.ondata (C:\Users\Nuruzzaman\AppData\Local\npm-cache\_npx\7750544ccf494d8b\node_modules\winston\node_modules\readable-stream\lib\_stream_readable.js:629:20)
[error] 
[error] Error: An unexpected error has occurred.
[debug] [2026-06-09T09:11:43.448Z] Error: EPIPE: broken pipe, write
    at Socket._write (node:internal/net:63:18)
    at writeOrBuffer (node:internal/streams/writable:572:12)
    at _write (node:internal/streams/writable:501:10)
    at Writable.write (node:internal/streams/writable:510:10)
    at Console.log (C:\Users\Nuruzzaman\AppData\Local\npm-cache\_npx\7750544ccf494d8b\node_modules\winston\lib\winston\transports\console.js:87:23)
    at Console._write (C:\Users\Nuruzzaman\AppData\Local\npm-cache\_npx\7750544ccf494d8b\node_modules\winston-transport\modern.js:103:17)
    at doWrite (C:\Users\Nuruzzaman\AppData\Local\npm-cache\_npx\7750544ccf494d8b\node_modules\winston-transport\node_modules\readable-stream\lib\_stream_writable.js:390:139)
    at writeOrBuffer (C:\Users\Nuruzzaman\AppData\Local\npm-cache\_npx\7750544ccf494d8b\node_modules\winston-transport\node_modules\readable-stream\lib\_stream_writable.js:381:5)
    at Writable.write (C:\Users\Nuruzzaman\AppData\Local\npm-cache\_npx\7750544ccf494d8b\node_modules\winston-transport\node_modules\readable-stream\lib\_stream_writable.js:302:11)
    at DerivedLogger.ondata (C:\Users\Nuruzzaman\AppData\Local\npm-cache\_npx\7750544ccf494d8b\node_modules\winston\node_modules\readable-stream\lib\_stream_readable.js:629:20)
[error] 
[error] Error: An unexpected error has occurred.
[debug] [2026-06-09T09:11:43.449Z] Error: EPIPE: broken pipe, write
    at Socket._write (node:internal/net:63:18)
    at writeOrBuffer (node:internal/streams/writable:572:12)
    at _write (node:internal/streams/writable:501:10)
    at Writable.write (node:internal/streams/writable:510:10)
    at Console.log (C:\Users\Nuruzzaman\AppData\Local\npm-cache\_npx\7750544ccf494d8b\node_modules\winston\lib\winston\transports\console.js:87:23)
    at Console._write (C:\Users\Nuruzzaman\AppData\Local\npm-cache\_npx\7750544ccf494d8b\node_modules\winston-transport\modern.js:103:17)
    at doWrite (C:\Users\Nuruzzaman\AppData\Local\npm-cache\_npx\7750544ccf494d8b\node_modules\winston-transport\node_modules\readable-stream\lib\_stream_writable.js:390:139)
    at writeOrBuffer (C:\Users\Nuruzzaman\AppData\Local\npm-cache\_npx\7750544ccf494d8b\node_modules\winston-transport\node_modules\readable-stream\lib\_stream_writable.js:381:5)
    at Writable.write (C:\Users\Nuruzzaman\AppData\Local\npm-cache\_npx\7750544ccf494d8b\node_modules\winston-transport\node_modules\readable-stream\lib\_stream_writable.js:302:11)
    at DerivedLogger.ondata (C:\Users\Nuruzzaman\AppData\Local\npm-cache\_npx\7750544ccf494d8b\node_modules\winston\node_modules\readable-stream\lib\_stream_readable.js:629:20)
[error] 
[error] Error: An unexpected error has occurred.
[debug] [2026-06-09T09:11:43.449Z] Error: EPIPE: broken pipe, write
    at Socket._write (node:internal/net:63:18)
    at writeOrBuffer (node:internal/streams/writable:572:12)
    at _write (node:internal/streams/writable:501:10)
    at Writable.write (node:internal/streams/writable:510:10)
    at Console.log (C:\Users\Nuruzzaman\AppData\Local\npm-cache\_npx\7750544ccf494d8b\node_modules\winston\lib\winston\transports\console.js:87:23)
    at Console._write (C:\Users\Nuruzzaman\AppData\Local\npm-cache\_npx\7750544ccf494d8b\node_modules\winston-transport\modern.js:103:17)
    at doWrite (C:\Users\Nuruzzaman\AppData\Local\npm-cache\_npx\7750544ccf494d8b\node_modules\winston-transport\node_modules\readable-stream\lib\_stream_writable.js:390:139)
    at writeOrBuffer (C:\Users\Nuruzzaman\AppData\Local\npm-cache\_npx\7750544ccf494d8b\node_modules\winston-transport\node_modules\readable-stream\lib\_stream_writable.js:381:5)
    at Writable.write (C:\Users\Nuruzzaman\AppData\Local\npm-cache\_npx\7750544ccf494d8b\node_modules\winston-transport\node_modules\readable-stream\lib\_stream_writable.js:302:11)
    at DerivedLogger.ondata (C:\Users\Nuruzzaman\AppData\Local\npm-cache\_npx\7750544ccf494d8b\node_modules\winston\node_modules\readable-stream\lib\_stream_readable.js:629:20)
[error] 
[error] Error: An unexpected error has occurred.
[debug] [2026-06-09T09:11:43.449Z] Error: EPIPE: broken pipe, write
    at Socket._write (node:internal/net:63:18)
    at writeOrBuffer (node:internal/streams/writable:572:12)
    at _write (node:internal/streams/writable:501:10)
    at Writable.write (node:internal/streams/writable:510:10)
    at Console.log (C:\Users\Nuruzzaman\AppData\Local\npm-cache\_npx\7750544ccf494d8b\node_modules\winston\lib\winston\transports\console.js:87:23)
    at Console._write (C:\Users\Nuruzzaman\AppData\Local\npm-cache\_npx\7750544ccf494d8b\node_modules\winston-transport\modern.js:103:17)
    at doWrite (C:\Users\Nuruzzaman\AppData\Local\npm-cache\_npx\7750544ccf494d8b\node_modules\winston-transport\node_modules\readable-stream\lib\_stream_writable.js:390:139)
    at writeOrBuffer (C:\Users\Nuruzzaman\AppData\Local\npm-cache\_npx\7750544ccf494d8b\node_modules\winston-transport\node_modules\readable-stream\lib\_stream_writable.js:381:5)
    at Writable.write (C:\Users\Nuruzzaman\AppData\Local\npm-cache\_npx\7750544ccf494d8b\node_modules\winston-transport\node_modules\readable-stream\lib\_stream_writable.js:302:11)
    at DerivedLogger.ondata (C:\Users\Nuruzzaman\AppData\Local\npm-cache\_npx\7750544ccf494d8b\node_modules\winston\node_modules\readable-stream\lib\_stream_readable.js:629:20)
[error] 
[error] Error: An unexpected error has occurred.
[debug] [2026-06-09T09:11:43.449Z] Error: EPIPE: broken pipe, write
    at Socket._write (node:internal/net:63:18)
    at writeOrBuffer (node:internal/streams/writable:572:12)
    at _write (node:internal/streams/writable:501:10)
    at Writable.write (node:internal/streams/writable:510:10)
    at Console.log (C:\Users\Nuruzzaman\AppData\Local\npm-cache\_npx\7750544ccf494d8b\node_modules\winston\lib\winston\transports\console.js:87:23)
    at Console._write (C:\Users\Nuruzzaman\AppData\Local\npm-cache\_npx\7750544ccf494d8b\node_modules\winston-transport\modern.js:103:17)
    at doWrite (C:\Users\Nuruzzaman\AppData\Local\npm-cache\_npx\7750544ccf494d8b\node_modules\winston-transport\node_modules\readable-stream\lib\_stream_writable.js:390:139)
    at writeOrBuffer (C:\Users\Nuruzzaman\AppData\Local\npm-cache\_npx\7750544ccf494d8b\node_modules\winston-transport\node_modules\readable-stream\lib\_stream_writable.js:381:5)
    at Writable.write (C:\Users\Nuruzzaman\AppData\Local\npm-cache\_npx\7750544ccf494d8b\node_modules\winston-transport\node_modules\readable-stream\lib\_stream_writable.js:302:11)
    at DerivedLogger.ondata (C:\Users\Nuruzzaman\AppData\Local\npm-cache\_npx\7750544ccf494d8b\node_modules\winston\node_modules\readable-stream\lib\_stream_readable.js:629:20)
[error] 
[error] Error: An unexpected error has occurred.
[debug] [2026-06-09T09:11:43.449Z] Error: EPIPE: broken pipe, write
    at Socket._write (node:internal/net:63:18)
    at writeOrBuffer (node:internal/streams/writable:572:12)
    at _write (node:internal/streams/writable:501:10)
    at Writable.write (node:internal/streams/writable:510:10)
    at Console.log (C:\Users\Nuruzzaman\AppData\Local\npm-cache\_npx\7750544ccf494d8b\node_modules\winston\lib\winston\transports\console.js:87:23)
    at Console._write (C:\Users\Nuruzzaman\AppData\Local\npm-cache\_npx\7750544ccf494d8b\node_modules\winston-transport\modern.js:103:17)
    at doWrite (C:\Users\Nuruzzaman\AppData\Local\npm-cache\_npx\7750544ccf494d8b\node_modules\winston-transport\node_modules\readable-stream\lib\_stream_writable.js:390:139)
    at writeOrBuffer (C:\Users\Nuruzzaman\AppData\Local\npm-cache\_npx\7750544ccf494d8b\node_modules\winston-transport\node_modules\readable-stream\lib\_stream_writable.js:381:5)
    at Writable.write (C:\Users\Nuruzzaman\AppData\Local\npm-cache\_npx\7750544ccf494d8b\node_modules\winston-transport\node_modules\readable-stream\lib\_stream_writable.js:302:11)
    at DerivedLogger.ondata (C:\Users\Nuruzzaman\AppData\Local\npm-cache\_npx\7750544ccf494d8b\node_modules\winston\node_modules\readable-stream\lib\_stream_readable.js:629:20)
[error] 
[error] Error: An unexpected error has occurred.
[debug] [2026-06-09T09:11:43.450Z] Error: EPIPE: broken pipe, write
    at Socket._write (node:internal/net:63:18)
    at writeOrBuffer (node:internal/streams/writable:572:12)
    at _write (node:internal/streams/writable:501:10)
    at Writable.write (node:internal/streams/writable:510:10)
    at Console.log (C:\Users\Nuruzzaman\AppData\Local\npm-cache\_npx\7750544ccf494d8b\node_modules\winston\lib\winston\transports\console.js:87:23)
    at Console._write (C:\Users\Nuruzzaman\AppData\Local\npm-cache\_npx\7750544ccf494d8b\node_modules\winston-transport\modern.js:103:17)
    at doWrite (C:\Users\Nuruzzaman\AppData\Local\npm-cache\_npx\7750544ccf494d8b\node_modules\winston-transport\node_modules\readable-stream\lib\_stream_writable.js:390:139)
    at writeOrBuffer (C:\Users\Nuruzzaman\AppData\Local\npm-cache\_npx\7750544ccf494d8b\node_modules\winston-transport\node_modules\readable-stream\lib\_stream_writable.js:381:5)
    at Writable.write (C:\Users\Nuruzzaman\AppData\Local\npm-cache\_npx\7750544ccf494d8b\node_modules\winston-transport\node_modules\readable-stream\lib\_stream_writable.js:302:11)
    at DerivedLogger.ondata (C:\Users\Nuruzzaman\AppData\Local\npm-cache\_npx\7750544ccf494d8b\node_modules\winston\node_modules\readable-stream\lib\_stream_readable.js:629:20)
[error] 
[error] Error: An unexpected error has occurred.
[debug] [2026-06-09T09:11:43.451Z] Error: EPIPE: broken pipe, write
    at Socket._write (node:internal/net:63:18)
    at writeOrBuffer (node:internal/streams/writable:572:12)
    at _write (node:internal/streams/writable:501:10)
    at Writable.write (node:internal/streams/writable:510:10)
    at Console.log (C:\Users\Nuruzzaman\AppData\Local\npm-cache\_npx\7750544ccf494d8b\node_modules\winston\lib\winston\transports\console.js:87:23)
    at Console._write (C:\Users\Nuruzzaman\AppData\Local\npm-cache\_npx\7750544ccf494d8b\node_modules\winston-transport\modern.js:103:17)
    at doWrite (C:\Users\Nuruzzaman\AppData\Local\npm-cache\_npx\7750544ccf494d8b\node_modules\winston-transport\node_modules\readable-stream\lib\_stream_writable.js:390:139)
    at writeOrBuffer (C:\Users\Nuruzzaman\AppData\Local\npm-cache\_npx\7750544ccf494d8b\node_modules\winston-transport\node_modules\readable-stream\lib\_stream_writable.js:381:5)
    at Writable.write (C:\Users\Nuruzzaman\AppData\Local\npm-cache\_npx\7750544ccf494d8b\node_modules\winston-transport\node_modules\readable-stream\lib\_stream_writable.js:302:11)
    at DerivedLogger.ondata (C:\Users\Nuruzzaman\AppData\Local\npm-cache\_npx\7750544ccf494d8b\node_modules\winston\node_modules\readable-stream\lib\_stream_readable.js:629:20)
[error] 
[error] Error: An unexpected error has occurred.
[debug] [2026-06-09T09:11:43.451Z] Error: EPIPE: broken pipe, write
    at Socket._write (node:internal/net:63:18)
    at writeOrBuffer (node:internal/streams/writable:572:12)
    at _write (node:internal/streams/writable:501:10)
    at Writable.write (node:internal/streams/writable:510:10)
    at Console.log (C:\Users\Nuruzzaman\AppData\Local\npm-cache\_npx\7750544ccf494d8b\node_modules\winston\lib\winston\transports\console.js:87:23)
    at Console._write (C:\Users\Nuruzzaman\AppData\Local\npm-cache\_npx\7750544ccf494d8b\node_modules\winston-transport\modern.js:103:17)
    at doWrite (C:\Users\Nuruzzaman\AppData\Local\npm-cache\_npx\7750544ccf494d8b\node_modules\winston-transport\node_modules\readable-stream\lib\_stream_writable.js:390:139)
    at writeOrBuffer (C:\Users\Nuruzzaman\AppData\Local\npm-cache\_npx\7750544ccf494d8b\node_modules\winston-transport\node_modules\readable-stream\lib\_stream_writable.js:381:5)
    at Writable.write (C:\Users\Nuruzzaman\AppData\Local\npm-cache\_npx\7750544ccf494d8b\node_modules\winston-transport\node_modules\readable-stream\lib\_stream_writable.js:302:11)
    at DerivedLogger.ondata (C:\Users\Nuruzzaman\AppData\Local\npm-cache\_npx\7750544ccf494d8b\node_modules\winston\node_modules\readable-stream\lib\_stream_readable.js:629:20)
[error] 
[error] Error: An unexpected error has occurred.
[debug] [2026-06-09T09:11:43.451Z] Error: EPIPE: broken pipe, write
    at Socket._write (node:internal/net:63:18)
    at writeOrBuffer (node:internal/streams/writable:572:12)
    at _write (node:internal/streams/writable:501:10)
    at Writable.write (node:internal/streams/writable:510:10)
    at Console.log (C:\Users\Nuruzzaman\AppData\Local\npm-cache\_npx\7750544ccf494d8b\node_modules\winston\lib\winston\transports\console.js:87:23)
    at Console._write (C:\Users\Nuruzzaman\AppData\Local\npm-cache\_npx\7750544ccf494d8b\node_modules\winston-transport\modern.js:103:17)
    at doWrite (C:\Users\Nuruzzaman\AppData\Local\npm-cache\_npx\7750544ccf494d8b\node_modules\winston-transport\node_modules\readable-stream\lib\_stream_writable.js:390:139)
    at writeOrBuffer (C:\Users\Nuruzzaman\AppData\Local\npm-cache\_npx\7750544ccf494d8b\node_modules\winston-transport\node_modules\readable-stream\lib\_stream_writable.js:381:5)
    at Writable.write (C:\Users\Nuruzzaman\AppData\Local\npm-cache\_npx\7750544ccf494d8b\node_modules\winston-transport\node_modules\readable-stream\lib\_stream_writable.js:302:11)
    at DerivedLogger.ondata (C:\Users\Nuruzzaman\AppData\Local\npm-cache\_npx\7750544ccf494d8b\node_modules\winston\node_modules\readable-stream\lib\_stream_readable.js:629:20)
[error] 
[error] Error: An unexpected error has occurred.
[debug] [2026-06-09T09:11:43.451Z] Error: EPIPE: broken pipe, write
    at Socket._write (node:internal/net:63:18)
    at writeOrBuffer (node:internal/streams/writable:572:12)
    at _write (node:internal/streams/writable:501:10)
    at Writable.write (node:internal/streams/writable:510:10)
    at Console.log (C:\Users\Nuruzzaman\AppData\Local\npm-cache\_npx\7750544ccf494d8b\node_modules\winston\lib\winston\transports\console.js:87:23)
    at Console._write (C:\Users\Nuruzzaman\AppData\Local\npm-cache\_npx\7750544ccf494d8b\node_modules\winston-transport\modern.js:103:17)
    at doWrite (C:\Users\Nuruzzaman\AppData\Local\npm-cache\_npx\7750544ccf494d8b\node_modules\winston-transport\node_modules\readable-stream\lib\_stream_writable.js:390:139)
    at writeOrBuffer (C:\Users\Nuruzzaman\AppData\Local\npm-cache\_npx\7750544ccf494d8b\node_modules\winston-transport\node_modules\readable-stream\lib\_stream_writable.js:381:5)
    at Writable.write (C:\Users\Nuruzzaman\AppData\Local\npm-cache\_npx\7750544ccf494d8b\node_modules\winston-transport\node_modules\readable-stream\lib\_stream_writable.js:302:11)
    at DerivedLogger.ondata (C:\Users\Nuruzzaman\AppData\Local\npm-cache\_npx\7750544ccf494d8b\node_modules\winston\node_modules\readable-stream\lib\_stream_readable.js:629:20)
[error] 
[error] Error: An unexpected error has occurred.
[debug] [2026-06-09T09:11:43.451Z] Error: EPIPE: broken pipe, write
    at Socket._write (node:internal/net:63:18)
    at writeOrBuffer (node:internal/streams/writable:572:12)
    at _write (node:internal/streams/writable:501:10)
    at Writable.write (node:internal/streams/writable:510:10)
    at Console.log (C:\Users\Nuruzzaman\AppData\Local\npm-cache\_npx\7750544ccf494d8b\node_modules\winston\lib\winston\transports\console.js:87:23)
    at Console._write (C:\Users\Nuruzzaman\AppData\Local\npm-cache\_npx\7750544ccf494d8b\node_modules\winston-transport\modern.js:103:17)
    at doWrite (C:\Users\Nuruzzaman\AppData\Local\npm-cache\_npx\7750544ccf494d8b\node_modules\winston-transport\node_modules\readable-stream\lib\_stream_writable.js:390:139)
    at writeOrBuffer (C:\Users\Nuruzzaman\AppData\Local\npm-cache\_npx\7750544ccf494d8b\node_modules\winston-transport\node_modules\readable-stream\lib\_stream_writable.js:381:5)
    at Writable.write (C:\Users\Nuruzzaman\AppData\Local\npm-cache\_npx\7750544ccf494d8b\node_modules\winston-transport\node_modules\readable-stream\lib\_stream_writable.js:302:11)
    at DerivedLogger.ondata (C:\Users\Nuruzzaman\AppData\Local\npm-cache\_npx\7750544ccf494d8b\node_modules\winston\node_modules\readable-stream\lib\_stream_readable.js:629:20)
[error] 
[error] Error: An unexpected error has occurred.
[debug] [2026-06-09T09:11:43.452Z] Error: EPIPE: broken pipe, write
    at Socket._write (node:internal/net:63:18)
    at writeOrBuffer (node:internal/streams/writable:572:12)
    at _write (node:internal/streams/writable:501:10)
    at Writable.write (node:internal/streams/writable:510:10)
    at Console.log (C:\Users\Nuruzzaman\AppData\Local\npm-cache\_npx\7750544ccf494d8b\node_modules\winston\lib\winston\transports\console.js:87:23)
    at Console._write (C:\Users\Nuruzzaman\AppData\Local\npm-cache\_npx\7750544ccf494d8b\node_modules\winston-transport\modern.js:103:17)
    at doWrite (C:\Users\Nuruzzaman\AppData\Local\npm-cache\_npx\7750544ccf494d8b\node_modules\winston-transport\node_modules\readable-stream\lib\_stream_writable.js:390:139)
    at writeOrBuffer (C:\Users\Nuruzzaman\AppData\Local\npm-cache\_npx\7750544ccf494d8b\node_modules\winston-transport\node_modules\readable-stream\lib\_stream_writable.js:381:5)
    at Writable.write (C:\Users\Nuruzzaman\AppData\Local\npm-cache\_npx\7750544ccf494d8b\node_modules\winston-transport\node_modules\readable-stream\lib\_stream_writable.js:302:11)
    at DerivedLogger.ondata (C:\Users\Nuruzzaman\AppData\Local\npm-cache\_npx\7750544ccf494d8b\node_modules\winston\node_modules\readable-stream\lib\_stream_readable.js:629:20)
[error] 
[error] Error: An unexpected error has occurred.
[debug] [2026-06-09T09:11:43.452Z] Error: EPIPE: broken pipe, write
    at Socket._write (node:internal/net:63:18)
    at writeOrBuffer (node:internal/streams/writable:572:12)
    at _write (node:internal/streams/writable:501:10)
    at Writable.write (node:internal/streams/writable:510:10)
    at Console.log (C:\Users\Nuruzzaman\AppData\Local\npm-cache\_npx\7750544ccf494d8b\node_modules\winston\lib\winston\transports\console.js:87:23)
    at Console._write (C:\Users\Nuruzzaman\AppData\Local\npm-cache\_npx\7750544ccf494d8b\node_modules\winston-transport\modern.js:103:17)
    at doWrite (C:\Users\Nuruzzaman\AppData\Local\npm-cache\_npx\7750544ccf494d8b\node_modules\winston-transport\node_modules\readable-stream\lib\_stream_writable.js:390:139)
    at writeOrBuffer (C:\Users\Nuruzzaman\AppData\Local\npm-cache\_npx\7750544ccf494d8b\node_modules\winston-transport\node_modules\readable-stream\lib\_stream_writable.js:381:5)
    at Writable.write (C:\Users\Nuruzzaman\AppData\Local\npm-cache\_npx\7750544ccf494d8b\node_modules\winston-transport\node_modules\readable-stream\lib\_stream_writable.js:302:11)
    at DerivedLogger.ondata (C:\Users\Nuruzzaman\AppData\Local\npm-cache\_npx\7750544ccf494d8b\node_modules\winston\node_modules\readable-stream\lib\_stream_readable.js:629:20)
[error] 
[error] Error: An unexpected error has occurred.
[debug] [2026-06-09T09:11:43.452Z] Error: EPIPE: broken pipe, write
    at Socket._write (node:internal/net:63:18)
    at writeOrBuffer (node:internal/streams/writable:572:12)
    at _write (node:internal/streams/writable:501:10)
    at Writable.write (node:internal/streams/writable:510:10)
    at Console.log (C:\Users\Nuruzzaman\AppData\Local\npm-cache\_npx\7750544ccf494d8b\node_modules\winston\lib\winston\transports\console.js:87:23)
    at Console._write (C:\Users\Nuruzzaman\AppData\Local\npm-cache\_npx\7750544ccf494d8b\node_modules\winston-transport\modern.js:103:17)
    at doWrite (C:\Users\Nuruzzaman\AppData\Local\npm-cache\_npx\7750544ccf494d8b\node_modules\winston-transport\node_modules\readable-stream\lib\_stream_writable.js:390:139)
    at writeOrBuffer (C:\Users\Nuruzzaman\AppData\Local\npm-cache\_npx\7750544ccf494d8b\node_modules\winston-transport\node_modules\readable-stream\lib\_stream_writable.js:381:5)
    at Writable.write (C:\Users\Nuruzzaman\AppData\Local\npm-cache\_npx\7750544ccf494d8b\node_modules\winston-transport\node_modules\readable-stream\lib\_stream_writable.js:302:11)
    at DerivedLogger.ondata (C:\Users\Nuruzzaman\AppData\Local\npm-cache\_npx\7750544ccf494d8b\node_modules\winston\node_modules\readable-stream\lib\_stream_readable.js:629:20)
[error] 
[error] Error: An unexpected error has occurred.
[debug] [2026-06-09T09:11:43.452Z] Error: EPIPE: broken pipe, write
    at Socket._write (node:internal/net:63:18)
    at writeOrBuffer (node:internal/streams/writable:572:12)
    at _write (node:internal/streams/writable:501:10)
    at Writable.write (node:internal/streams/writable:510:10)
    at Console.log (C:\Users\Nuruzzaman\AppData\Local\npm-cache\_npx\7750544ccf494d8b\node_modules\winston\lib\winston\transports\console.js:87:23)
    at Console._write (C:\Users\Nuruzzaman\AppData\Local\npm-cache\_npx\7750544ccf494d8b\node_modules\winston-transport\modern.js:103:17)
    at doWrite (C:\Users\Nuruzzaman\AppData\Local\npm-cache\_npx\7750544ccf494d8b\node_modules\winston-transport\node_modules\readable-stream\lib\_stream_writable.js:390:139)
    at writeOrBuffer (C:\Users\Nuruzzaman\AppData\Local\npm-cache\_npx\7750544ccf494d8b\node_modules\winston-transport\node_modules\readable-stream\lib\_stream_writable.js:381:5)
    at Writable.write (C:\Users\Nuruzzaman\AppData\Local\npm-cache\_npx\7750544ccf494d8b\node_modules\winston-transport\node_modules\readable-stream\lib\_stream_writable.js:302:11)
    at DerivedLogger.ondata (C:\Users\Nuruzzaman\AppData\Local\npm-cache\_npx\7750544ccf494d8b\node_modules\winston\node_modules\readable-stream\lib\_stream_readable.js:629:20)
[error] 
[error] Error: An unexpected error has occurred.
[debug] [2026-06-09T09:11:43.453Z] Error: EPIPE: broken pipe, write
    at Socket._write (node:internal/net:63:18)
    at writeOrBuffer (node:internal/streams/writable:572:12)
    at _write (node:internal/streams/writable:501:10)
    at Writable.write (node:internal/streams/writable:510:10)
    at Console.log (C:\Users\Nuruzzaman\AppData\Local\npm-cache\_npx\7750544ccf494d8b\node_modules\winston\lib\winston\transports\console.js:87:23)
    at Console._write (C:\Users\Nuruzzaman\AppData\Local\npm-cache\_npx\7750544ccf494d8b\node_modules\winston-transport\modern.js:103:17)
    at doWrite (C:\Users\Nuruzzaman\AppData\Local\npm-cache\_npx\7750544ccf494d8b\node_modules\winston-transport\node_modules\readable-stream\lib\_stream_writable.js:390:139)
    at writeOrBuffer (C:\Users\Nuruzzaman\AppData\Local\npm-cache\_npx\7750544ccf494d8b\node_modules\winston-transport\node_modules\readable-stream\lib\_stream_writable.js:381:5)
    at Writable.write (C:\Users\Nuruzzaman\AppData\Local\npm-cache\_npx\7750544ccf494d8b\node_modules\winston-transport\node_modules\readable-stream\lib\_stream_writable.js:302:11)
    at DerivedLogger.ondata (C:\Users\Nuruzzaman\AppData\Local\npm-cache\_npx\7750544ccf494d8b\node_modules\winston\node_modules\readable-stream\lib\_stream_readable.js:629:20)
[error] 
[error] Error: An unexpected error has occurred.
[debug] [2026-06-09T09:11:43.453Z] Error: EPIPE: broken pipe, write
    at Socket._write (node:internal/net:63:18)
    at writeOrBuffer (node:internal/streams/writable:572:12)
    at _write (node:internal/streams/writable:501:10)
    at Writable.write (node:internal/streams/writable:510:10)
    at Console.log (C:\Users\Nuruzzaman\AppData\Local\npm-cache\_npx\7750544ccf494d8b\node_modules\winston\lib\winston\transports\console.js:87:23)
    at Console._write (C:\Users\Nuruzzaman\AppData\Local\npm-cache\_npx\7750544ccf494d8b\node_modules\winston-transport\modern.js:103:17)
    at doWrite (C:\Users\Nuruzzaman\AppData\Local\npm-cache\_npx\7750544ccf494d8b\node_modules\winston-transport\node_modules\readable-stream\lib\_stream_writable.js:390:139)
    at writeOrBuffer (C:\Users\Nuruzzaman\AppData\Local\npm-cache\_npx\7750544ccf494d8b\node_modules\winston-transport\node_modules\readable-stream\lib\_stream_writable.js:381:5)
    at Writable.write (C:\Users\Nuruzzaman\AppData\Local\npm-cache\_npx\7750544ccf494d8b\node_modules\winston-transport\node_modules\readable-stream\lib\_stream_writable.js:302:11)
    at DerivedLogger.ondata (C:\Users\Nuruzzaman\AppData\Local\npm-cache\_npx\7750544ccf494d8b\node_modules\winston\node_modules\readable-stream\lib\_stream_readable.js:629:20)
[error] 
[error] Error: An unexpected error has occurred.
[debug] [2026-06-09T09:11:43.453Z] Error: EPIPE: broken pipe, write
    at Socket._write (node:internal/net:63:18)
    at writeOrBuffer (node:internal/streams/writable:572:12)
    at _write (node:internal/streams/writable:501:10)
    at Writable.write (node:internal/streams/writable:510:10)
    at Console.log (C:\Users\Nuruzzaman\AppData\Local\npm-cache\_npx\7750544ccf494d8b\node_modules\winston\lib\winston\transports\console.js:87:23)
    at Console._write (C:\Users\Nuruzzaman\AppData\Local\npm-cache\_npx\7750544ccf494d8b\node_modules\winston-transport\modern.js:103:17)
    at doWrite (C:\Users\Nuruzzaman\AppData\Local\npm-cache\_npx\7750544ccf494d8b\node_modules\winston-transport\node_modules\readable-stream\lib\_stream_writable.js:390:139)
    at writeOrBuffer (C:\Users\Nuruzzaman\AppData\Local\npm-cache\_npx\7750544ccf494d8b\node_modules\winston-transport\node_modules\readable-stream\lib\_stream_writable.js:381:5)
    at Writable.write (C:\Users\Nuruzzaman\AppData\Local\npm-cache\_npx\7750544ccf494d8b\node_modules\winston-transport\node_modules\readable-stream\lib\_stream_writable.js:302:11)
    at DerivedLogger.ondata (C:\Users\Nuruzzaman\AppData\Local\npm-cache\_npx\7750544ccf494d8b\node_modules\winston\node_modules\readable-stream\lib\_stream_readable.js:629:20)
[error] 
[error] Error: An unexpected error has occurred.
[debug] [2026-06-09T09:11:43.453Z] Error: EPIPE: broken pipe, write
    at Socket._write (node:internal/net:63:18)
    at writeOrBuffer (node:internal/streams/writable:572:12)
    at _write (node:internal/streams/writable:501:10)
    at Writable.write (node:internal/streams/writable:510:10)
    at Console.log (C:\Users\Nuruzzaman\AppData\Local\npm-cache\_npx\7750544ccf494d8b\node_modules\winston\lib\winston\transports\console.js:87:23)
    at Console._write (C:\Users\Nuruzzaman\AppData\Local\npm-cache\_npx\7750544ccf494d8b\node_modules\winston-transport\modern.js:103:17)
    at doWrite (C:\Users\Nuruzzaman\AppData\Local\npm-cache\_npx\7750544ccf494d8b\node_modules\winston-transport\node_modules\readable-stream\lib\_stream_writable.js:390:139)
    at writeOrBuffer (C:\Users\Nuruzzaman\AppData\Local\npm-cache\_npx\7750544ccf494d8b\node_modules\winston-transport\node_modules\readable-stream\lib\_stream_writable.js:381:5)
    at Writable.write (C:\Users\Nuruzzaman\AppData\Local\npm-cache\_npx\7750544ccf494d8b\node_modules\winston-transport\node_modules\readable-stream\lib\_stream_writable.js:302:11)
    at DerivedLogger.ondata (C:\Users\Nuruzzaman\AppData\Local\npm-cache\_npx\7750544ccf494d8b\node_modules\winston\node_modules\readable-stream\lib\_stream_readable.js:629:20)
[error] 
[error] Error: An unexpected error has occurred.
[debug] [2026-06-09T09:11:43.454Z] Error: EPIPE: broken pipe, write
    at Socket._write (node:internal/net:63:18)
    at writeOrBuffer (node:internal/streams/writable:572:12)
    at _write (node:internal/streams/writable:501:10)
    at Writable.write (node:internal/streams/writable:510:10)
    at Console.log (C:\Users\Nuruzzaman\AppData\Local\npm-cache\_npx\7750544ccf494d8b\node_modules\winston\lib\winston\transports\console.js:87:23)
    at Console._write (C:\Users\Nuruzzaman\AppData\Local\npm-cache\_npx\7750544ccf494d8b\node_modules\winston-transport\modern.js:103:17)
    at doWrite (C:\Users\Nuruzzaman\AppData\Local\npm-cache\_npx\7750544ccf494d8b\node_modules\winston-transport\node_modules\readable-stream\lib\_stream_writable.js:390:139)
    at writeOrBuffer (C:\Users\Nuruzzaman\AppData\Local\npm-cache\_npx\7750544ccf494d8b\node_modules\winston-transport\node_modules\readable-stream\lib\_stream_writable.js:381:5)
    at Writable.write (C:\Users\Nuruzzaman\AppData\Local\npm-cache\_npx\7750544ccf494d8b\node_modules\winston-transport\node_modules\readable-stream\lib\_stream_writable.js:302:11)
    at DerivedLogger.ondata (C:\Users\Nuruzzaman\AppData\Local\npm-cache\_npx\7750544ccf494d8b\node_modules\winston\node_modules\readable-stream\lib\_stream_readable.js:629:20)
[error] 
[error] Error: An unexpected error has occurred.
[debug] [2026-06-09T09:11:43.455Z] Error: EPIPE: broken pipe, write
    at Socket._write (node:internal/net:63:18)
    at writeOrBuffer (node:internal/streams/writable:572:12)
    at _write (node:internal/streams/writable:501:10)
    at Writable.write (node:internal/streams/writable:510:10)
    at Console.log (C:\Users\Nuruzzaman\AppData\Local\npm-cache\_npx\7750544ccf494d8b\node_modules\winston\lib\winston\transports\console.js:87:23)
    at Console._write (C:\Users\Nuruzzaman\AppData\Local\npm-cache\_npx\7750544ccf494d8b\node_modules\winston-transport\modern.js:103:17)
    at doWrite (C:\Users\Nuruzzaman\AppData\Local\npm-cache\_npx\7750544ccf494d8b\node_modules\winston-transport\node_modules\readable-stream\lib\_stream_writable.js:390:139)
    at writeOrBuffer (C:\Users\Nuruzzaman\AppData\Local\npm-cache\_npx\7750544ccf494d8b\node_modules\winston-transport\node_modules\readable-stream\lib\_stream_writable.js:381:5)
    at Writable.write (C:\Users\Nuruzzaman\AppData\Local\npm-cache\_npx\7750544ccf494d8b\node_modules\winston-transport\node_modules\readable-stream\lib\_stream_writable.js:302:11)
    at DerivedLogger.ondata (C:\Users\Nuruzzaman\AppData\Local\npm-cache\_npx\7750544ccf494d8b\node_modules\winston\node_modules\readable-stream\lib\_stream_readable.js:629:20)
[error] 
[error] Error: An unexpected error has occurred.
[debug] [2026-06-09T09:11:43.455Z] Error: EPIPE: broken pipe, write
    at Socket._write (node:internal/net:63:18)
    at writeOrBuffer (node:internal/streams/writable:572:12)
    at _write (node:internal/streams/writable:501:10)
    at Writable.write (node:internal/streams/writable:510:10)
    at Console.log (C:\Users\Nuruzzaman\AppData\Local\npm-cache\_npx\7750544ccf494d8b\node_modules\winston\lib\winston\transports\console.js:87:23)
    at Console._write (C:\Users\Nuruzzaman\AppData\Local\npm-cache\_npx\7750544ccf494d8b\node_modules\winston-transport\modern.js:103:17)
    at doWrite (C:\Users\Nuruzzaman\AppData\Local\npm-cache\_npx\7750544ccf494d8b\node_modules\winston-transport\node_modules\readable-stream\lib\_stream_writable.js:390:139)
    at writeOrBuffer (C:\Users\Nuruzzaman\AppData\Local\npm-cache\_npx\7750544ccf494d8b\node_modules\winston-transport\node_modules\readable-stream\lib\_stream_writable.js:381:5)
    at Writable.write (C:\Users\Nuruzzaman\AppData\Local\npm-cache\_npx\7750544ccf494d8b\node_modules\winston-transport\node_modules\readable-stream\lib\_stream_writable.js:302:11)
    at DerivedLogger.ondata (C:\Users\Nuruzzaman\AppData\Local\npm-cache\_npx\7750544ccf494d8b\node_modules\winston\node_modules\readable-stream\lib\_stream_readable.js:629:20)
[error] 
[error] Error: An unexpected error has occurred.
[debug] [2026-06-09T09:11:43.455Z] Error: EPIPE: broken pipe, write
    at Socket._write (node:internal/net:63:18)
    at writeOrBuffer (node:internal/streams/writable:572:12)
    at _write (node:internal/streams/writable:501:10)
    at Writable.write (node:internal/streams/writable:510:10)
    at Console.log (C:\Users\Nuruzzaman\AppData\Local\npm-cache\_npx\7750544ccf494d8b\node_modules\winston\lib\winston\transports\console.js:87:23)
    at Console._write (C:\Users\Nuruzzaman\AppData\Local\npm-cache\_npx\7750544ccf494d8b\node_modules\winston-transport\modern.js:103:17)
    at doWrite (C:\Users\Nuruzzaman\AppData\Local\npm-cache\_npx\7750544ccf494d8b\node_modules\winston-transport\node_modules\readable-stream\lib\_stream_writable.js:390:139)
    at writeOrBuffer (C:\Users\Nuruzzaman\AppData\Local\npm-cache\_npx\7750544ccf494d8b\node_modules\winston-transport\node_modules\readable-stream\lib\_stream_writable.js:381:5)
    at Writable.write (C:\Users\Nuruzzaman\AppData\Local\npm-cache\_npx\7750544ccf494d8b\node_modules\winston-transport\node_modules\readable-stream\lib\_stream_writable.js:302:11)
    at DerivedLogger.ondata (C:\Users\Nuruzzaman\AppData\Local\npm-cache\_npx\7750544ccf494d8b\node_modules\winston\node_modules\readable-stream\lib\_stream_readable.js:629:20)
[error] 
[error] Error: An unexpected error has occurred.
[debug] [2026-06-09T09:11:43.455Z] Error: EPIPE: broken pipe, write
    at Socket._write (node:internal/net:63:18)
    at writeOrBuffer (node:internal/streams/writable:572:12)
    at _write (node:internal/streams/writable:501:10)
    at Writable.write (node:internal/streams/writable:510:10)
    at Console.log (C:\Users\Nuruzzaman\AppData\Local\npm-cache\_npx\7750544ccf494d8b\node_modules\winston\lib\winston\transports\console.js:87:23)
    at Console._write (C:\Users\Nuruzzaman\AppData\Local\npm-cache\_npx\7750544ccf494d8b\node_modules\winston-transport\modern.js:103:17)
    at doWrite (C:\Users\Nuruzzaman\AppData\Local\npm-cache\_npx\7750544ccf494d8b\node_modules\winston-transport\node_modules\readable-stream\lib\_stream_writable.js:390:139)
    at writeOrBuffer (C:\Users\Nuruzzaman\AppData\Local\npm-cache\_npx\7750544ccf494d8b\node_modules\winston-transport\node_modules\readable-stream\lib\_stream_writable.js:381:5)
    at Writable.write (C:\Users\Nuruzzaman\AppData\Local\npm-cache\_npx\7750544ccf494d8b\node_modules\winston-transport\node_modules\readable-stream\lib\_stream_writable.js:302:11)
    at DerivedLogger.ondata (C:\Users\Nuruzzaman\AppData\Local\npm-cache\_npx\7750544ccf494d8b\node_modules\winston\node_modules\readable-stream\lib\_stream_readable.js:629:20)
[error] 
[error] Error: An unexpected error has occurred.
[debug] [2026-06-09T09:11:43.456Z] Error: EPIPE: broken pipe, write
    at Socket._write (node:internal/net:63:18)
    at writeOrBuffer (node:internal/streams/writable:572:12)
    at _write (node:internal/streams/writable:501:10)
    at Writable.write (node:internal/streams/writable:510:10)
    at Console.log (C:\Users\Nuruzzaman\AppData\Local\npm-cache\_npx\7750544ccf494d8b\node_modules\winston\lib\winston\transports\console.js:87:23)
    at Console._write (C:\Users\Nuruzzaman\AppData\Local\npm-cache\_npx\7750544ccf494d8b\node_modules\winston-transport\modern.js:103:17)
    at doWrite (C:\Users\Nuruzzaman\AppData\Local\npm-cache\_npx\7750544ccf494d8b\node_modules\winston-transport\node_modules\readable-stream\lib\_stream_writable.js:390:139)
    at writeOrBuffer (C:\Users\Nuruzzaman\AppData\Local\npm-cache\_npx\7750544ccf494d8b\node_modules\winston-transport\node_modules\readable-stream\lib\_stream_writable.js:381:5)
    at Writable.write (C:\Users\Nuruzzaman\AppData\Local\npm-cache\_npx\7750544ccf494d8b\node_modules\winston-transport\node_modules\readable-stream\lib\_stream_writable.js:302:11)
    at DerivedLogger.ondata (C:\Users\Nuruzzaman\AppData\Local\npm-cache\_npx\7750544ccf494d8b\node_modules\winston\node_modules\readable-stream\lib\_stream_readable.js:629:20)
[error] 
[error] Error: An unexpected error has occurred.
[debug] [2026-06-09T09:11:43.456Z] Error: EPIPE: broken pipe, write
    at Socket._write (node:internal/net:63:18)
    at writeOrBuffer (node:internal/streams/writable:572:12)
    at _write (node:internal/streams/writable:501:10)
    at Writable.write (node:internal/streams/writable:510:10)
    at Console.log (C:\Users\Nuruzzaman\AppData\Local\npm-cache\_npx\7750544ccf494d8b\node_modules\winston\lib\winston\transports\console.js:87:23)
    at Console._write (C:\Users\Nuruzzaman\AppData\Local\npm-cache\_npx\7750544ccf494d8b\node_modules\winston-transport\modern.js:103:17)
    at doWrite (C:\Users\Nuruzzaman\AppData\Local\npm-cache\_npx\7750544ccf494d8b\node_modules\winston-transport\node_modules\readable-stream\lib\_stream_writable.js:390:139)
    at writeOrBuffer (C:\Users\Nuruzzaman\AppData\Local\npm-cache\_npx\7750544ccf494d8b\node_modules\winston-transport\node_modules\readable-stream\lib\_stream_writable.js:381:5)
    at Writable.write (C:\Users\Nuruzzaman\AppData\Local\npm-cache\_npx\7750544ccf494d8b\node_modules\winston-transport\node_modules\readable-stream\lib\_stream_writable.js:302:11)
    at DerivedLogger.ondata (C:\Users\Nuruzzaman\AppData\Local\npm-cache\_npx\7750544ccf494d8b\node_modules\winston\node_modules\readable-stream\lib\_stream_readable.js:629:20)
[error] 
[error] Error: An unexpected error has occurred.
[debug] [2026-06-09T09:11:43.456Z] Error: EPIPE: broken pipe, write
    at Socket._write (node:internal/net:63:18)
    at writeOrBuffer (node:internal/streams/writable:572:12)
    at _write (node:internal/streams/writable:501:10)
    at Writable.write (node:internal/streams/writable:510:10)
    at Console.log (C:\Users\Nuruzzaman\AppData\Local\npm-cache\_npx\7750544ccf494d8b\node_modules\winston\lib\winston\transports\console.js:87:23)
    at Console._write (C:\Users\Nuruzzaman\AppData\Local\npm-cache\_npx\7750544ccf494d8b\node_modules\winston-transport\modern.js:103:17)
    at doWrite (C:\Users\Nuruzzaman\AppData\Local\npm-cache\_npx\7750544ccf494d8b\node_modules\winston-transport\node_modules\readable-stream\lib\_stream_writable.js:390:139)
    at writeOrBuffer (C:\Users\Nuruzzaman\AppData\Local\npm-cache\_npx\7750544ccf494d8b\node_modules\winston-transport\node_modules\readable-stream\lib\_stream_writable.js:381:5)
    at Writable.write (C:\Users\Nuruzzaman\AppData\Local\npm-cache\_npx\7750544ccf494d8b\node_modules\winston-transport\node_modules\readable-stream\lib\_stream_writable.js:302:11)
    at DerivedLogger.ondata (C:\Users\Nuruzzaman\AppData\Local\npm-cache\_npx\7750544ccf494d8b\node_modules\winston\node_modules\readable-stream\lib\_stream_readable.js:629:20)
[error] 
[error] Error: An unexpected error has occurred.
[debug] [2026-06-09T09:11:43.456Z] Error: EPIPE: broken pipe, write
    at Socket._write (node:internal/net:63:18)
    at writeOrBuffer (node:internal/streams/writable:572:12)
    at _write (node:internal/streams/writable:501:10)
    at Writable.write (node:internal/streams/writable:510:10)
    at Console.log (C:\Users\Nuruzzaman\AppData\Local\npm-cache\_npx\7750544ccf494d8b\node_modules\winston\lib\winston\transports\console.js:87:23)
    at Console._write (C:\Users\Nuruzzaman\AppData\Local\npm-cache\_npx\7750544ccf494d8b\node_modules\winston-transport\modern.js:103:17)
    at doWrite (C:\Users\Nuruzzaman\AppData\Local\npm-cache\_npx\7750544ccf494d8b\node_modules\winston-transport\node_modules\readable-stream\lib\_stream_writable.js:390:139)
    at writeOrBuffer (C:\Users\Nuruzzaman\AppData\Local\npm-cache\_npx\7750544ccf494d8b\node_modules\winston-transport\node_modules\readable-stream\lib\_stream_writable.js:381:5)
    at Writable.write (C:\Users\Nuruzzaman\AppData\Local\npm-cache\_npx\7750544ccf494d8b\node_modules\winston-transport\node_modules\readable-stream\lib\_stream_writable.js:302:11)
    at DerivedLogger.ondata (C:\Users\Nuruzzaman\AppData\Local\npm-cache\_npx\7750544ccf494d8b\node_modules\winston\node_modules\readable-stream\lib\_stream_readable.js:629:20)
[error] 
[error] Error: An unexpected error has occurred.
[debug] [2026-06-09T09:11:43.456Z] Error: EPIPE: broken pipe, write
    at Socket._write (node:internal/net:63:18)
    at writeOrBuffer (node:internal/streams/writable:572:12)
    at _write (node:internal/streams/writable:501:10)
    at Writable.write (node:internal/streams/writable:510:10)
    at Console.log (C:\Users\Nuruzzaman\AppData\Local\npm-cache\_npx\7750544ccf494d8b\node_modules\winston\lib\winston\transports\console.js:87:23)
    at Console._write (C:\Users\Nuruzzaman\AppData\Local\npm-cache\_npx\7750544ccf494d8b\node_modules\winston-transport\modern.js:103:17)
    at doWrite (C:\Users\Nuruzzaman\AppData\Local\npm-cache\_npx\7750544ccf494d8b\node_modules\winston-transport\node_modules\readable-stream\lib\_stream_writable.js:390:139)
    at writeOrBuffer (C:\Users\Nuruzzaman\AppData\Local\npm-cache\_npx\7750544ccf494d8b\node_modules\winston-transport\node_modules\readable-stream\lib\_stream_writable.js:381:5)
    at Writable.write (C:\Users\Nuruzzaman\AppData\Local\npm-cache\_npx\7750544ccf494d8b\node_modules\winston-transport\node_modules\readable-stream\lib\_stream_writable.js:302:11)
    at DerivedLogger.ondata (C:\Users\Nuruzzaman\AppData\Local\npm-cache\_npx\7750544ccf494d8b\node_modules\winston\node_modules\readable-stream\lib\_stream_readable.js:629:20)
[error] 
[error] Error: An unexpected error has occurred.
[debug] [2026-06-09T09:11:43.457Z] Error: EPIPE: broken pipe, write
    at Socket._write (node:internal/net:63:18)
    at writeOrBuffer (node:internal/streams/writable:572:12)
    at _write (node:internal/streams/writable:501:10)
    at Writable.write (node:internal/streams/writable:510:10)
    at Console.log (C:\Users\Nuruzzaman\AppData\Local\npm-cache\_npx\7750544ccf494d8b\node_modules\winston\lib\winston\transports\console.js:87:23)
    at Console._write (C:\Users\Nuruzzaman\AppData\Local\npm-cache\_npx\7750544ccf494d8b\node_modules\winston-transport\modern.js:103:17)
    at doWrite (C:\Users\Nuruzzaman\AppData\Local\npm-cache\_npx\7750544ccf494d8b\node_modules\winston-transport\node_modules\readable-stream\lib\_stream_writable.js:390:139)
    at writeOrBuffer (C:\Users\Nuruzzaman\AppData\Local\npm-cache\_npx\7750544ccf494d8b\node_modules\winston-transport\node_modules\readable-stream\lib\_stream_writable.js:381:5)
    at Writable.write (C:\Users\Nuruzzaman\AppData\Local\npm-cache\_npx\7750544ccf494d8b\node_modules\winston-transport\node_modules\readable-stream\lib\_stream_writable.js:302:11)
    at DerivedLogger.ondata (C:\Users\Nuruzzaman\AppData\Local\npm-cache\_npx\7750544ccf494d8b\node_modules\winston\node_modules\readable-stream\lib\_stream_readable.js:629:20)
[error] 
[error] Error: An unexpected error has occurred.
[debug] [2026-06-09T09:11:43.457Z] Error: EPIPE: broken pipe, write
    at Socket._write (node:internal/net:63:18)
    at writeOrBuffer (node:internal/streams/writable:572:12)
    at _write (node:internal/streams/writable:501:10)
    at Writable.write (node:internal/streams/writable:510:10)
    at Console.log (C:\Users\Nuruzzaman\AppData\Local\npm-cache\_npx\7750544ccf494d8b\node_modules\winston\lib\winston\transports\console.js:87:23)
    at Console._write (C:\Users\Nuruzzaman\AppData\Local\npm-cache\_npx\7750544ccf494d8b\node_modules\winston-transport\modern.js:103:17)
    at doWrite (C:\Users\Nuruzzaman\AppData\Local\npm-cache\_npx\7750544ccf494d8b\node_modules\winston-transport\node_modules\readable-stream\lib\_stream_writable.js:390:139)
    at writeOrBuffer (C:\Users\Nuruzzaman\AppData\Local\npm-cache\_npx\7750544ccf494d8b\node_modules\winston-transport\node_modules\readable-stream\lib\_stream_writable.js:381:5)
    at Writable.write (C:\Users\Nuruzzaman\AppData\Local\npm-cache\_npx\7750544ccf494d8b\node_modules\winston-transport\node_modules\readable-stream\lib\_stream_writable.js:302:11)
    at DerivedLogger.ondata (C:\Users\Nuruzzaman\AppData\Local\npm-cache\_npx\7750544ccf494d8b\node_modules\winston\node_modules\readable-stream\lib\_stream_readable.js:629:20)
[error] 
[error] Error: An unexpected error has occurred.
[debug] [2026-06-09T09:11:43.457Z] Error: EPIPE: broken pipe, write
    at Socket._write (node:internal/net:63:18)
    at writeOrBuffer (node:internal/streams/writable:572:12)
    at _write (node:internal/streams/writable:501:10)
    at Writable.write (node:internal/streams/writable:510:10)
    at Console.log (C:\Users\Nuruzzaman\AppData\Local\npm-cache\_npx\7750544ccf494d8b\node_modules\winston\lib\winston\transports\console.js:87:23)
    at Console._write (C:\Users\Nuruzzaman\AppData\Local\npm-cache\_npx\7750544ccf494d8b\node_modules\winston-transport\modern.js:103:17)
    at doWrite (C:\Users\Nuruzzaman\AppData\Local\npm-cache\_npx\7750544ccf494d8b\node_modules\winston-transport\node_modules\readable-stream\lib\_stream_writable.js:390:139)
    at writeOrBuffer (C:\Users\Nuruzzaman\AppData\Local\npm-cache\_npx\7750544ccf494d8b\node_modules\winston-transport\node_modules\readable-stream\lib\_stream_writable.js:381:5)
    at Writable.write (C:\Users\Nuruzzaman\AppData\Local\npm-cache\_npx\7750544ccf494d8b\node_modules\winston-transport\node_modules\readable-stream\lib\_stream_writable.js:302:11)
    at DerivedLogger.ondata (C:\Users\Nuruzzaman\AppData\Local\npm-cache\_npx\7750544ccf494d8b\node_modules\winston\node_modules\readable-stream\lib\_stream_readable.js:629:20)
[error] 
[error] Error: An unexpected error has occurred.
[debug] [2026-06-09T09:11:43.458Z] Error: EPIPE: broken pipe, write
    at Socket._write (node:internal/net:63:18)
    at writeOrBuffer (node:internal/streams/writable:572:12)
    at _write (node:internal/streams/writable:501:10)
    at Writable.write (node:internal/streams/writable:510:10)
    at Console.log (C:\Users\Nuruzzaman\AppData\Local\npm-cache\_npx\7750544ccf494d8b\node_modules\winston\lib\winston\transports\console.js:87:23)
    at Console._write (C:\Users\Nuruzzaman\AppData\Local\npm-cache\_npx\7750544ccf494d8b\node_modules\winston-transport\modern.js:103:17)
    at doWrite (C:\Users\Nuruzzaman\AppData\Local\npm-cache\_npx\7750544ccf494d8b\node_modules\winston-transport\node_modules\readable-stream\lib\_stream_writable.js:390:139)
    at writeOrBuffer (C:\Users\Nuruzzaman\AppData\Local\npm-cache\_npx\7750544ccf494d8b\node_modules\winston-transport\node_modules\readable-stream\lib\_stream_writable.js:381:5)
    at Writable.write (C:\Users\Nuruzzaman\AppData\Local\npm-cache\_npx\7750544ccf494d8b\node_modules\winston-transport\node_modules\readable-stream\lib\_stream_writable.js:302:11)
    at DerivedLogger.ondata (C:\Users\Nuruzzaman\AppData\Local\npm-cache\_npx\7750544ccf494d8b\node_modules\winston\node_modules\readable-stream\lib\_stream_readable.js:629:20)
[error] 
[error] Error: An unexpected error has occurred.
[debug] [2026-06-09T09:11:43.458Z] Error: EPIPE: broken pipe, write
    at Socket._write (node:internal/net:63:18)
    at writeOrBuffer (node:internal/streams/writable:572:12)
    at _write (node:internal/streams/writable:501:10)
    at Writable.write (node:internal/streams/writable:510:10)
    at Console.log (C:\Users\Nuruzzaman\AppData\Local\npm-cache\_npx\7750544ccf494d8b\node_modules\winston\lib\winston\transports\console.js:87:23)
    at Console._write (C:\Users\Nuruzzaman\AppData\Local\npm-cache\_npx\7750544ccf494d8b\node_modules\winston-transport\modern.js:103:17)
    at doWrite (C:\Users\Nuruzzaman\AppData\Local\npm-cache\_npx\7750544ccf494d8b\node_modules\winston-transport\node_modules\readable-stream\lib\_stream_writable.js:390:139)
    at writeOrBuffer (C:\Users\Nuruzzaman\AppData\Local\npm-cache\_npx\7750544ccf494d8b\node_modules\winston-transport\node_modules\readable-stream\lib\_stream_writable.js:381:5)
    at Writable.write (C:\Users\Nuruzzaman\AppData\Local\npm-cache\_npx\7750544ccf494d8b\node_modules\winston-transport\node_modules\readable-stream\lib\_stream_writable.js:302:11)
    at DerivedLogger.ondata (C:\Users\Nuruzzaman\AppData\Local\npm-cache\_npx\7750544ccf494d8b\node_modules\winston\node_modules\readable-stream\lib\_stream_readable.js:629:20)
[error] 
[error] Error: An unexpected error has occurred.
[debug] [2026-06-09T09:11:43.458Z] Error: EPIPE: broken pipe, write
    at Socket._write (node:internal/net:63:18)
    at writeOrBuffer (node:internal/streams/writable:572:12)
    at _write (node:internal/streams/writable:501:10)
    at Writable.write (node:internal/streams/writable:510:10)
    at Console.log (C:\Users\Nuruzzaman\AppData\Local\npm-cache\_npx\7750544ccf494d8b\node_modules\winston\lib\winston\transports\console.js:87:23)
    at Console._write (C:\Users\Nuruzzaman\AppData\Local\npm-cache\_npx\7750544ccf494d8b\node_modules\winston-transport\modern.js:103:17)
    at doWrite (C:\Users\Nuruzzaman\AppData\Local\npm-cache\_npx\7750544ccf494d8b\node_modules\winston-transport\node_modules\readable-stream\lib\_stream_writable.js:390:139)
    at writeOrBuffer (C:\Users\Nuruzzaman\AppData\Local\npm-cache\_npx\7750544ccf494d8b\node_modules\winston-transport\node_modules\readable-stream\lib\_stream_writable.js:381:5)
    at Writable.write (C:\Users\Nuruzzaman\AppData\Local\npm-cache\_npx\7750544ccf494d8b\node_modules\winston-transport\node_modules\readable-stream\lib\_stream_writable.js:302:11)
    at DerivedLogger.ondata (C:\Users\Nuruzzaman\AppData\Local\npm-cache\_npx\7750544ccf494d8b\node_modules\winston\node_modules\readable-stream\lib\_stream_readable.js:629:20)
[error] 
[error] Error: An unexpected error has occurred.
[debug] [2026-06-09T09:11:43.458Z] Error: EPIPE: broken pipe, write
    at Socket._write (node:internal/net:63:18)
    at writeOrBuffer (node:internal/streams/writable:572:12)
    at _write (node:internal/streams/writable:501:10)
    at Writable.write (node:internal/streams/writable:510:10)
    at Console.log (C:\Users\Nuruzzaman\AppData\Local\npm-cache\_npx\7750544ccf494d8b\node_modules\winston\lib\winston\transports\console.js:87:23)
    at Console._write (C:\Users\Nuruzzaman\AppData\Local\npm-cache\_npx\7750544ccf494d8b\node_modules\winston-transport\modern.js:103:17)
    at doWrite (C:\Users\Nuruzzaman\AppData\Local\npm-cache\_npx\7750544ccf494d8b\node_modules\winston-transport\node_modules\readable-stream\lib\_stream_writable.js:390:139)
    at writeOrBuffer (C:\Users\Nuruzzaman\AppData\Local\npm-cache\_npx\7750544ccf494d8b\node_modules\winston-transport\node_modules\readable-stream\lib\_stream_writable.js:381:5)
    at Writable.write (C:\Users\Nuruzzaman\AppData\Local\npm-cache\_npx\7750544ccf494d8b\node_modules\winston-transport\node_modules\readable-stream\lib\_stream_writable.js:302:11)
    at DerivedLogger.ondata (C:\Users\Nuruzzaman\AppData\Local\npm-cache\_npx\7750544ccf494d8b\node_modules\winston\node_modules\readable-stream\lib\_stream_readable.js:629:20)
[error] 
[error] Error: An unexpected error has occurred.
[debug] [2026-06-09T09:11:43.459Z] Error: EPIPE: broken pipe, write
    at Socket._write (node:internal/net:63:18)
    at writeOrBuffer (node:internal/streams/writable:572:12)
    at _write (node:internal/streams/writable:501:10)
    at Writable.write (node:internal/streams/writable:510:10)
    at Console.log (C:\Users\Nuruzzaman\AppData\Local\npm-cache\_npx\7750544ccf494d8b\node_modules\winston\lib\winston\transports\console.js:87:23)
    at Console._write (C:\Users\Nuruzzaman\AppData\Local\npm-cache\_npx\7750544ccf494d8b\node_modules\winston-transport\modern.js:103:17)
    at doWrite (C:\Users\Nuruzzaman\AppData\Local\npm-cache\_npx\7750544ccf494d8b\node_modules\winston-transport\node_modules\readable-stream\lib\_stream_writable.js:390:139)
    at writeOrBuffer (C:\Users\Nuruzzaman\AppData\Local\npm-cache\_npx\7750544ccf494d8b\node_modules\winston-transport\node_modules\readable-stream\lib\_stream_writable.js:381:5)
    at Writable.write (C:\Users\Nuruzzaman\AppData\Local\npm-cache\_npx\7750544ccf494d8b\node_modules\winston-transport\node_modules\readable-stream\lib\_stream_writable.js:302:11)
    at DerivedLogger.ondata (C:\Users\Nuruzzaman\AppData\Local\npm-cache\_npx\7750544ccf494d8b\node_modules\winston\node_modules\readable-stream\lib\_stream_readable.js:629:20)
[error] 
[error] Error: An unexpected error has occurred.
[debug] [2026-06-09T09:11:43.459Z] Error: EPIPE: broken pipe, write
    at Socket._write (node:internal/net:63:18)
    at writeOrBuffer (node:internal/streams/writable:572:12)
    at _write (node:internal/streams/writable:501:10)
    at Writable.write (node:internal/streams/writable:510:10)
    at Console.log (C:\Users\Nuruzzaman\AppData\Local\npm-cache\_npx\7750544ccf494d8b\node_modules\winston\lib\winston\transports\console.js:87:23)
    at Console._write (C:\Users\Nuruzzaman\AppData\Local\npm-cache\_npx\7750544ccf494d8b\node_modules\winston-transport\modern.js:103:17)
    at doWrite (C:\Users\Nuruzzaman\AppData\Local\npm-cache\_npx\7750544ccf494d8b\node_modules\winston-transport\node_modules\readable-stream\lib\_stream_writable.js:390:139)
    at writeOrBuffer (C:\Users\Nuruzzaman\AppData\Local\npm-cache\_npx\7750544ccf494d8b\node_modules\winston-transport\node_modules\readable-stream\lib\_stream_writable.js:381:5)
    at Writable.write (C:\Users\Nuruzzaman\AppData\Local\npm-cache\_npx\7750544ccf494d8b\node_modules\winston-transport\node_modules\readable-stream\lib\_stream_writable.js:302:11)
    at DerivedLogger.ondata (C:\Users\Nuruzzaman\AppData\Local\npm-cache\_npx\7750544ccf494d8b\node_modules\winston\node_modules\readable-stream\lib\_stream_readable.js:629:20)
[error] 
[error] Error: An unexpected error has occurred.
[debug] [2026-06-09T09:11:43.459Z] Error: EPIPE: broken pipe, write
    at Socket._write (node:internal/net:63:18)
    at writeOrBuffer (node:internal/streams/writable:572:12)
    at _write (node:internal/streams/writable:501:10)
    at Writable.write (node:internal/streams/writable:510:10)
    at Console.log (C:\Users\Nuruzzaman\AppData\Local\npm-cache\_npx\7750544ccf494d8b\node_modules\winston\lib\winston\transports\console.js:87:23)
    at Console._write (C:\Users\Nuruzzaman\AppData\Local\npm-cache\_npx\7750544ccf494d8b\node_modules\winston-transport\modern.js:103:17)
    at doWrite (C:\Users\Nuruzzaman\AppData\Local\npm-cache\_npx\7750544ccf494d8b\node_modules\winston-transport\node_modules\readable-stream\lib\_stream_writable.js:390:139)
    at writeOrBuffer (C:\Users\Nuruzzaman\AppData\Local\npm-cache\_npx\7750544ccf494d8b\node_modules\winston-transport\node_modules\readable-stream\lib\_stream_writable.js:381:5)
    at Writable.write (C:\Users\Nuruzzaman\AppData\Local\npm-cache\_npx\7750544ccf494d8b\node_modules\winston-transport\node_modules\readable-stream\lib\_stream_writable.js:302:11)
    at DerivedLogger.ondata (C:\Users\Nuruzzaman\AppData\Local\npm-cache\_npx\7750544ccf494d8b\node_modules\winston\node_modules\readable-stream\lib\_stream_readable.js:629:20)
[error] 
[error] Error: An unexpected error has occurred.
[debug] [2026-06-09T09:11:43.459Z] Error: EPIPE: broken pipe, write
    at Socket._write (node:internal/net:63:18)
    at writeOrBuffer (node:internal/streams/writable:572:12)
    at _write (node:internal/streams/writable:501:10)
    at Writable.write (node:internal/streams/writable:510:10)
    at Console.log (C:\Users\Nuruzzaman\AppData\Local\npm-cache\_npx\7750544ccf494d8b\node_modules\winston\lib\winston\transports\console.js:87:23)
    at Console._write (C:\Users\Nuruzzaman\AppData\Local\npm-cache\_npx\7750544ccf494d8b\node_modules\winston-transport\modern.js:103:17)
    at doWrite (C:\Users\Nuruzzaman\AppData\Local\npm-cache\_npx\7750544ccf494d8b\node_modules\winston-transport\node_modules\readable-stream\lib\_stream_writable.js:390:139)
    at writeOrBuffer (C:\Users\Nuruzzaman\AppData\Local\npm-cache\_npx\7750544ccf494d8b\node_modules\winston-transport\node_modules\readable-stream\lib\_stream_writable.js:381:5)
    at Writable.write (C:\Users\Nuruzzaman\AppData\Local\npm-cache\_npx\7750544ccf494d8b\node_modules\winston-transport\node_modules\readable-stream\lib\_stream_writable.js:302:11)
    at DerivedLogger.ondata (C:\Users\Nuruzzaman\AppData\Local\npm-cache\_npx\7750544ccf494d8b\node_modules\winston\node_modules\readable-stream\lib\_stream_readable.js:629:20)
[error] 
[error] Error: An unexpected error has occurred.
[debug] [2026-06-09T09:11:43.460Z] Error: EPIPE: broken pipe, write
    at Socket._write (node:internal/net:63:18)
    at writeOrBuffer (node:internal/streams/writable:572:12)
    at _write (node:internal/streams/writable:501:10)
    at Writable.write (node:internal/streams/writable:510:10)
    at Console.log (C:\Users\Nuruzzaman\AppData\Local\npm-cache\_npx\7750544ccf494d8b\node_modules\winston\lib\winston\transports\console.js:87:23)
    at Console._write (C:\Users\Nuruzzaman\AppData\Local\npm-cache\_npx\7750544ccf494d8b\node_modules\winston-transport\modern.js:103:17)
    at doWrite (C:\Users\Nuruzzaman\AppData\Local\npm-cache\_npx\7750544ccf494d8b\node_modules\winston-transport\node_modules\readable-stream\lib\_stream_writable.js:390:139)
    at writeOrBuffer (C:\Users\Nuruzzaman\AppData\Local\npm-cache\_npx\7750544ccf494d8b\node_modules\winston-transport\node_modules\readable-stream\lib\_stream_writable.js:381:5)
    at Writable.write (C:\Users\Nuruzzaman\AppData\Local\npm-cache\_npx\7750544ccf494d8b\node_modules\winston-transport\node_modules\readable-stream\lib\_stream_writable.js:302:11)
    at DerivedLogger.ondata (C:\Users\Nuruzzaman\AppData\Local\npm-cache\_npx\7750544ccf494d8b\node_modules\winston\node_modules\readable-stream\lib\_stream_readable.js:629:20)
[error] 
[error] Error: An unexpected error has occurred.
[debug] [2026-06-09T09:11:43.460Z] Error: EPIPE: broken pipe, write
    at Socket._write (node:internal/net:63:18)
    at writeOrBuffer (node:internal/streams/writable:572:12)
    at _write (node:internal/streams/writable:501:10)
    at Writable.write (node:internal/streams/writable:510:10)
    at Console.log (C:\Users\Nuruzzaman\AppData\Local\npm-cache\_npx\7750544ccf494d8b\node_modules\winston\lib\winston\transports\console.js:87:23)
    at Console._write (C:\Users\Nuruzzaman\AppData\Local\npm-cache\_npx\7750544ccf494d8b\node_modules\winston-transport\modern.js:103:17)
    at doWrite (C:\Users\Nuruzzaman\AppData\Local\npm-cache\_npx\7750544ccf494d8b\node_modules\winston-transport\node_modules\readable-stream\lib\_stream_writable.js:390:139)
    at writeOrBuffer (C:\Users\Nuruzzaman\AppData\Local\npm-cache\_npx\7750544ccf494d8b\node_modules\winston-transport\node_modules\readable-stream\lib\_stream_writable.js:381:5)
    at Writable.write (C:\Users\Nuruzzaman\AppData\Local\npm-cache\_npx\7750544ccf494d8b\node_modules\winston-transport\node_modules\readable-stream\lib\_stream_writable.js:302:11)
    at DerivedLogger.ondata (C:\Users\Nuruzzaman\AppData\Local\npm-cache\_npx\7750544ccf494d8b\node_modules\winston\node_modules\readable-stream\lib\_stream_readable.js:629:20)
[error] 
[error] Error: An unexpected error has occurred.
[debug] [2026-06-09T09:11:43.460Z] Error: EPIPE: broken pipe, write
    at Socket._write (node:internal/net:63:18)
    at writeOrBuffer (node:internal/streams/writable:572:12)
    at _write (node:internal/streams/writable:501:10)
    at Writable.write (node:internal/streams/writable:510:10)
    at Console.log (C:\Users\Nuruzzaman\AppData\Local\npm-cache\_npx\7750544ccf494d8b\node_modules\winston\lib\winston\transports\console.js:87:23)
    at Console._write (C:\Users\Nuruzzaman\AppData\Local\npm-cache\_npx\7750544ccf494d8b\node_modules\winston-transport\modern.js:103:17)
    at doWrite (C:\Users\Nuruzzaman\AppData\Local\npm-cache\_npx\7750544ccf494d8b\node_modules\winston-transport\node_modules\readable-stream\lib\_stream_writable.js:390:139)
    at writeOrBuffer (C:\Users\Nuruzzaman\AppData\Local\npm-cache\_npx\7750544ccf494d8b\node_modules\winston-transport\node_modules\readable-stream\lib\_stream_writable.js:381:5)
    at Writable.write (C:\Users\Nuruzzaman\AppData\Local\npm-cache\_npx\7750544ccf494d8b\node_modules\winston-transport\node_modules\readable-stream\lib\_stream_writable.js:302:11)
    at DerivedLogger.ondata (C:\Users\Nuruzzaman\AppData\Local\npm-cache\_npx\7750544ccf494d8b\node_modules\winston\node_modules\readable-stream\lib\_stream_readable.js:629:20)
[error] 
[error] Error: An unexpected error has occurred.
[debug] [2026-06-09T09:11:43.461Z] Error: EPIPE: broken pipe, write
    at Socket._write (node:internal/net:63:18)
    at writeOrBuffer (node:internal/streams/writable:572:12)
    at _write (node:internal/streams/writable:501:10)
    at Writable.write (node:internal/streams/writable:510:10)
    at Console.log (C:\Users\Nuruzzaman\AppData\Local\npm-cache\_npx\7750544ccf494d8b\node_modules\winston\lib\winston\transports\console.js:87:23)
    at Console._write (C:\Users\Nuruzzaman\AppData\Local\npm-cache\_npx\7750544ccf494d8b\node_modules\winston-transport\modern.js:103:17)
    at doWrite (C:\Users\Nuruzzaman\AppData\Local\npm-cache\_npx\7750544ccf494d8b\node_modules\winston-transport\node_modules\readable-stream\lib\_stream_writable.js:390:139)
    at writeOrBuffer (C:\Users\Nuruzzaman\AppData\Local\npm-cache\_npx\7750544ccf494d8b\node_modules\winston-transport\node_modules\readable-stream\lib\_stream_writable.js:381:5)
    at Writable.write (C:\Users\Nuruzzaman\AppData\Local\npm-cache\_npx\7750544ccf494d8b\node_modules\winston-transport\node_modules\readable-stream\lib\_stream_writable.js:302:11)
    at DerivedLogger.ondata (C:\Users\Nuruzzaman\AppData\Local\npm-cache\_npx\7750544ccf494d8b\node_modules\winston\node_modules\readable-stream\lib\_stream_readable.js:629:20)
[error] 
[error] Error: An unexpected error has occurred.
[debug] [2026-06-09T09:11:43.461Z] Error: EPIPE: broken pipe, write
    at Socket._write (node:internal/net:63:18)
    at writeOrBuffer (node:internal/streams/writable:572:12)
    at _write (node:internal/streams/writable:501:10)
    at Writable.write (node:internal/streams/writable:510:10)
    at Console.log (C:\Users\Nuruzzaman\AppData\Local\npm-cache\_npx\7750544ccf494d8b\node_modules\winston\lib\winston\transports\console.js:87:23)
    at Console._write (C:\Users\Nuruzzaman\AppData\Local\npm-cache\_npx\7750544ccf494d8b\node_modules\winston-transport\modern.js:103:17)
    at doWrite (C:\Users\Nuruzzaman\AppData\Local\npm-cache\_npx\7750544ccf494d8b\node_modules\winston-transport\node_modules\readable-stream\lib\_stream_writable.js:390:139)
    at writeOrBuffer (C:\Users\Nuruzzaman\AppData\Local\npm-cache\_npx\7750544ccf494d8b\node_modules\winston-transport\node_modules\readable-stream\lib\_stream_writable.js:381:5)
    at Writable.write (C:\Users\Nuruzzaman\AppData\Local\npm-cache\_npx\7750544ccf494d8b\node_modules\winston-transport\node_modules\readable-stream\lib\_stream_writable.js:302:11)
    at DerivedLogger.ondata (C:\Users\Nuruzzaman\AppData\Local\npm-cache\_npx\7750544ccf494d8b\node_modules\winston\node_modules\readable-stream\lib\_stream_readable.js:629:20)
[error] 
[error] Error: An unexpected error has occurred.
[debug] [2026-06-09T09:11:43.462Z] Error: EPIPE: broken pipe, write
    at Socket._write (node:internal/net:63:18)
    at writeOrBuffer (node:internal/streams/writable:572:12)
    at _write (node:internal/streams/writable:501:10)
    at Writable.write (node:internal/streams/writable:510:10)
    at Console.log (C:\Users\Nuruzzaman\AppData\Local\npm-cache\_npx\7750544ccf494d8b\node_modules\winston\lib\winston\transports\console.js:87:23)
    at Console._write (C:\Users\Nuruzzaman\AppData\Local\npm-cache\_npx\7750544ccf494d8b\node_modules\winston-transport\modern.js:103:17)
    at doWrite (C:\Users\Nuruzzaman\AppData\Local\npm-cache\_npx\7750544ccf494d8b\node_modules\winston-transport\node_modules\readable-stream\lib\_stream_writable.js:390:139)
    at writeOrBuffer (C:\Users\Nuruzzaman\AppData\Local\npm-cache\_npx\7750544ccf494d8b\node_modules\winston-transport\node_modules\readable-stream\lib\_stream_writable.js:381:5)
    at Writable.write (C:\Users\Nuruzzaman\AppData\Local\npm-cache\_npx\7750544ccf494d8b\node_modules\winston-transport\node_modules\readable-stream\lib\_stream_writable.js:302:11)
    at DerivedLogger.ondata (C:\Users\Nuruzzaman\AppData\Local\npm-cache\_npx\7750544ccf494d8b\node_modules\winston\node_modules\readable-stream\lib\_stream_readable.js:629:20)
[error] 
[error] Error: An unexpected error has occurred.
[debug] [2026-06-09T09:11:43.462Z] Error: EPIPE: broken pipe, write
    at Socket._write (node:internal/net:63:18)
    at writeOrBuffer (node:internal/streams/writable:572:12)
    at _write (node:internal/streams/writable:501:10)
    at Writable.write (node:internal/streams/writable:510:10)
    at Console.log (C:\Users\Nuruzzaman\AppData\Local\npm-cache\_npx\7750544ccf494d8b\node_modules\winston\lib\winston\transports\console.js:87:23)
    at Console._write (C:\Users\Nuruzzaman\AppData\Local\npm-cache\_npx\7750544ccf494d8b\node_modules\winston-transport\modern.js:103:17)
    at doWrite (C:\Users\Nuruzzaman\AppData\Local\npm-cache\_npx\7750544ccf494d8b\node_modules\winston-transport\node_modules\readable-stream\lib\_stream_writable.js:390:139)
    at writeOrBuffer (C:\Users\Nuruzzaman\AppData\Local\npm-cache\_npx\7750544ccf494d8b\node_modules\winston-transport\node_modules\readable-stream\lib\_stream_writable.js:381:5)
    at Writable.write (C:\Users\Nuruzzaman\AppData\Local\npm-cache\_npx\7750544ccf494d8b\node_modules\winston-transport\node_modules\readable-stream\lib\_stream_writable.js:302:11)
    at DerivedLogger.ondata (C:\Users\Nuruzzaman\AppData\Local\npm-cache\_npx\7750544ccf494d8b\node_modules\winston\node_modules\readable-stream\lib\_stream_readable.js:629:20)
[error] 
[error] Error: An unexpected error has occurred.
[debug] [2026-06-09T09:11:43.463Z] Error: EPIPE: broken pipe, write
    at Socket._write (node:internal/net:63:18)
    at writeOrBuffer (node:internal/streams/writable:572:12)
    at _write (node:internal/streams/writable:501:10)
    at Writable.write (node:internal/streams/writable:510:10)
    at Console.log (C:\Users\Nuruzzaman\AppData\Local\npm-cache\_npx\7750544ccf494d8b\node_modules\winston\lib\winston\transports\console.js:87:23)
    at Console._write (C:\Users\Nuruzzaman\AppData\Local\npm-cache\_npx\7750544ccf494d8b\node_modules\winston-transport\modern.js:103:17)
    at doWrite (C:\Users\Nuruzzaman\AppData\Local\npm-cache\_npx\7750544ccf494d8b\node_modules\winston-transport\node_modules\readable-stream\lib\_stream_writable.js:390:139)
    at writeOrBuffer (C:\Users\Nuruzzaman\AppData\Local\npm-cache\_npx\7750544ccf494d8b\node_modules\winston-transport\node_modules\readable-stream\lib\_stream_writable.js:381:5)
    at Writable.write (C:\Users\Nuruzzaman\AppData\Local\npm-cache\_npx\7750544ccf494d8b\node_modules\winston-transport\node_modules\readable-stream\lib\_stream_writable.js:302:11)
    at DerivedLogger.ondata (C:\Users\Nuruzzaman\AppData\Local\npm-cache\_npx\7750544ccf494d8b\node_modules\winston\node_modules\readable-stream\lib\_stream_readable.js:629:20)
[error] 
[error] Error: An unexpected error has occurred.
[debug] [2026-06-09T09:11:43.463Z] Error: EPIPE: broken pipe, write
    at Socket._write (node:internal/net:63:18)
    at writeOrBuffer (node:internal/streams/writable:572:12)
    at _write (node:internal/streams/writable:501:10)
    at Writable.write (node:internal/streams/writable:510:10)
    at Console.log (C:\Users\Nuruzzaman\AppData\Local\npm-cache\_npx\7750544ccf494d8b\node_modules\winston\lib\winston\transports\console.js:87:23)
    at Console._write (C:\Users\Nuruzzaman\AppData\Local\npm-cache\_npx\7750544ccf494d8b\node_modules\winston-transport\modern.js:103:17)
    at doWrite (C:\Users\Nuruzzaman\AppData\Local\npm-cache\_npx\7750544ccf494d8b\node_modules\winston-transport\node_modules\readable-stream\lib\_stream_writable.js:390:139)
    at writeOrBuffer (C:\Users\Nuruzzaman\AppData\Local\npm-cache\_npx\7750544ccf494d8b\node_modules\winston-transport\node_modules\readable-stream\lib\_stream_writable.js:381:5)
    at Writable.write (C:\Users\Nuruzzaman\AppData\Local\npm-cache\_npx\7750544ccf494d8b\node_modules\winston-transport\node_modules\readable-stream\lib\_stream_writable.js:302:11)
    at DerivedLogger.ondata (C:\Users\Nuruzzaman\AppData\Local\npm-cache\_npx\7750544ccf494d8b\node_modules\winston\node_modules\readable-stream\lib\_stream_readable.js:629:20)
[error] 
[error] Error: An unexpected error has occurred.
[debug] [2026-06-09T09:11:43.463Z] Error: EPIPE: broken pipe, write
    at Socket._write (node:internal/net:63:18)
    at writeOrBuffer (node:internal/streams/writable:572:12)
    at _write (node:internal/streams/writable:501:10)
    at Writable.write (node:internal/streams/writable:510:10)
    at Console.log (C:\Users\Nuruzzaman\AppData\Local\npm-cache\_npx\7750544ccf494d8b\node_modules\winston\lib\winston\transports\console.js:87:23)
    at Console._write (C:\Users\Nuruzzaman\AppData\Local\npm-cache\_npx\7750544ccf494d8b\node_modules\winston-transport\modern.js:103:17)
    at doWrite (C:\Users\Nuruzzaman\AppData\Local\npm-cache\_npx\7750544ccf494d8b\node_modules\winston-transport\node_modules\readable-stream\lib\_stream_writable.js:390:139)
    at writeOrBuffer (C:\Users\Nuruzzaman\AppData\Local\npm-cache\_npx\7750544ccf494d8b\node_modules\winston-transport\node_modules\readable-stream\lib\_stream_writable.js:381:5)
    at Writable.write (C:\Users\Nuruzzaman\AppData\Local\npm-cache\_npx\7750544ccf494d8b\node_modules\winston-transport\node_modules\readable-stream\lib\_stream_writable.js:302:11)
    at DerivedLogger.ondata (C:\Users\Nuruzzaman\AppData\Local\npm-cache\_npx\7750544ccf494d8b\node_modules\winston\node_modules\readable-stream\lib\_stream_readable.js:629:20)
[error] 
[error] Error: An unexpected error has occurred.
[debug] [2026-06-09T09:11:43.464Z] Error: EPIPE: broken pipe, write
    at Socket._write (node:internal/net:63:18)
    at writeOrBuffer (node:internal/streams/writable:572:12)
    at _write (node:internal/streams/writable:501:10)
    at Writable.write (node:internal/streams/writable:510:10)
    at Console.log (C:\Users\Nuruzzaman\AppData\Local\npm-cache\_npx\7750544ccf494d8b\node_modules\winston\lib\winston\transports\console.js:87:23)
    at Console._write (C:\Users\Nuruzzaman\AppData\Local\npm-cache\_npx\7750544ccf494d8b\node_modules\winston-transport\modern.js:103:17)
    at doWrite (C:\Users\Nuruzzaman\AppData\Local\npm-cache\_npx\7750544ccf494d8b\node_modules\winston-transport\node_modules\readable-stream\lib\_stream_writable.js:390:139)
    at writeOrBuffer (C:\Users\Nuruzzaman\AppData\Local\npm-cache\_npx\7750544ccf494d8b\node_modules\winston-transport\node_modules\readable-stream\lib\_stream_writable.js:381:5)
    at Writable.write (C:\Users\Nuruzzaman\AppData\Local\npm-cache\_npx\7750544ccf494d8b\node_modules\winston-transport\node_modules\readable-stream\lib\_stream_writable.js:302:11)
    at DerivedLogger.ondata (C:\Users\Nuruzzaman\AppData\Local\npm-cache\_npx\7750544ccf494d8b\node_modules\winston\node_modules\readable-stream\lib\_stream_readable.js:629:20)
[error] 
[error] Error: An unexpected error has occurred.
[debug] [2026-06-09T09:11:43.464Z] Error: EPIPE: broken pipe, write
    at Socket._write (node:internal/net:63:18)
    at writeOrBuffer (node:internal/streams/writable:572:12)
    at _write (node:internal/streams/writable:501:10)
    at Writable.write (node:internal/streams/writable:510:10)
    at Console.log (C:\Users\Nuruzzaman\AppData\Local\npm-cache\_npx\7750544ccf494d8b\node_modules\winston\lib\winston\transports\console.js:87:23)
    at Console._write (C:\Users\Nuruzzaman\AppData\Local\npm-cache\_npx\7750544ccf494d8b\node_modules\winston-transport\modern.js:103:17)
    at doWrite (C:\Users\Nuruzzaman\AppData\Local\npm-cache\_npx\7750544ccf494d8b\node_modules\winston-transport\node_modules\readable-stream\lib\_stream_writable.js:390:139)
    at writeOrBuffer (C:\Users\Nuruzzaman\AppData\Local\npm-cache\_npx\7750544ccf494d8b\node_modules\winston-transport\node_modules\readable-stream\lib\_stream_writable.js:381:5)
    at Writable.write (C:\Users\Nuruzzaman\AppData\Local\npm-cache\_npx\7750544ccf494d8b\node_modules\winston-transport\node_modules\readable-stream\lib\_stream_writable.js:302:11)
    at DerivedLogger.ondata (C:\Users\Nuruzzaman\AppData\Local\npm-cache\_npx\7750544ccf494d8b\node_modules\winston\node_modules\readable-stream\lib\_stream_readable.js:629:20)
[error] 
[error] Error: An unexpected error has occurred.
[debug] [2026-06-09T09:11:43.464Z] Error: EPIPE: broken pipe, write
    at Socket._write (node:internal/net:63:18)
    at writeOrBuffer (node:internal/streams/writable:572:12)
    at _write (node:internal/streams/writable:501:10)
    at Writable.write (node:internal/streams/writable:510:10)
    at Console.log (C:\Users\Nuruzzaman\AppData\Local\npm-cache\_npx\7750544ccf494d8b\node_modules\winston\lib\winston\transports\console.js:87:23)
    at Console._write (C:\Users\Nuruzzaman\AppData\Local\npm-cache\_npx\7750544ccf494d8b\node_modules\winston-transport\modern.js:103:17)
    at doWrite (C:\Users\Nuruzzaman\AppData\Local\npm-cache\_npx\7750544ccf494d8b\node_modules\winston-transport\node_modules\readable-stream\lib\_stream_writable.js:390:139)
    at writeOrBuffer (C:\Users\Nuruzzaman\AppData\Local\npm-cache\_npx\7750544ccf494d8b\node_modules\winston-transport\node_modules\readable-stream\lib\_stream_writable.js:381:5)
    at Writable.write (C:\Users\Nuruzzaman\AppData\Local\npm-cache\_npx\7750544ccf494d8b\node_modules\winston-transport\node_modules\readable-stream\lib\_stream_writable.js:302:11)
    at DerivedLogger.ondata (C:\Users\Nuruzzaman\AppData\Local\npm-cache\_npx\7750544ccf494d8b\node_modules\winston\node_modules\readable-stream\lib\_stream_readable.js:629:20)
[error] 
[error] Error: An unexpected error has occurred.
[debug] [2026-06-09T09:11:43.464Z] Error: EPIPE: broken pipe, write
    at Socket._write (node:internal/net:63:18)
    at writeOrBuffer (node:internal/streams/writable:572:12)
    at _write (node:internal/streams/writable:501:10)
    at Writable.write (node:internal/streams/writable:510:10)
    at Console.log (C:\Users\Nuruzzaman\AppData\Local\npm-cache\_npx\7750544ccf494d8b\node_modules\winston\lib\winston\transports\console.js:87:23)
    at Console._write (C:\Users\Nuruzzaman\AppData\Local\npm-cache\_npx\7750544ccf494d8b\node_modules\winston-transport\modern.js:103:17)
    at doWrite (C:\Users\Nuruzzaman\AppData\Local\npm-cache\_npx\7750544ccf494d8b\node_modules\winston-transport\node_modules\readable-stream\lib\_stream_writable.js:390:139)
    at writeOrBuffer (C:\Users\Nuruzzaman\AppData\Local\npm-cache\_npx\7750544ccf494d8b\node_modules\winston-transport\node_modules\readable-stream\lib\_stream_writable.js:381:5)
    at Writable.write (C:\Users\Nuruzzaman\AppData\Local\npm-cache\_npx\7750544ccf494d8b\node_modules\winston-transport\node_modules\readable-stream\lib\_stream_writable.js:302:11)
    at DerivedLogger.ondata (C:\Users\Nuruzzaman\AppData\Local\npm-cache\_npx\7750544ccf494d8b\node_modules\winston\node_modules\readable-stream\lib\_stream_readable.js:629:20)
[error] 
[error] Error: An unexpected error has occurred.
[debug] [2026-06-09T09:11:43.464Z] Error: EPIPE: broken pipe, write
    at Socket._write (node:internal/net:63:18)
    at writeOrBuffer (node:internal/streams/writable:572:12)
    at _write (node:internal/streams/writable:501:10)
    at Writable.write (node:internal/streams/writable:510:10)
    at Console.log (C:\Users\Nuruzzaman\AppData\Local\npm-cache\_npx\7750544ccf494d8b\node_modules\winston\lib\winston\transports\console.js:87:23)
    at Console._write (C:\Users\Nuruzzaman\AppData\Local\npm-cache\_npx\7750544ccf494d8b\node_modules\winston-transport\modern.js:103:17)
    at doWrite (C:\Users\Nuruzzaman\AppData\Local\npm-cache\_npx\7750544ccf494d8b\node_modules\winston-transport\node_modules\readable-stream\lib\_stream_writable.js:390:139)
    at writeOrBuffer (C:\Users\Nuruzzaman\AppData\Local\npm-cache\_npx\7750544ccf494d8b\node_modules\winston-transport\node_modules\readable-stream\lib\_stream_writable.js:381:5)
    at Writable.write (C:\Users\Nuruzzaman\AppData\Local\npm-cache\_npx\7750544ccf494d8b\node_modules\winston-transport\node_modules\readable-stream\lib\_stream_writable.js:302:11)
    at DerivedLogger.ondata (C:\Users\Nuruzzaman\AppData\Local\npm-cache\_npx\7750544ccf494d8b\node_modules\winston\node_modules\readable-stream\lib\_stream_readable.js:629:20)
[error] 
[error] Error: An unexpected error has occurred.
[debug] [2026-06-09T09:11:43.465Z] Error: EPIPE: broken pipe, write
    at Socket._write (node:internal/net:63:18)
    at writeOrBuffer (node:internal/streams/writable:572:12)
    at _write (node:internal/streams/writable:501:10)
    at Writable.write (node:internal/streams/writable:510:10)
    at Console.log (C:\Users\Nuruzzaman\AppData\Local\npm-cache\_npx\7750544ccf494d8b\node_modules\winston\lib\winston\transports\console.js:87:23)
    at Console._write (C:\Users\Nuruzzaman\AppData\Local\npm-cache\_npx\7750544ccf494d8b\node_modules\winston-transport\modern.js:103:17)
    at doWrite (C:\Users\Nuruzzaman\AppData\Local\npm-cache\_npx\7750544ccf494d8b\node_modules\winston-transport\node_modules\readable-stream\lib\_stream_writable.js:390:139)
    at writeOrBuffer (C:\Users\Nuruzzaman\AppData\Local\npm-cache\_npx\7750544ccf494d8b\node_modules\winston-transport\node_modules\readable-stream\lib\_stream_writable.js:381:5)
    at Writable.write (C:\Users\Nuruzzaman\AppData\Local\npm-cache\_npx\7750544ccf494d8b\node_modules\winston-transport\node_modules\readable-stream\lib\_stream_writable.js:302:11)
    at DerivedLogger.ondata (C:\Users\Nuruzzaman\AppData\Local\npm-cache\_npx\7750544ccf494d8b\node_modules\winston\node_modules\readable-stream\lib\_stream_readable.js:629:20)
[error] 
[error] Error: An unexpected error has occurred.
[debug] [2026-06-09T09:11:43.465Z] Error: EPIPE: broken pipe, write
    at Socket._write (node:internal/net:63:18)
    at writeOrBuffer (node:internal/streams/writable:572:12)
    at _write (node:internal/streams/writable:501:10)
    at Writable.write (node:internal/streams/writable:510:10)
    at Console.log (C:\Users\Nuruzzaman\AppData\Local\npm-cache\_npx\7750544ccf494d8b\node_modules\winston\lib\winston\transports\console.js:87:23)
    at Console._write (C:\Users\Nuruzzaman\AppData\Local\npm-cache\_npx\7750544ccf494d8b\node_modules\winston-transport\modern.js:103:17)
    at doWrite (C:\Users\Nuruzzaman\AppData\Local\npm-cache\_npx\7750544ccf494d8b\node_modules\winston-transport\node_modules\readable-stream\lib\_stream_writable.js:390:139)
    at writeOrBuffer (C:\Users\Nuruzzaman\AppData\Local\npm-cache\_npx\7750544ccf494d8b\node_modules\winston-transport\node_modules\readable-stream\lib\_stream_writable.js:381:5)
    at Writable.write (C:\Users\Nuruzzaman\AppData\Local\npm-cache\_npx\7750544ccf494d8b\node_modules\winston-transport\node_modules\readable-stream\lib\_stream_writable.js:302:11)
    at DerivedLogger.ondata (C:\Users\Nuruzzaman\AppData\Local\npm-cache\_npx\7750544ccf494d8b\node_modules\winston\node_modules\readable-stream\lib\_stream_readable.js:629:20)
[error] 
[error] Error: An unexpected error has occurred.
[debug] [2026-06-09T09:11:43.465Z] Error: EPIPE: broken pipe, write
    at Socket._write (node:internal/net:63:18)
    at writeOrBuffer (node:internal/streams/writable:572:12)
    at _write (node:internal/streams/writable:501:10)
    at Writable.write (node:internal/streams/writable:510:10)
    at Console.log (C:\Users\Nuruzzaman\AppData\Local\npm-cache\_npx\7750544ccf494d8b\node_modules\winston\lib\winston\transports\console.js:87:23)
    at Console._write (C:\Users\Nuruzzaman\AppData\Local\npm-cache\_npx\7750544ccf494d8b\node_modules\winston-transport\modern.js:103:17)
    at doWrite (C:\Users\Nuruzzaman\AppData\Local\npm-cache\_npx\7750544ccf494d8b\node_modules\winston-transport\node_modules\readable-stream\lib\_stream_writable.js:390:139)
    at writeOrBuffer (C:\Users\Nuruzzaman\AppData\Local\npm-cache\_npx\7750544ccf494d8b\node_modules\winston-transport\node_modules\readable-stream\lib\_stream_writable.js:381:5)
    at Writable.write (C:\Users\Nuruzzaman\AppData\Local\npm-cache\_npx\7750544ccf494d8b\node_modules\winston-transport\node_modules\readable-stream\lib\_stream_writable.js:302:11)
    at DerivedLogger.ondata (C:\Users\Nuruzzaman\AppData\Local\npm-cache\_npx\7750544ccf494d8b\node_modules\winston\node_modules\readable-stream\lib\_stream_readable.js:629:20)
[error] 
[error] Error: An unexpected error has occurred.
[debug] [2026-06-09T09:11:43.466Z] Error: EPIPE: broken pipe, write
    at Socket._write (node:internal/net:63:18)
    at writeOrBuffer (node:internal/streams/writable:572:12)
    at _write (node:internal/streams/writable:501:10)
    at Writable.write (node:internal/streams/writable:510:10)
    at Console.log (C:\Users\Nuruzzaman\AppData\Local\npm-cache\_npx\7750544ccf494d8b\node_modules\winston\lib\winston\transports\console.js:87:23)
    at Console._write (C:\Users\Nuruzzaman\AppData\Local\npm-cache\_npx\7750544ccf494d8b\node_modules\winston-transport\modern.js:103:17)
    at doWrite (C:\Users\Nuruzzaman\AppData\Local\npm-cache\_npx\7750544ccf494d8b\node_modules\winston-transport\node_modules\readable-stream\lib\_stream_writable.js:390:139)
    at writeOrBuffer (C:\Users\Nuruzzaman\AppData\Local\npm-cache\_npx\7750544ccf494d8b\node_modules\winston-transport\node_modules\readable-stream\lib\_stream_writable.js:381:5)
    at Writable.write (C:\Users\Nuruzzaman\AppData\Local\npm-cache\_npx\7750544ccf494d8b\node_modules\winston-transport\node_modules\readable-stream\lib\_stream_writable.js:302:11)
    at DerivedLogger.ondata (C:\Users\Nuruzzaman\AppData\Local\npm-cache\_npx\7750544ccf494d8b\node_modules\winston\node_modules\readable-stream\lib\_stream_readable.js:629:20)
[error] 
[error] Error: An unexpected error has occurred.
[debug] [2026-06-09T09:11:43.466Z] Error: EPIPE: broken pipe, write
    at Socket._write (node:internal/net:63:18)
    at writeOrBuffer (node:internal/streams/writable:572:12)
    at _write (node:internal/streams/writable:501:10)
    at Writable.write (node:internal/streams/writable:510:10)
    at Console.log (C:\Users\Nuruzzaman\AppData\Local\npm-cache\_npx\7750544ccf494d8b\node_modules\winston\lib\winston\transports\console.js:87:23)
    at Console._write (C:\Users\Nuruzzaman\AppData\Local\npm-cache\_npx\7750544ccf494d8b\node_modules\winston-transport\modern.js:103:17)
    at doWrite (C:\Users\Nuruzzaman\AppData\Local\npm-cache\_npx\7750544ccf494d8b\node_modules\winston-transport\node_modules\readable-stream\lib\_stream_writable.js:390:139)
    at writeOrBuffer (C:\Users\Nuruzzaman\AppData\Local\npm-cache\_npx\7750544ccf494d8b\node_modules\winston-transport\node_modules\readable-stream\lib\_stream_writable.js:381:5)
    at Writable.write (C:\Users\Nuruzzaman\AppData\Local\npm-cache\_npx\7750544ccf494d8b\node_modules\winston-transport\node_modules\readable-stream\lib\_stream_writable.js:302:11)
    at DerivedLogger.ondata (C:\Users\Nuruzzaman\AppData\Local\npm-cache\_npx\7750544ccf494d8b\node_modules\winston\node_modules\readable-stream\lib\_stream_readable.js:629:20)
[error] 
[error] Error: An unexpected error has occurred.
[debug] [2026-06-09T09:11:43.467Z] Error: EPIPE: broken pipe, write
    at Socket._write (node:internal/net:63:18)
    at writeOrBuffer (node:internal/streams/writable:572:12)
    at _write (node:internal/streams/writable:501:10)
    at Writable.write (node:internal/streams/writable:510:10)
    at Console.log (C:\Users\Nuruzzaman\AppData\Local\npm-cache\_npx\7750544ccf494d8b\node_modules\winston\lib\winston\transports\console.js:87:23)
    at Console._write (C:\Users\Nuruzzaman\AppData\Local\npm-cache\_npx\7750544ccf494d8b\node_modules\winston-transport\modern.js:103:17)
    at doWrite (C:\Users\Nuruzzaman\AppData\Local\npm-cache\_npx\7750544ccf494d8b\node_modules\winston-transport\node_modules\readable-stream\lib\_stream_writable.js:390:139)
    at writeOrBuffer (C:\Users\Nuruzzaman\AppData\Local\npm-cache\_npx\7750544ccf494d8b\node_modules\winston-transport\node_modules\readable-stream\lib\_stream_writable.js:381:5)
    at Writable.write (C:\Users\Nuruzzaman\AppData\Local\npm-cache\_npx\7750544ccf494d8b\node_modules\winston-transport\node_modules\readable-stream\lib\_stream_writable.js:302:11)
    at DerivedLogger.ondata (C:\Users\Nuruzzaman\AppData\Local\npm-cache\_npx\7750544ccf494d8b\node_modules\winston\node_modules\readable-stream\lib\_stream_readable.js:629:20)
[error] 
[error] Error: An unexpected error has occurred.
[debug] [2026-06-09T09:11:43.467Z] Error: EPIPE: broken pipe, write
    at Socket._write (node:internal/net:63:18)
    at writeOrBuffer (node:internal/streams/writable:572:12)
    at _write (node:internal/streams/writable:501:10)
    at Writable.write (node:internal/streams/writable:510:10)
    at Console.log (C:\Users\Nuruzzaman\AppData\Local\npm-cache\_npx\7750544ccf494d8b\node_modules\winston\lib\winston\transports\console.js:87:23)
    at Console._write (C:\Users\Nuruzzaman\AppData\Local\npm-cache\_npx\7750544ccf494d8b\node_modules\winston-transport\modern.js:103:17)
    at doWrite (C:\Users\Nuruzzaman\AppData\Local\npm-cache\_npx\7750544ccf494d8b\node_modules\winston-transport\node_modules\readable-stream\lib\_stream_writable.js:390:139)
    at writeOrBuffer (C:\Users\Nuruzzaman\AppData\Local\npm-cache\_npx\7750544ccf494d8b\node_modules\winston-transport\node_modules\readable-stream\lib\_stream_writable.js:381:5)
    at Writable.write (C:\Users\Nuruzzaman\AppData\Local\npm-cache\_npx\7750544ccf494d8b\node_modules\winston-transport\node_modules\readable-stream\lib\_stream_writable.js:302:11)
    at DerivedLogger.ondata (C:\Users\Nuruzzaman\AppData\Local\npm-cache\_npx\7750544ccf494d8b\node_modules\winston\node_modules\readable-stream\lib\_stream_readable.js:629:20)
[error] 
[error] Error: An unexpected error has occurred.
[debug] [2026-06-09T09:11:43.467Z] Error: EPIPE: broken pipe, write
    at Socket._write (node:internal/net:63:18)
    at writeOrBuffer (node:internal/streams/writable:572:12)
    at _write (node:internal/streams/writable:501:10)
    at Writable.write (node:internal/streams/writable:510:10)
    at Console.log (C:\Users\Nuruzzaman\AppData\Local\npm-cache\_npx\7750544ccf494d8b\node_modules\winston\lib\winston\transports\console.js:87:23)
    at Console._write (C:\Users\Nuruzzaman\AppData\Local\npm-cache\_npx\7750544ccf494d8b\node_modules\winston-transport\modern.js:103:17)
    at doWrite (C:\Users\Nuruzzaman\AppData\Local\npm-cache\_npx\7750544ccf494d8b\node_modules\winston-transport\node_modules\readable-stream\lib\_stream_writable.js:390:139)
    at writeOrBuffer (C:\Users\Nuruzzaman\AppData\Local\npm-cache\_npx\7750544ccf494d8b\node_modules\winston-transport\node_modules\readable-stream\lib\_stream_writable.js:381:5)
    at Writable.write (C:\Users\Nuruzzaman\AppData\Local\npm-cache\_npx\7750544ccf494d8b\node_modules\winston-transport\node_modules\readable-stream\lib\_stream_writable.js:302:11)
    at DerivedLogger.ondata (C:\Users\Nuruzzaman\AppData\Local\npm-cache\_npx\7750544ccf494d8b\node_modules\winston\node_modules\readable-stream\lib\_stream_readable.js:629:20)
[error] 
[error] Error: An unexpected error has occurred.
[debug] [2026-06-09T09:11:43.467Z] Error: EPIPE: broken pipe, write
    at Socket._write (node:internal/net:63:18)
    at writeOrBuffer (node:internal/streams/writable:572:12)
    at _write (node:internal/streams/writable:501:10)
    at Writable.write (node:internal/streams/writable:510:10)
    at Console.log (C:\Users\Nuruzzaman\AppData\Local\npm-cache\_npx\7750544ccf494d8b\node_modules\winston\lib\winston\transports\console.js:87:23)
    at Console._write (C:\Users\Nuruzzaman\AppData\Local\npm-cache\_npx\7750544ccf494d8b\node_modules\winston-transport\modern.js:103:17)
    at doWrite (C:\Users\Nuruzzaman\AppData\Local\npm-cache\_npx\7750544ccf494d8b\node_modules\winston-transport\node_modules\readable-stream\lib\_stream_writable.js:390:139)
    at writeOrBuffer (C:\Users\Nuruzzaman\AppData\Local\npm-cache\_npx\7750544ccf494d8b\node_modules\winston-transport\node_modules\readable-stream\lib\_stream_writable.js:381:5)
    at Writable.write (C:\Users\Nuruzzaman\AppData\Local\npm-cache\_npx\7750544ccf494d8b\node_modules\winston-transport\node_modules\readable-stream\lib\_stream_writable.js:302:11)
    at DerivedLogger.ondata (C:\Users\Nuruzzaman\AppData\Local\npm-cache\_npx\7750544ccf494d8b\node_modules\winston\node_modules\readable-stream\lib\_stream_readable.js:629:20)
[error] 
[error] Error: An unexpected error has occurred.
[debug] [2026-06-09T09:11:43.468Z] Error: EPIPE: broken pipe, write
    at Socket._write (node:internal/net:63:18)
    at writeOrBuffer (node:internal/streams/writable:572:12)
    at _write (node:internal/streams/writable:501:10)
    at Writable.write (node:internal/streams/writable:510:10)
    at Console.log (C:\Users\Nuruzzaman\AppData\Local\npm-cache\_npx\7750544ccf494d8b\node_modules\winston\lib\winston\transports\console.js:87:23)
    at Console._write (C:\Users\Nuruzzaman\AppData\Local\npm-cache\_npx\7750544ccf494d8b\node_modules\winston-transport\modern.js:103:17)
    at doWrite (C:\Users\Nuruzzaman\AppData\Local\npm-cache\_npx\7750544ccf494d8b\node_modules\winston-transport\node_modules\readable-stream\lib\_stream_writable.js:390:139)
    at writeOrBuffer (C:\Users\Nuruzzaman\AppData\Local\npm-cache\_npx\7750544ccf494d8b\node_modules\winston-transport\node_modules\readable-stream\lib\_stream_writable.js:381:5)
    at Writable.write (C:\Users\Nuruzzaman\AppData\Local\npm-cache\_npx\7750544ccf494d8b\node_modules\winston-transport\node_modules\readable-stream\lib\_stream_writable.js:302:11)
    at DerivedLogger.ondata (C:\Users\Nuruzzaman\AppData\Local\npm-cache\_npx\7750544ccf494d8b\node_modules\winston\node_modules\readable-stream\lib\_stream_readable.js:629:20)
[error] 
[error] Error: An unexpected error has occurred.
[debug] [2026-06-09T09:11:43.468Z] Error: EPIPE: broken pipe, write
    at Socket._write (node:internal/net:63:18)
    at writeOrBuffer (node:internal/streams/writable:572:12)
    at _write (node:internal/streams/writable:501:10)
    at Writable.write (node:internal/streams/writable:510:10)
    at Console.log (C:\Users\Nuruzzaman\AppData\Local\npm-cache\_npx\7750544ccf494d8b\node_modules\winston\lib\winston\transports\console.js:87:23)
    at Console._write (C:\Users\Nuruzzaman\AppData\Local\npm-cache\_npx\7750544ccf494d8b\node_modules\winston-transport\modern.js:103:17)
    at doWrite (C:\Users\Nuruzzaman\AppData\Local\npm-cache\_npx\7750544ccf494d8b\node_modules\winston-transport\node_modules\readable-stream\lib\_stream_writable.js:390:139)
    at writeOrBuffer (C:\Users\Nuruzzaman\AppData\Local\npm-cache\_npx\7750544ccf494d8b\node_modules\winston-transport\node_modules\readable-stream\lib\_stream_writable.js:381:5)
    at Writable.write (C:\Users\Nuruzzaman\AppData\Local\npm-cache\_npx\7750544ccf494d8b\node_modules\winston-transport\node_modules\readable-stream\lib\_stream_writable.js:302:11)
    at DerivedLogger.ondata (C:\Users\Nuruzzaman\AppData\Local\npm-cache\_npx\7750544ccf494d8b\node_modules\winston\node_modules\readable-stream\lib\_stream_readable.js:629:20)
[error] 
[error] Error: An unexpected error has occurred.
[debug] [2026-06-09T09:11:43.468Z] Error: EPIPE: broken pipe, write
    at Socket._write (node:internal/net:63:18)
    at writeOrBuffer (node:internal/streams/writable:572:12)
    at _write (node:internal/streams/writable:501:10)
    at Writable.write (node:internal/streams/writable:510:10)
    at Console.log (C:\Users\Nuruzzaman\AppData\Local\npm-cache\_npx\7750544ccf494d8b\node_modules\winston\lib\winston\transports\console.js:87:23)
    at Console._write (C:\Users\Nuruzzaman\AppData\Local\npm-cache\_npx\7750544ccf494d8b\node_modules\winston-transport\modern.js:103:17)
    at doWrite (C:\Users\Nuruzzaman\AppData\Local\npm-cache\_npx\7750544ccf494d8b\node_modules\winston-transport\node_modules\readable-stream\lib\_stream_writable.js:390:139)
    at writeOrBuffer (C:\Users\Nuruzzaman\AppData\Local\npm-cache\_npx\7750544ccf494d8b\node_modules\winston-transport\node_modules\readable-stream\lib\_stream_writable.js:381:5)
    at Writable.write (C:\Users\Nuruzzaman\AppData\Local\npm-cache\_npx\7750544ccf494d8b\node_modules\winston-transport\node_modules\readable-stream\lib\_stream_writable.js:302:11)
    at DerivedLogger.ondata (C:\Users\Nuruzzaman\AppData\Local\npm-cache\_npx\7750544ccf494d8b\node_modules\winston\node_modules\readable-stream\lib\_stream_readable.js:629:20)
[error] 
[error] Error: An unexpected error has occurred.
[debug] [2026-06-09T09:11:43.468Z] Error: EPIPE: broken pipe, write
    at Socket._write (node:internal/net:63:18)
    at writeOrBuffer (node:internal/streams/writable:572:12)
    at _write (node:internal/streams/writable:501:10)
    at Writable.write (node:internal/streams/writable:510:10)
    at Console.log (C:\Users\Nuruzzaman\AppData\Local\npm-cache\_npx\7750544ccf494d8b\node_modules\winston\lib\winston\transports\console.js:87:23)
    at Console._write (C:\Users\Nuruzzaman\AppData\Local\npm-cache\_npx\7750544ccf494d8b\node_modules\winston-transport\modern.js:103:17)
    at doWrite (C:\Users\Nuruzzaman\AppData\Local\npm-cache\_npx\7750544ccf494d8b\node_modules\winston-transport\node_modules\readable-stream\lib\_stream_writable.js:390:139)
    at writeOrBuffer (C:\Users\Nuruzzaman\AppData\Local\npm-cache\_npx\7750544ccf494d8b\node_modules\winston-transport\node_modules\readable-stream\lib\_stream_writable.js:381:5)
    at Writable.write (C:\Users\Nuruzzaman\AppData\Local\npm-cache\_npx\7750544ccf494d8b\node_modules\winston-transport\node_modules\readable-stream\lib\_stream_writable.js:302:11)
    at DerivedLogger.ondata (C:\Users\Nuruzzaman\AppData\Local\npm-cache\_npx\7750544ccf494d8b\node_modules\winston\node_modules\readable-stream\lib\_stream_readable.js:629:20)
[error] 
[error] Error: An unexpected error has occurred.
[debug] [2026-06-09T09:11:43.468Z] Error: EPIPE: broken pipe, write
    at Socket._write (node:internal/net:63:18)
    at writeOrBuffer (node:internal/streams/writable:572:12)
    at _write (node:internal/streams/writable:501:10)
    at Writable.write (node:internal/streams/writable:510:10)
    at Console.log (C:\Users\Nuruzzaman\AppData\Local\npm-cache\_npx\7750544ccf494d8b\node_modules\winston\lib\winston\transports\console.js:87:23)
    at Console._write (C:\Users\Nuruzzaman\AppData\Local\npm-cache\_npx\7750544ccf494d8b\node_modules\winston-transport\modern.js:103:17)
    at doWrite (C:\Users\Nuruzzaman\AppData\Local\npm-cache\_npx\7750544ccf494d8b\node_modules\winston-transport\node_modules\readable-stream\lib\_stream_writable.js:390:139)
    at writeOrBuffer (C:\Users\Nuruzzaman\AppData\Local\npm-cache\_npx\7750544ccf494d8b\node_modules\winston-transport\node_modules\readable-stream\lib\_stream_writable.js:381:5)
    at Writable.write (C:\Users\Nuruzzaman\AppData\Local\npm-cache\_npx\7750544ccf494d8b\node_modules\winston-transport\node_modules\readable-stream\lib\_stream_writable.js:302:11)
    at DerivedLogger.ondata (C:\Users\Nuruzzaman\AppData\Local\npm-cache\_npx\7750544ccf494d8b\node_modules\winston\node_modules\readable-stream\lib\_stream_readable.js:629:20)
[error] 
[error] Error: An unexpected error has occurred.
[debug] [2026-06-09T09:11:43.468Z] Error: EPIPE: broken pipe, write
    at Socket._write (node:internal/net:63:18)
    at writeOrBuffer (node:internal/streams/writable:572:12)
    at _write (node:internal/streams/writable:501:10)
    at Writable.write (node:internal/streams/writable:510:10)
    at Console.log (C:\Users\Nuruzzaman\AppData\Local\npm-cache\_npx\7750544ccf494d8b\node_modules\winston\lib\winston\transports\console.js:87:23)
    at Console._write (C:\Users\Nuruzzaman\AppData\Local\npm-cache\_npx\7750544ccf494d8b\node_modules\winston-transport\modern.js:103:17)
    at doWrite (C:\Users\Nuruzzaman\AppData\Local\npm-cache\_npx\7750544ccf494d8b\node_modules\winston-transport\node_modules\readable-stream\lib\_stream_writable.js:390:139)
    at writeOrBuffer (C:\Users\Nuruzzaman\AppData\Local\npm-cache\_npx\7750544ccf494d8b\node_modules\winston-transport\node_modules\readable-stream\lib\_stream_writable.js:381:5)
    at Writable.write (C:\Users\Nuruzzaman\AppData\Local\npm-cache\_npx\7750544ccf494d8b\node_modules\winston-transport\node_modules\readable-stream\lib\_stream_writable.js:302:11)
    at DerivedLogger.ondata (C:\Users\Nuruzzaman\AppData\Local\npm-cache\_npx\7750544ccf494d8b\node_modules\winston\node_modules\readable-stream\lib\_stream_readable.js:629:20)
[error] 
[error] Error: An unexpected error has occurred.
[debug] [2026-06-09T09:11:43.469Z] Error: EPIPE: broken pipe, write
    at Socket._write (node:internal/net:63:18)
    at writeOrBuffer (node:internal/streams/writable:572:12)
    at _write (node:internal/streams/writable:501:10)
    at Writable.write (node:internal/streams/writable:510:10)
    at Console.log (C:\Users\Nuruzzaman\AppData\Local\npm-cache\_npx\7750544ccf494d8b\node_modules\winston\lib\winston\transports\console.js:87:23)
    at Console._write (C:\Users\Nuruzzaman\AppData\Local\npm-cache\_npx\7750544ccf494d8b\node_modules\winston-transport\modern.js:103:17)
    at doWrite (C:\Users\Nuruzzaman\AppData\Local\npm-cache\_npx\7750544ccf494d8b\node_modules\winston-transport\node_modules\readable-stream\lib\_stream_writable.js:390:139)
    at writeOrBuffer (C:\Users\Nuruzzaman\AppData\Local\npm-cache\_npx\7750544ccf494d8b\node_modules\winston-transport\node_modules\readable-stream\lib\_stream_writable.js:381:5)
    at Writable.write (C:\Users\Nuruzzaman\AppData\Local\npm-cache\_npx\7750544ccf494d8b\node_modules\winston-transport\node_modules\readable-stream\lib\_stream_writable.js:302:11)
    at DerivedLogger.ondata (C:\Users\Nuruzzaman\AppData\Local\npm-cache\_npx\7750544ccf494d8b\node_modules\winston\node_modules\readable-stream\lib\_stream_readable.js:629:20)
[error] 
[error] Error: An unexpected error has occurred.
[debug] [2026-06-09T09:11:43.469Z] Error: EPIPE: broken pipe, write
    at Socket._write (node:internal/net:63:18)
    at writeOrBuffer (node:internal/streams/writable:572:12)
    at _write (node:internal/streams/writable:501:10)
    at Writable.write (node:internal/streams/writable:510:10)
    at Console.log (C:\Users\Nuruzzaman\AppData\Local\npm-cache\_npx\7750544ccf494d8b\node_modules\winston\lib\winston\transports\console.js:87:23)
    at Console._write (C:\Users\Nuruzzaman\AppData\Local\npm-cache\_npx\7750544ccf494d8b\node_modules\winston-transport\modern.js:103:17)
    at doWrite (C:\Users\Nuruzzaman\AppData\Local\npm-cache\_npx\7750544ccf494d8b\node_modules\winston-transport\node_modules\readable-stream\lib\_stream_writable.js:390:139)
    at writeOrBuffer (C:\Users\Nuruzzaman\AppData\Local\npm-cache\_npx\7750544ccf494d8b\node_modules\winston-transport\node_modules\readable-stream\lib\_stream_writable.js:381:5)
    at Writable.write (C:\Users\Nuruzzaman\AppData\Local\npm-cache\_npx\7750544ccf494d8b\node_modules\winston-transport\node_modules\readable-stream\lib\_stream_writable.js:302:11)
    at DerivedLogger.ondata (C:\Users\Nuruzzaman\AppData\Local\npm-cache\_npx\7750544ccf494d8b\node_modules\winston\node_modules\readable-stream\lib\_stream_readable.js:629:20)
[error] 
[error] Error: An unexpected error has occurred.
[debug] [2026-06-09T09:11:43.470Z] Error: EPIPE: broken pipe, write
    at Socket._write (node:internal/net:63:18)
    at writeOrBuffer (node:internal/streams/writable:572:12)
    at _write (node:internal/streams/writable:501:10)
    at Writable.write (node:internal/streams/writable:510:10)
    at Console.log (C:\Users\Nuruzzaman\AppData\Local\npm-cache\_npx\7750544ccf494d8b\node_modules\winston\lib\winston\transports\console.js:87:23)
    at Console._write (C:\Users\Nuruzzaman\AppData\Local\npm-cache\_npx\7750544ccf494d8b\node_modules\winston-transport\modern.js:103:17)
    at doWrite (C:\Users\Nuruzzaman\AppData\Local\npm-cache\_npx\7750544ccf494d8b\node_modules\winston-transport\node_modules\readable-stream\lib\_stream_writable.js:390:139)
    at writeOrBuffer (C:\Users\Nuruzzaman\AppData\Local\npm-cache\_npx\7750544ccf494d8b\node_modules\winston-transport\node_modules\readable-stream\lib\_stream_writable.js:381:5)
    at Writable.write (C:\Users\Nuruzzaman\AppData\Local\npm-cache\_npx\7750544ccf494d8b\node_modules\winston-transport\node_modules\readable-stream\lib\_stream_writable.js:302:11)
    at DerivedLogger.ondata (C:\Users\Nuruzzaman\AppData\Local\npm-cache\_npx\7750544ccf494d8b\node_modules\winston\node_modules\readable-stream\lib\_stream_readable.js:629:20)
[error] 
[error] Error: An unexpected error has occurred.
[debug] [2026-06-09T09:11:43.470Z] Error: EPIPE: broken pipe, write
    at Socket._write (node:internal/net:63:18)
    at writeOrBuffer (node:internal/streams/writable:572:12)
    at _write (node:internal/streams/writable:501:10)
    at Writable.write (node:internal/streams/writable:510:10)
    at Console.log (C:\Users\Nuruzzaman\AppData\Local\npm-cache\_npx\7750544ccf494d8b\node_modules\winston\lib\winston\transports\console.js:87:23)
    at Console._write (C:\Users\Nuruzzaman\AppData\Local\npm-cache\_npx\7750544ccf494d8b\node_modules\winston-transport\modern.js:103:17)
    at doWrite (C:\Users\Nuruzzaman\AppData\Local\npm-cache\_npx\7750544ccf494d8b\node_modules\winston-transport\node_modules\readable-stream\lib\_stream_writable.js:390:139)
    at writeOrBuffer (C:\Users\Nuruzzaman\AppData\Local\npm-cache\_npx\7750544ccf494d8b\node_modules\winston-transport\node_modules\readable-stream\lib\_stream_writable.js:381:5)
    at Writable.write (C:\Users\Nuruzzaman\AppData\Local\npm-cache\_npx\7750544ccf494d8b\node_modules\winston-transport\node_modules\readable-stream\lib\_stream_writable.js:302:11)
    at DerivedLogger.ondata (C:\Users\Nuruzzaman\AppData\Local\npm-cache\_npx\7750544ccf494d8b\node_modules\winston\node_modules\readable-stream\lib\_stream_readable.js:629:20)
[error] 
[error] Error: An unexpected error has occurred.
[debug] [2026-06-09T09:11:43.470Z] Error: EPIPE: broken pipe, write
    at Socket._write (node:internal/net:63:18)
    at writeOrBuffer (node:internal/streams/writable:572:12)
    at _write (node:internal/streams/writable:501:10)
    at Writable.write (node:internal/streams/writable:510:10)
    at Console.log (C:\Users\Nuruzzaman\AppData\Local\npm-cache\_npx\7750544ccf494d8b\node_modules\winston\lib\winston\transports\console.js:87:23)
    at Console._write (C:\Users\Nuruzzaman\AppData\Local\npm-cache\_npx\7750544ccf494d8b\node_modules\winston-transport\modern.js:103:17)
    at doWrite (C:\Users\Nuruzzaman\AppData\Local\npm-cache\_npx\7750544ccf494d8b\node_modules\winston-transport\node_modules\readable-stream\lib\_stream_writable.js:390:139)
    at writeOrBuffer (C:\Users\Nuruzzaman\AppData\Local\npm-cache\_npx\7750544ccf494d8b\node_modules\winston-transport\node_modules\readable-stream\lib\_stream_writable.js:381:5)
    at Writable.write (C:\Users\Nuruzzaman\AppData\Local\npm-cache\_npx\7750544ccf494d8b\node_modules\winston-transport\node_modules\readable-stream\lib\_stream_writable.js:302:11)
    at DerivedLogger.ondata (C:\Users\Nuruzzaman\AppData\Local\npm-cache\_npx\7750544ccf494d8b\node_modules\winston\node_modules\readable-stream\lib\_stream_readable.js:629:20)
[error] 
[error] Error: An unexpected error has occurred.
[debug] [2026-06-09T09:11:43.470Z] Error: EPIPE: broken pipe, write
    at Socket._write (node:internal/net:63:18)
    at writeOrBuffer (node:internal/streams/writable:572:12)
    at _write (node:internal/streams/writable:501:10)
    at Writable.write (node:internal/streams/writable:510:10)
    at Console.log (C:\Users\Nuruzzaman\AppData\Local\npm-cache\_npx\7750544ccf494d8b\node_modules\winston\lib\winston\transports\console.js:87:23)
    at Console._write (C:\Users\Nuruzzaman\AppData\Local\npm-cache\_npx\7750544ccf494d8b\node_modules\winston-transport\modern.js:103:17)
    at doWrite (C:\Users\Nuruzzaman\AppData\Local\npm-cache\_npx\7750544ccf494d8b\node_modules\winston-transport\node_modules\readable-stream\lib\_stream_writable.js:390:139)
    at writeOrBuffer (C:\Users\Nuruzzaman\AppData\Local\npm-cache\_npx\7750544ccf494d8b\node_modules\winston-transport\node_modules\readable-stream\lib\_stream_writable.js:381:5)
    at Writable.write (C:\Users\Nuruzzaman\AppData\Local\npm-cache\_npx\7750544ccf494d8b\node_modules\winston-transport\node_modules\readable-stream\lib\_stream_writable.js:302:11)
    at DerivedLogger.ondata (C:\Users\Nuruzzaman\AppData\Local\npm-cache\_npx\7750544ccf494d8b\node_modules\winston\node_modules\readable-stream\lib\_stream_readable.js:629:20)
[error] 
[error] Error: An unexpected error has occurred.
[debug] [2026-06-09T09:11:43.470Z] Error: EPIPE: broken pipe, write
    at Socket._write (node:internal/net:63:18)
    at writeOrBuffer (node:internal/streams/writable:572:12)
    at _write (node:internal/streams/writable:501:10)
    at Writable.write (node:internal/streams/writable:510:10)
    at Console.log (C:\Users\Nuruzzaman\AppData\Local\npm-cache\_npx\7750544ccf494d8b\node_modules\winston\lib\winston\transports\console.js:87:23)
    at Console._write (C:\Users\Nuruzzaman\AppData\Local\npm-cache\_npx\7750544ccf494d8b\node_modules\winston-transport\modern.js:103:17)
    at doWrite (C:\Users\Nuruzzaman\AppData\Local\npm-cache\_npx\7750544ccf494d8b\node_modules\winston-transport\node_modules\readable-stream\lib\_stream_writable.js:390:139)
    at writeOrBuffer (C:\Users\Nuruzzaman\AppData\Local\npm-cache\_npx\7750544ccf494d8b\node_modules\winston-transport\node_modules\readable-stream\lib\_stream_writable.js:381:5)
    at Writable.write (C:\Users\Nuruzzaman\AppData\Local\npm-cache\_npx\7750544ccf494d8b\node_modules\winston-transport\node_modules\readable-stream\lib\_stream_writable.js:302:11)
    at DerivedLogger.ondata (C:\Users\Nuruzzaman\AppData\Local\npm-cache\_npx\7750544ccf494d8b\node_modules\winston\node_modules\readable-stream\lib\_stream_readable.js:629:20)
[error] 
[error] Error: An unexpected error has occurred.
[debug] [2026-06-09T09:11:43.471Z] Error: EPIPE: broken pipe, write
    at Socket._write (node:internal/net:63:18)
    at writeOrBuffer (node:internal/streams/writable:572:12)
    at _write (node:internal/streams/writable:501:10)
    at Writable.write (node:internal/streams/writable:510:10)
    at Console.log (C:\Users\Nuruzzaman\AppData\Local\npm-cache\_npx\7750544ccf494d8b\node_modules\winston\lib\winston\transports\console.js:87:23)
    at Console._write (C:\Users\Nuruzzaman\AppData\Local\npm-cache\_npx\7750544ccf494d8b\node_modules\winston-transport\modern.js:103:17)
    at doWrite (C:\Users\Nuruzzaman\AppData\Local\npm-cache\_npx\7750544ccf494d8b\node_modules\winston-transport\node_modules\readable-stream\lib\_stream_writable.js:390:139)
    at writeOrBuffer (C:\Users\Nuruzzaman\AppData\Local\npm-cache\_npx\7750544ccf494d8b\node_modules\winston-transport\node_modules\readable-stream\lib\_stream_writable.js:381:5)
    at Writable.write (C:\Users\Nuruzzaman\AppData\Local\npm-cache\_npx\7750544ccf494d8b\node_modules\winston-transport\node_modules\readable-stream\lib\_stream_writable.js:302:11)
    at DerivedLogger.ondata (C:\Users\Nuruzzaman\AppData\Local\npm-cache\_npx\7750544ccf494d8b\node_modules\winston\node_modules\readable-stream\lib\_stream_readable.js:629:20)
[error] 
[error] Error: An unexpected error has occurred.
[debug] [2026-06-09T09:11:43.471Z] Error: EPIPE: broken pipe, write
    at Socket._write (node:internal/net:63:18)
    at writeOrBuffer (node:internal/streams/writable:572:12)
    at _write (node:internal/streams/writable:501:10)
    at Writable.write (node:internal/streams/writable:510:10)
    at Console.log (C:\Users\Nuruzzaman\AppData\Local\npm-cache\_npx\7750544ccf494d8b\node_modules\winston\lib\winston\transports\console.js:87:23)
    at Console._write (C:\Users\Nuruzzaman\AppData\Local\npm-cache\_npx\7750544ccf494d8b\node_modules\winston-transport\modern.js:103:17)
    at doWrite (C:\Users\Nuruzzaman\AppData\Local\npm-cache\_npx\7750544ccf494d8b\node_modules\winston-transport\node_modules\readable-stream\lib\_stream_writable.js:390:139)
    at writeOrBuffer (C:\Users\Nuruzzaman\AppData\Local\npm-cache\_npx\7750544ccf494d8b\node_modules\winston-transport\node_modules\readable-stream\lib\_stream_writable.js:381:5)
    at Writable.write (C:\Users\Nuruzzaman\AppData\Local\npm-cache\_npx\7750544ccf494d8b\node_modules\winston-transport\node_modules\readable-stream\lib\_stream_writable.js:302:11)
    at DerivedLogger.ondata (C:\Users\Nuruzzaman\AppData\Local\npm-cache\_npx\7750544ccf494d8b\node_modules\winston\node_modules\readable-stream\lib\_stream_readable.js:629:20)
[error] 
[error] Error: An unexpected error has occurred.
[debug] [2026-06-09T09:11:43.471Z] Error: EPIPE: broken pipe, write
    at Socket._write (node:internal/net:63:18)
    at writeOrBuffer (node:internal/streams/writable:572:12)
    at _write (node:internal/streams/writable:501:10)
    at Writable.write (node:internal/streams/writable:510:10)
    at Console.log (C:\Users\Nuruzzaman\AppData\Local\npm-cache\_npx\7750544ccf494d8b\node_modules\winston\lib\winston\transports\console.js:87:23)
    at Console._write (C:\Users\Nuruzzaman\AppData\Local\npm-cache\_npx\7750544ccf494d8b\node_modules\winston-transport\modern.js:103:17)
    at doWrite (C:\Users\Nuruzzaman\AppData\Local\npm-cache\_npx\7750544ccf494d8b\node_modules\winston-transport\node_modules\readable-stream\lib\_stream_writable.js:390:139)
    at writeOrBuffer (C:\Users\Nuruzzaman\AppData\Local\npm-cache\_npx\7750544ccf494d8b\node_modules\winston-transport\node_modules\readable-stream\lib\_stream_writable.js:381:5)
    at Writable.write (C:\Users\Nuruzzaman\AppData\Local\npm-cache\_npx\7750544ccf494d8b\node_modules\winston-transport\node_modules\readable-stream\lib\_stream_writable.js:302:11)
    at DerivedLogger.ondata (C:\Users\Nuruzzaman\AppData\Local\npm-cache\_npx\7750544ccf494d8b\node_modules\winston\node_modules\readable-stream\lib\_stream_readable.js:629:20)
[error] 
[error] Error: An unexpected error has occurred.
[debug] [2026-06-09T09:11:43.471Z] Error: EPIPE: broken pipe, write
    at Socket._write (node:internal/net:63:18)
    at writeOrBuffer (node:internal/streams/writable:572:12)
    at _write (node:internal/streams/writable:501:10)
    at Writable.write (node:internal/streams/writable:510:10)
    at Console.log (C:\Users\Nuruzzaman\AppData\Local\npm-cache\_npx\7750544ccf494d8b\node_modules\winston\lib\winston\transports\console.js:87:23)
    at Console._write (C:\Users\Nuruzzaman\AppData\Local\npm-cache\_npx\7750544ccf494d8b\node_modules\winston-transport\modern.js:103:17)
    at doWrite (C:\Users\Nuruzzaman\AppData\Local\npm-cache\_npx\7750544ccf494d8b\node_modules\winston-transport\node_modules\readable-stream\lib\_stream_writable.js:390:139)
    at writeOrBuffer (C:\Users\Nuruzzaman\AppData\Local\npm-cache\_npx\7750544ccf494d8b\node_modules\winston-transport\node_modules\readable-stream\lib\_stream_writable.js:381:5)
    at Writable.write (C:\Users\Nuruzzaman\AppData\Local\npm-cache\_npx\7750544ccf494d8b\node_modules\winston-transport\node_modules\readable-stream\lib\_stream_writable.js:302:11)
    at DerivedLogger.ondata (C:\Users\Nuruzzaman\AppData\Local\npm-cache\_npx\7750544ccf494d8b\node_modules\winston\node_modules\readable-stream\lib\_stream_readable.js:629:20)
[error] 
[error] Error: An unexpected error has occurred.
[debug] [2026-06-09T09:11:43.471Z] Error: EPIPE: broken pipe, write
    at Socket._write (node:internal/net:63:18)
    at writeOrBuffer (node:internal/streams/writable:572:12)
    at _write (node:internal/streams/writable:501:10)
    at Writable.write (node:internal/streams/writable:510:10)
    at Console.log (C:\Users\Nuruzzaman\AppData\Local\npm-cache\_npx\7750544ccf494d8b\node_modules\winston\lib\winston\transports\console.js:87:23)
    at Console._write (C:\Users\Nuruzzaman\AppData\Local\npm-cache\_npx\7750544ccf494d8b\node_modules\winston-transport\modern.js:103:17)
    at doWrite (C:\Users\Nuruzzaman\AppData\Local\npm-cache\_npx\7750544ccf494d8b\node_modules\winston-transport\node_modules\readable-stream\lib\_stream_writable.js:390:139)
    at writeOrBuffer (C:\Users\Nuruzzaman\AppData\Local\npm-cache\_npx\7750544ccf494d8b\node_modules\winston-transport\node_modules\readable-stream\lib\_stream_writable.js:381:5)
    at Writable.write (C:\Users\Nuruzzaman\AppData\Local\npm-cache\_npx\7750544ccf494d8b\node_modules\winston-transport\node_modules\readable-stream\lib\_stream_writable.js:302:11)
    at DerivedLogger.ondata (C:\Users\Nuruzzaman\AppData\Local\npm-cache\_npx\7750544ccf494d8b\node_modules\winston\node_modules\readable-stream\lib\_stream_readable.js:629:20)
[error] 
[error] Error: An unexpected error has occurred.
[debug] [2026-06-09T09:11:43.472Z] Error: EPIPE: broken pipe, write
    at Socket._write (node:internal/net:63:18)
    at writeOrBuffer (node:internal/streams/writable:572:12)
    at _write (node:internal/streams/writable:501:10)
    at Writable.write (node:internal/streams/writable:510:10)
    at Console.log (C:\Users\Nuruzzaman\AppData\Local\npm-cache\_npx\7750544ccf494d8b\node_modules\winston\lib\winston\transports\console.js:87:23)
    at Console._write (C:\Users\Nuruzzaman\AppData\Local\npm-cache\_npx\7750544ccf494d8b\node_modules\winston-transport\modern.js:103:17)
    at doWrite (C:\Users\Nuruzzaman\AppData\Local\npm-cache\_npx\7750544ccf494d8b\node_modules\winston-transport\node_modules\readable-stream\lib\_stream_writable.js:390:139)
    at writeOrBuffer (C:\Users\Nuruzzaman\AppData\Local\npm-cache\_npx\7750544ccf494d8b\node_modules\winston-transport\node_modules\readable-stream\lib\_stream_writable.js:381:5)
    at Writable.write (C:\Users\Nuruzzaman\AppData\Local\npm-cache\_npx\7750544ccf494d8b\node_modules\winston-transport\node_modules\readable-stream\lib\_stream_writable.js:302:11)
    at DerivedLogger.ondata (C:\Users\Nuruzzaman\AppData\Local\npm-cache\_npx\7750544ccf494d8b\node_modules\winston\node_modules\readable-stream\lib\_stream_readable.js:629:20)
[error] 
[error] Error: An unexpected error has occurred.
[debug] [2026-06-09T09:11:43.472Z] Error: EPIPE: broken pipe, write
    at Socket._write (node:internal/net:63:18)
    at writeOrBuffer (node:internal/streams/writable:572:12)
    at _write (node:internal/streams/writable:501:10)
    at Writable.write (node:internal/streams/writable:510:10)
    at Console.log (C:\Users\Nuruzzaman\AppData\Local\npm-cache\_npx\7750544ccf494d8b\node_modules\winston\lib\winston\transports\console.js:87:23)
    at Console._write (C:\Users\Nuruzzaman\AppData\Local\npm-cache\_npx\7750544ccf494d8b\node_modules\winston-transport\modern.js:103:17)
    at doWrite (C:\Users\Nuruzzaman\AppData\Local\npm-cache\_npx\7750544ccf494d8b\node_modules\winston-transport\node_modules\readable-stream\lib\_stream_writable.js:390:139)
    at writeOrBuffer (C:\Users\Nuruzzaman\AppData\Local\npm-cache\_npx\7750544ccf494d8b\node_modules\winston-transport\node_modules\readable-stream\lib\_stream_writable.js:381:5)
    at Writable.write (C:\Users\Nuruzzaman\AppData\Local\npm-cache\_npx\7750544ccf494d8b\node_modules\winston-transport\node_modules\readable-stream\lib\_stream_writable.js:302:11)
    at DerivedLogger.ondata (C:\Users\Nuruzzaman\AppData\Local\npm-cache\_npx\7750544ccf494d8b\node_modules\winston\node_modules\readable-stream\lib\_stream_readable.js:629:20)
[error] 
[error] Error: An unexpected error has occurred.
[debug] [2026-06-09T09:11:43.473Z] Error: EPIPE: broken pipe, write
    at Socket._write (node:internal/net:63:18)
    at writeOrBuffer (node:internal/streams/writable:572:12)
    at _write (node:internal/streams/writable:501:10)
    at Writable.write (node:internal/streams/writable:510:10)
    at Console.log (C:\Users\Nuruzzaman\AppData\Local\npm-cache\_npx\7750544ccf494d8b\node_modules\winston\lib\winston\transports\console.js:87:23)
    at Console._write (C:\Users\Nuruzzaman\AppData\Local\npm-cache\_npx\7750544ccf494d8b\node_modules\winston-transport\modern.js:103:17)
    at doWrite (C:\Users\Nuruzzaman\AppData\Local\npm-cache\_npx\7750544ccf494d8b\node_modules\winston-transport\node_modules\readable-stream\lib\_stream_writable.js:390:139)
    at writeOrBuffer (C:\Users\Nuruzzaman\AppData\Local\npm-cache\_npx\7750544ccf494d8b\node_modules\winston-transport\node_modules\readable-stream\lib\_stream_writable.js:381:5)
    at Writable.write (C:\Users\Nuruzzaman\AppData\Local\npm-cache\_npx\7750544ccf494d8b\node_modules\winston-transport\node_modules\readable-stream\lib\_stream_writable.js:302:11)
    at DerivedLogger.ondata (C:\Users\Nuruzzaman\AppData\Local\npm-cache\_npx\7750544ccf494d8b\node_modules\winston\node_modules\readable-stream\lib\_stream_readable.js:629:20)
[error] 
[error] Error: An unexpected error has occurred.
[debug] [2026-06-09T09:11:43.473Z] Error: EPIPE: broken pipe, write
    at Socket._write (node:internal/net:63:18)
    at writeOrBuffer (node:internal/streams/writable:572:12)
    at _write (node:internal/streams/writable:501:10)
    at Writable.write (node:internal/streams/writable:510:10)
    at Console.log (C:\Users\Nuruzzaman\AppData\Local\npm-cache\_npx\7750544ccf494d8b\node_modules\winston\lib\winston\transports\console.js:87:23)
    at Console._write (C:\Users\Nuruzzaman\AppData\Local\npm-cache\_npx\7750544ccf494d8b\node_modules\winston-transport\modern.js:103:17)
    at doWrite (C:\Users\Nuruzzaman\AppData\Local\npm-cache\_npx\7750544ccf494d8b\node_modules\winston-transport\node_modules\readable-stream\lib\_stream_writable.js:390:139)
    at writeOrBuffer (C:\Users\Nuruzzaman\AppData\Local\npm-cache\_npx\7750544ccf494d8b\node_modules\winston-transport\node_modules\readable-stream\lib\_stream_writable.js:381:5)
    at Writable.write (C:\Users\Nuruzzaman\AppData\Local\npm-cache\_npx\7750544ccf494d8b\node_modules\winston-transport\node_modules\readable-stream\lib\_stream_writable.js:302:11)
    at DerivedLogger.ondata (C:\Users\Nuruzzaman\AppData\Local\npm-cache\_npx\7750544ccf494d8b\node_modules\winston\node_modules\readable-stream\lib\_stream_readable.js:629:20)
[error] 
[error] Error: An unexpected error has occurred.
[debug] [2026-06-09T09:11:43.473Z] Error: EPIPE: broken pipe, write
    at Socket._write (node:internal/net:63:18)
    at writeOrBuffer (node:internal/streams/writable:572:12)
    at _write (node:internal/streams/writable:501:10)
    at Writable.write (node:internal/streams/writable:510:10)
    at Console.log (C:\Users\Nuruzzaman\AppData\Local\npm-cache\_npx\7750544ccf494d8b\node_modules\winston\lib\winston\transports\console.js:87:23)
    at Console._write (C:\Users\Nuruzzaman\AppData\Local\npm-cache\_npx\7750544ccf494d8b\node_modules\winston-transport\modern.js:103:17)
    at doWrite (C:\Users\Nuruzzaman\AppData\Local\npm-cache\_npx\7750544ccf494d8b\node_modules\winston-transport\node_modules\readable-stream\lib\_stream_writable.js:390:139)
    at writeOrBuffer (C:\Users\Nuruzzaman\AppData\Local\npm-cache\_npx\7750544ccf494d8b\node_modules\winston-transport\node_modules\readable-stream\lib\_stream_writable.js:381:5)
    at Writable.write (C:\Users\Nuruzzaman\AppData\Local\npm-cache\_npx\7750544ccf494d8b\node_modules\winston-transport\node_modules\readable-stream\lib\_stream_writable.js:302:11)
    at DerivedLogger.ondata (C:\Users\Nuruzzaman\AppData\Local\npm-cache\_npx\7750544ccf494d8b\node_modules\winston\node_modules\readable-stream\lib\_stream_readable.js:629:20)
[error] 
[error] Error: An unexpected error has occurred.
[debug] [2026-06-09T09:11:43.473Z] Error: EPIPE: broken pipe, write
    at Socket._write (node:internal/net:63:18)
    at writeOrBuffer (node:internal/streams/writable:572:12)
    at _write (node:internal/streams/writable:501:10)
    at Writable.write (node:internal/streams/writable:510:10)
    at Console.log (C:\Users\Nuruzzaman\AppData\Local\npm-cache\_npx\7750544ccf494d8b\node_modules\winston\lib\winston\transports\console.js:87:23)
    at Console._write (C:\Users\Nuruzzaman\AppData\Local\npm-cache\_npx\7750544ccf494d8b\node_modules\winston-transport\modern.js:103:17)
    at doWrite (C:\Users\Nuruzzaman\AppData\Local\npm-cache\_npx\7750544ccf494d8b\node_modules\winston-transport\node_modules\readable-stream\lib\_stream_writable.js:390:139)
    at writeOrBuffer (C:\Users\Nuruzzaman\AppData\Local\npm-cache\_npx\7750544ccf494d8b\node_modules\winston-transport\node_modules\readable-stream\lib\_stream_writable.js:381:5)
    at Writable.write (C:\Users\Nuruzzaman\AppData\Local\npm-cache\_npx\7750544ccf494d8b\node_modules\winston-transport\node_modules\readable-stream\lib\_stream_writable.js:302:11)
    at DerivedLogger.ondata (C:\Users\Nuruzzaman\AppData\Local\npm-cache\_npx\7750544ccf494d8b\node_modules\winston\node_modules\readable-stream\lib\_stream_readable.js:629:20)
[error] 
[error] Error: An unexpected error has occurred.
[debug] [2026-06-09T09:11:43.474Z] Error: EPIPE: broken pipe, write
    at Socket._write (node:internal/net:63:18)
    at writeOrBuffer (node:internal/streams/writable:572:12)
    at _write (node:internal/streams/writable:501:10)
    at Writable.write (node:internal/streams/writable:510:10)
    at Console.log (C:\Users\Nuruzzaman\AppData\Local\npm-cache\_npx\7750544ccf494d8b\node_modules\winston\lib\winston\transports\console.js:87:23)
    at Console._write (C:\Users\Nuruzzaman\AppData\Local\npm-cache\_npx\7750544ccf494d8b\node_modules\winston-transport\modern.js:103:17)
    at doWrite (C:\Users\Nuruzzaman\AppData\Local\npm-cache\_npx\7750544ccf494d8b\node_modules\winston-transport\node_modules\readable-stream\lib\_stream_writable.js:390:139)
    at writeOrBuffer (C:\Users\Nuruzzaman\AppData\Local\npm-cache\_npx\7750544ccf494d8b\node_modules\winston-transport\node_modules\readable-stream\lib\_stream_writable.js:381:5)
    at Writable.write (C:\Users\Nuruzzaman\AppData\Local\npm-cache\_npx\7750544ccf494d8b\node_modules\winston-transport\node_modules\readable-stream\lib\_stream_writable.js:302:11)
    at DerivedLogger.ondata (C:\Users\Nuruzzaman\AppData\Local\npm-cache\_npx\7750544ccf494d8b\node_modules\winston\node_modules\readable-stream\lib\_stream_readable.js:629:20)
[error] 
[error] Error: An unexpected error has occurred.
[debug] [2026-06-09T09:11:43.474Z] Error: EPIPE: broken pipe, write
    at Socket._write (node:internal/net:63:18)
    at writeOrBuffer (node:internal/streams/writable:572:12)
    at _write (node:internal/streams/writable:501:10)
    at Writable.write (node:internal/streams/writable:510:10)
    at Console.log (C:\Users\Nuruzzaman\AppData\Local\npm-cache\_npx\7750544ccf494d8b\node_modules\winston\lib\winston\transports\console.js:87:23)
    at Console._write (C:\Users\Nuruzzaman\AppData\Local\npm-cache\_npx\7750544ccf494d8b\node_modules\winston-transport\modern.js:103:17)
    at doWrite (C:\Users\Nuruzzaman\AppData\Local\npm-cache\_npx\7750544ccf494d8b\node_modules\winston-transport\node_modules\readable-stream\lib\_stream_writable.js:390:139)
    at writeOrBuffer (C:\Users\Nuruzzaman\AppData\Local\npm-cache\_npx\7750544ccf494d8b\node_modules\winston-transport\node_modules\readable-stream\lib\_stream_writable.js:381:5)
    at Writable.write (C:\Users\Nuruzzaman\AppData\Local\npm-cache\_npx\7750544ccf494d8b\node_modules\winston-transport\node_modules\readable-stream\lib\_stream_writable.js:302:11)
    at DerivedLogger.ondata (C:\Users\Nuruzzaman\AppData\Local\npm-cache\_npx\7750544ccf494d8b\node_modules\winston\node_modules\readable-stream\lib\_stream_readable.js:629:20)
[error] 
[error] Error: An unexpected error has occurred.
[debug] [2026-06-09T09:11:43.474Z] Error: EPIPE: broken pipe, write
    at Socket._write (node:internal/net:63:18)
    at writeOrBuffer (node:internal/streams/writable:572:12)
    at _write (node:internal/streams/writable:501:10)
    at Writable.write (node:internal/streams/writable:510:10)
    at Console.log (C:\Users\Nuruzzaman\AppData\Local\npm-cache\_npx\7750544ccf494d8b\node_modules\winston\lib\winston\transports\console.js:87:23)
    at Console._write (C:\Users\Nuruzzaman\AppData\Local\npm-cache\_npx\7750544ccf494d8b\node_modules\winston-transport\modern.js:103:17)
    at doWrite (C:\Users\Nuruzzaman\AppData\Local\npm-cache\_npx\7750544ccf494d8b\node_modules\winston-transport\node_modules\readable-stream\lib\_stream_writable.js:390:139)
    at writeOrBuffer (C:\Users\Nuruzzaman\AppData\Local\npm-cache\_npx\7750544ccf494d8b\node_modules\winston-transport\node_modules\readable-stream\lib\_stream_writable.js:381:5)
    at Writable.write (C:\Users\Nuruzzaman\AppData\Local\npm-cache\_npx\7750544ccf494d8b\node_modules\winston-transport\node_modules\readable-stream\lib\_stream_writable.js:302:11)
    at DerivedLogger.ondata (C:\Users\Nuruzzaman\AppData\Local\npm-cache\_npx\7750544ccf494d8b\node_modules\winston\node_modules\readable-stream\lib\_stream_readable.js:629:20)
[error] 
[error] Error: An unexpected error has occurred.
[debug] [2026-06-09T09:11:43.474Z] Error: EPIPE: broken pipe, write
    at Socket._write (node:internal/net:63:18)
    at writeOrBuffer (node:internal/streams/writable:572:12)
    at _write (node:internal/streams/writable:501:10)
    at Writable.write (node:internal/streams/writable:510:10)
    at Console.log (C:\Users\Nuruzzaman\AppData\Local\npm-cache\_npx\7750544ccf494d8b\node_modules\winston\lib\winston\transports\console.js:87:23)
    at Console._write (C:\Users\Nuruzzaman\AppData\Local\npm-cache\_npx\7750544ccf494d8b\node_modules\winston-transport\modern.js:103:17)
    at doWrite (C:\Users\Nuruzzaman\AppData\Local\npm-cache\_npx\7750544ccf494d8b\node_modules\winston-transport\node_modules\readable-stream\lib\_stream_writable.js:390:139)
    at writeOrBuffer (C:\Users\Nuruzzaman\AppData\Local\npm-cache\_npx\7750544ccf494d8b\node_modules\winston-transport\node_modules\readable-stream\lib\_stream_writable.js:381:5)
    at Writable.write (C:\Users\Nuruzzaman\AppData\Local\npm-cache\_npx\7750544ccf494d8b\node_modules\winston-transport\node_modules\readable-stream\lib\_stream_writable.js:302:11)
    at DerivedLogger.ondata (C:\Users\Nuruzzaman\AppData\Local\npm-cache\_npx\7750544ccf494d8b\node_modules\winston\node_modules\readable-stream\lib\_stream_readable.js:629:20)
[error] 
[error] Error: An unexpected error has occurred.
[debug] [2026-06-09T09:11:43.475Z] Error: EPIPE: broken pipe, write
    at Socket._write (node:internal/net:63:18)
    at writeOrBuffer (node:internal/streams/writable:572:12)
    at _write (node:internal/streams/writable:501:10)
    at Writable.write (node:internal/streams/writable:510:10)
    at Console.log (C:\Users\Nuruzzaman\AppData\Local\npm-cache\_npx\7750544ccf494d8b\node_modules\winston\lib\winston\transports\console.js:87:23)
    at Console._write (C:\Users\Nuruzzaman\AppData\Local\npm-cache\_npx\7750544ccf494d8b\node_modules\winston-transport\modern.js:103:17)
    at doWrite (C:\Users\Nuruzzaman\AppData\Local\npm-cache\_npx\7750544ccf494d8b\node_modules\winston-transport\node_modules\readable-stream\lib\_stream_writable.js:390:139)
    at writeOrBuffer (C:\Users\Nuruzzaman\AppData\Local\npm-cache\_npx\7750544ccf494d8b\node_modules\winston-transport\node_modules\readable-stream\lib\_stream_writable.js:381:5)
    at Writable.write (C:\Users\Nuruzzaman\AppData\Local\npm-cache\_npx\7750544ccf494d8b\node_modules\winston-transport\node_modules\readable-stream\lib\_stream_writable.js:302:11)
    at DerivedLogger.ondata (C:\Users\Nuruzzaman\AppData\Local\npm-cache\_npx\7750544ccf494d8b\node_modules\winston\node_modules\readable-stream\lib\_stream_readable.js:629:20)
[error] 
[error] Error: An unexpected error has occurred.
[debug] [2026-06-09T09:11:43.475Z] Error: EPIPE: broken pipe, write
    at Socket._write (node:internal/net:63:18)
    at writeOrBuffer (node:internal/streams/writable:572:12)
    at _write (node:internal/streams/writable:501:10)
    at Writable.write (node:internal/streams/writable:510:10)
    at Console.log (C:\Users\Nuruzzaman\AppData\Local\npm-cache\_npx\7750544ccf494d8b\node_modules\winston\lib\winston\transports\console.js:87:23)
    at Console._write (C:\Users\Nuruzzaman\AppData\Local\npm-cache\_npx\7750544ccf494d8b\node_modules\winston-transport\modern.js:103:17)
    at doWrite (C:\Users\Nuruzzaman\AppData\Local\npm-cache\_npx\7750544ccf494d8b\node_modules\winston-transport\node_modules\readable-stream\lib\_stream_writable.js:390:139)
    at writeOrBuffer (C:\Users\Nuruzzaman\AppData\Local\npm-cache\_npx\7750544ccf494d8b\node_modules\winston-transport\node_modules\readable-stream\lib\_stream_writable.js:381:5)
    at Writable.write (C:\Users\Nuruzzaman\AppData\Local\npm-cache\_npx\7750544ccf494d8b\node_modules\winston-transport\node_modules\readable-stream\lib\_stream_writable.js:302:11)
    at DerivedLogger.ondata (C:\Users\Nuruzzaman\AppData\Local\npm-cache\_npx\7750544ccf494d8b\node_modules\winston\node_modules\readable-stream\lib\_stream_readable.js:629:20)
[error] 
[error] Error: An unexpected error has occurred.
[debug] [2026-06-09T09:11:43.475Z] Error: EPIPE: broken pipe, write
    at Socket._write (node:internal/net:63:18)
    at writeOrBuffer (node:internal/streams/writable:572:12)
    at _write (node:internal/streams/writable:501:10)
    at Writable.write (node:internal/streams/writable:510:10)
    at Console.log (C:\Users\Nuruzzaman\AppData\Local\npm-cache\_npx\7750544ccf494d8b\node_modules\winston\lib\winston\transports\console.js:87:23)
    at Console._write (C:\Users\Nuruzzaman\AppData\Local\npm-cache\_npx\7750544ccf494d8b\node_modules\winston-transport\modern.js:103:17)
    at doWrite (C:\Users\Nuruzzaman\AppData\Local\npm-cache\_npx\7750544ccf494d8b\node_modules\winston-transport\node_modules\readable-stream\lib\_stream_writable.js:390:139)
    at writeOrBuffer (C:\Users\Nuruzzaman\AppData\Local\npm-cache\_npx\7750544ccf494d8b\node_modules\winston-transport\node_modules\readable-stream\lib\_stream_writable.js:381:5)
    at Writable.write (C:\Users\Nuruzzaman\AppData\Local\npm-cache\_npx\7750544ccf494d8b\node_modules\winston-transport\node_modules\readable-stream\lib\_stream_writable.js:302:11)
    at DerivedLogger.ondata (C:\Users\Nuruzzaman\AppData\Local\npm-cache\_npx\7750544ccf494d8b\node_modules\winston\node_modules\readable-stream\lib\_stream_readable.js:629:20)
[error] 
[error] Error: An unexpected error has occurred.
[debug] [2026-06-09T09:11:43.476Z] Error: EPIPE: broken pipe, write
    at Socket._write (node:internal/net:63:18)
    at writeOrBuffer (node:internal/streams/writable:572:12)
    at _write (node:internal/streams/writable:501:10)
    at Writable.write (node:internal/streams/writable:510:10)
    at Console.log (C:\Users\Nuruzzaman\AppData\Local\npm-cache\_npx\7750544ccf494d8b\node_modules\winston\lib\winston\transports\console.js:87:23)
    at Console._write (C:\Users\Nuruzzaman\AppData\Local\npm-cache\_npx\7750544ccf494d8b\node_modules\winston-transport\modern.js:103:17)
    at doWrite (C:\Users\Nuruzzaman\AppData\Local\npm-cache\_npx\7750544ccf494d8b\node_modules\winston-transport\node_modules\readable-stream\lib\_stream_writable.js:390:139)
    at writeOrBuffer (C:\Users\Nuruzzaman\AppData\Local\npm-cache\_npx\7750544ccf494d8b\node_modules\winston-transport\node_modules\readable-stream\lib\_stream_writable.js:381:5)
    at Writable.write (C:\Users\Nuruzzaman\AppData\Local\npm-cache\_npx\7750544ccf494d8b\node_modules\winston-transport\node_modules\readable-stream\lib\_stream_writable.js:302:11)
    at DerivedLogger.ondata (C:\Users\Nuruzzaman\AppData\Local\npm-cache\_npx\7750544ccf494d8b\node_modules\winston\node_modules\readable-stream\lib\_stream_readable.js:629:20)
[error] 
[error] Error: An unexpected error has occurred.
[debug] [2026-06-09T09:11:43.476Z] Error: EPIPE: broken pipe, write
    at Socket._write (node:internal/net:63:18)
    at writeOrBuffer (node:internal/streams/writable:572:12)
    at _write (node:internal/streams/writable:501:10)
    at Writable.write (node:internal/streams/writable:510:10)
    at Console.log (C:\Users\Nuruzzaman\AppData\Local\npm-cache\_npx\7750544ccf494d8b\node_modules\winston\lib\winston\transports\console.js:87:23)
    at Console._write (C:\Users\Nuruzzaman\AppData\Local\npm-cache\_npx\7750544ccf494d8b\node_modules\winston-transport\modern.js:103:17)
    at doWrite (C:\Users\Nuruzzaman\AppData\Local\npm-cache\_npx\7750544ccf494d8b\node_modules\winston-transport\node_modules\readable-stream\lib\_stream_writable.js:390:139)
    at writeOrBuffer (C:\Users\Nuruzzaman\AppData\Local\npm-cache\_npx\7750544ccf494d8b\node_modules\winston-transport\node_modules\readable-stream\lib\_stream_writable.js:381:5)
    at Writable.write (C:\Users\Nuruzzaman\AppData\Local\npm-cache\_npx\7750544ccf494d8b\node_modules\winston-transport\node_modules\readable-stream\lib\_stream_writable.js:302:11)
    at DerivedLogger.ondata (C:\Users\Nuruzzaman\AppData\Local\npm-cache\_npx\7750544ccf494d8b\node_modules\winston\node_modules\readable-stream\lib\_stream_readable.js:629:20)
[error] 
[error] Error: An unexpected error has occurred.
[debug] [2026-06-09T09:11:43.477Z] Error: EPIPE: broken pipe, write
    at Socket._write (node:internal/net:63:18)
    at writeOrBuffer (node:internal/streams/writable:572:12)
    at _write (node:internal/streams/writable:501:10)
    at Writable.write (node:internal/streams/writable:510:10)
    at Console.log (C:\Users\Nuruzzaman\AppData\Local\npm-cache\_npx\7750544ccf494d8b\node_modules\winston\lib\winston\transports\console.js:87:23)
    at Console._write (C:\Users\Nuruzzaman\AppData\Local\npm-cache\_npx\7750544ccf494d8b\node_modules\winston-transport\modern.js:103:17)
    at doWrite (C:\Users\Nuruzzaman\AppData\Local\npm-cache\_npx\7750544ccf494d8b\node_modules\winston-transport\node_modules\readable-stream\lib\_stream_writable.js:390:139)
    at writeOrBuffer (C:\Users\Nuruzzaman\AppData\Local\npm-cache\_npx\7750544ccf494d8b\node_modules\winston-transport\node_modules\readable-stream\lib\_stream_writable.js:381:5)
    at Writable.write (C:\Users\Nuruzzaman\AppData\Local\npm-cache\_npx\7750544ccf494d8b\node_modules\winston-transport\node_modules\readable-stream\lib\_stream_writable.js:302:11)
    at DerivedLogger.ondata (C:\Users\Nuruzzaman\AppData\Local\npm-cache\_npx\7750544ccf494d8b\node_modules\winston\node_modules\readable-stream\lib\_stream_readable.js:629:20)
[error] 
[error] Error: An unexpected error has occurred.
[debug] [2026-06-09T09:11:43.478Z] Error: EPIPE: broken pipe, write
    at Socket._write (node:internal/net:63:18)
    at writeOrBuffer (node:internal/streams/writable:572:12)
    at _write (node:internal/streams/writable:501:10)
    at Writable.write (node:internal/streams/writable:510:10)
    at Console.log (C:\Users\Nuruzzaman\AppData\Local\npm-cache\_npx\7750544ccf494d8b\node_modules\winston\lib\winston\transports\console.js:87:23)
    at Console._write (C:\Users\Nuruzzaman\AppData\Local\npm-cache\_npx\7750544ccf494d8b\node_modules\winston-transport\modern.js:103:17)
    at doWrite (C:\Users\Nuruzzaman\AppData\Local\npm-cache\_npx\7750544ccf494d8b\node_modules\winston-transport\node_modules\readable-stream\lib\_stream_writable.js:390:139)
    at writeOrBuffer (C:\Users\Nuruzzaman\AppData\Local\npm-cache\_npx\7750544ccf494d8b\node_modules\winston-transport\node_modules\readable-stream\lib\_stream_writable.js:381:5)
    at Writable.write (C:\Users\Nuruzzaman\AppData\Local\npm-cache\_npx\7750544ccf494d8b\node_modules\winston-transport\node_modules\readable-stream\lib\_stream_writable.js:302:11)
    at DerivedLogger.ondata (C:\Users\Nuruzzaman\AppData\Local\npm-cache\_npx\7750544ccf494d8b\node_modules\winston\node_modules\readable-stream\lib\_stream_readable.js:629:20)
[error] 
[error] Error: An unexpected error has occurred.
[debug] [2026-06-09T09:11:43.478Z] Error: EPIPE: broken pipe, write
    at Socket._write (node:internal/net:63:18)
    at writeOrBuffer (node:internal/streams/writable:572:12)
    at _write (node:internal/streams/writable:501:10)
    at Writable.write (node:internal/streams/writable:510:10)
    at Console.log (C:\Users\Nuruzzaman\AppData\Local\npm-cache\_npx\7750544ccf494d8b\node_modules\winston\lib\winston\transports\console.js:87:23)
    at Console._write (C:\Users\Nuruzzaman\AppData\Local\npm-cache\_npx\7750544ccf494d8b\node_modules\winston-transport\modern.js:103:17)
    at doWrite (C:\Users\Nuruzzaman\AppData\Local\npm-cache\_npx\7750544ccf494d8b\node_modules\winston-transport\node_modules\readable-stream\lib\_stream_writable.js:390:139)
    at writeOrBuffer (C:\Users\Nuruzzaman\AppData\Local\npm-cache\_npx\7750544ccf494d8b\node_modules\winston-transport\node_modules\readable-stream\lib\_stream_writable.js:381:5)
    at Writable.write (C:\Users\Nuruzzaman\AppData\Local\npm-cache\_npx\7750544ccf494d8b\node_modules\winston-transport\node_modules\readable-stream\lib\_stream_writable.js:302:11)
    at DerivedLogger.ondata (C:\Users\Nuruzzaman\AppData\Local\npm-cache\_npx\7750544ccf494d8b\node_modules\winston\node_modules\readable-stream\lib\_stream_readable.js:629:20)
[error] 
[error] Error: An unexpected error has occurred.
[debug] [2026-06-09T09:11:43.478Z] Error: EPIPE: broken pipe, write
    at Socket._write (node:internal/net:63:18)
    at writeOrBuffer (node:internal/streams/writable:572:12)
    at _write (node:internal/streams/writable:501:10)
    at Writable.write (node:internal/streams/writable:510:10)
    at Console.log (C:\Users\Nuruzzaman\AppData\Local\npm-cache\_npx\7750544ccf494d8b\node_modules\winston\lib\winston\transports\console.js:87:23)
    at Console._write (C:\Users\Nuruzzaman\AppData\Local\npm-cache\_npx\7750544ccf494d8b\node_modules\winston-transport\modern.js:103:17)
    at doWrite (C:\Users\Nuruzzaman\AppData\Local\npm-cache\_npx\7750544ccf494d8b\node_modules\winston-transport\node_modules\readable-stream\lib\_stream_writable.js:390:139)
    at writeOrBuffer (C:\Users\Nuruzzaman\AppData\Local\npm-cache\_npx\7750544ccf494d8b\node_modules\winston-transport\node_modules\readable-stream\lib\_stream_writable.js:381:5)
    at Writable.write (C:\Users\Nuruzzaman\AppData\Local\npm-cache\_npx\7750544ccf494d8b\node_modules\winston-transport\node_modules\readable-stream\lib\_stream_writable.js:302:11)
    at DerivedLogger.ondata (C:\Users\Nuruzzaman\AppData\Local\npm-cache\_npx\7750544ccf494d8b\node_modules\winston\node_modules\readable-stream\lib\_stream_readable.js:629:20)
[error] 
[error] Error: An unexpected error has occurred.
[debug] [2026-06-09T09:11:43.478Z] Error: EPIPE: broken pipe, write
    at Socket._write (node:internal/net:63:18)
    at writeOrBuffer (node:internal/streams/writable:572:12)
    at _write (node:internal/streams/writable:501:10)
    at Writable.write (node:internal/streams/writable:510:10)
    at Console.log (C:\Users\Nuruzzaman\AppData\Local\npm-cache\_npx\7750544ccf494d8b\node_modules\winston\lib\winston\transports\console.js:87:23)
    at Console._write (C:\Users\Nuruzzaman\AppData\Local\npm-cache\_npx\7750544ccf494d8b\node_modules\winston-transport\modern.js:103:17)
    at doWrite (C:\Users\Nuruzzaman\AppData\Local\npm-cache\_npx\7750544ccf494d8b\node_modules\winston-transport\node_modules\readable-stream\lib\_stream_writable.js:390:139)
    at writeOrBuffer (C:\Users\Nuruzzaman\AppData\Local\npm-cache\_npx\7750544ccf494d8b\node_modules\winston-transport\node_modules\readable-stream\lib\_stream_writable.js:381:5)
    at Writable.write (C:\Users\Nuruzzaman\AppData\Local\npm-cache\_npx\7750544ccf494d8b\node_modules\winston-transport\node_modules\readable-stream\lib\_stream_writable.js:302:11)
    at DerivedLogger.ondata (C:\Users\Nuruzzaman\AppData\Local\npm-cache\_npx\7750544ccf494d8b\node_modules\winston\node_modules\readable-stream\lib\_stream_readable.js:629:20)
[error] 
[error] Error: An unexpected error has occurred.
[debug] [2026-06-09T09:11:43.479Z] Error: EPIPE: broken pipe, write
    at Socket._write (node:internal/net:63:18)
    at writeOrBuffer (node:internal/streams/writable:572:12)
    at _write (node:internal/streams/writable:501:10)
    at Writable.write (node:internal/streams/writable:510:10)
    at Console.log (C:\Users\Nuruzzaman\AppData\Local\npm-cache\_npx\7750544ccf494d8b\node_modules\winston\lib\winston\transports\console.js:87:23)
    at Console._write (C:\Users\Nuruzzaman\AppData\Local\npm-cache\_npx\7750544ccf494d8b\node_modules\winston-transport\modern.js:103:17)
    at doWrite (C:\Users\Nuruzzaman\AppData\Local\npm-cache\_npx\7750544ccf494d8b\node_modules\winston-transport\node_modules\readable-stream\lib\_stream_writable.js:390:139)
    at writeOrBuffer (C:\Users\Nuruzzaman\AppData\Local\npm-cache\_npx\7750544ccf494d8b\node_modules\winston-transport\node_modules\readable-stream\lib\_stream_writable.js:381:5)
    at Writable.write (C:\Users\Nuruzzaman\AppData\Local\npm-cache\_npx\7750544ccf494d8b\node_modules\winston-transport\node_modules\readable-stream\lib\_stream_writable.js:302:11)
    at DerivedLogger.ondata (C:\Users\Nuruzzaman\AppData\Local\npm-cache\_npx\7750544ccf494d8b\node_modules\winston\node_modules\readable-stream\lib\_stream_readable.js:629:20)
[error] 
[error] Error: An unexpected error has occurred.
[debug] [2026-06-09T09:11:43.479Z] Error: EPIPE: broken pipe, write
    at Socket._write (node:internal/net:63:18)
    at writeOrBuffer (node:internal/streams/writable:572:12)
    at _write (node:internal/streams/writable:501:10)
    at Writable.write (node:internal/streams/writable:510:10)
    at Console.log (C:\Users\Nuruzzaman\AppData\Local\npm-cache\_npx\7750544ccf494d8b\node_modules\winston\lib\winston\transports\console.js:87:23)
    at Console._write (C:\Users\Nuruzzaman\AppData\Local\npm-cache\_npx\7750544ccf494d8b\node_modules\winston-transport\modern.js:103:17)
    at doWrite (C:\Users\Nuruzzaman\AppData\Local\npm-cache\_npx\7750544ccf494d8b\node_modules\winston-transport\node_modules\readable-stream\lib\_stream_writable.js:390:139)
    at writeOrBuffer (C:\Users\Nuruzzaman\AppData\Local\npm-cache\_npx\7750544ccf494d8b\node_modules\winston-transport\node_modules\readable-stream\lib\_stream_writable.js:381:5)
    at Writable.write (C:\Users\Nuruzzaman\AppData\Local\npm-cache\_npx\7750544ccf494d8b\node_modules\winston-transport\node_modules\readable-stream\lib\_stream_writable.js:302:11)
    at DerivedLogger.ondata (C:\Users\Nuruzzaman\AppData\Local\npm-cache\_npx\7750544ccf494d8b\node_modules\winston\node_modules\readable-stream\lib\_stream_readable.js:629:20)
[error] 
[error] Error: An unexpected error has occurred.
[debug] [2026-06-09T09:11:43.479Z] Error: EPIPE: broken pipe, write
    at Socket._write (node:internal/net:63:18)
    at writeOrBuffer (node:internal/streams/writable:572:12)
    at _write (node:internal/streams/writable:501:10)
    at Writable.write (node:internal/streams/writable:510:10)
    at Console.log (C:\Users\Nuruzzaman\AppData\Local\npm-cache\_npx\7750544ccf494d8b\node_modules\winston\lib\winston\transports\console.js:87:23)
    at Console._write (C:\Users\Nuruzzaman\AppData\Local\npm-cache\_npx\7750544ccf494d8b\node_modules\winston-transport\modern.js:103:17)
    at doWrite (C:\Users\Nuruzzaman\AppData\Local\npm-cache\_npx\7750544ccf494d8b\node_modules\winston-transport\node_modules\readable-stream\lib\_stream_writable.js:390:139)
    at writeOrBuffer (C:\Users\Nuruzzaman\AppData\Local\npm-cache\_npx\7750544ccf494d8b\node_modules\winston-transport\node_modules\readable-stream\lib\_stream_writable.js:381:5)
    at Writable.write (C:\Users\Nuruzzaman\AppData\Local\npm-cache\_npx\7750544ccf494d8b\node_modules\winston-transport\node_modules\readable-stream\lib\_stream_writable.js:302:11)
    at DerivedLogger.ondata (C:\Users\Nuruzzaman\AppData\Local\npm-cache\_npx\7750544ccf494d8b\node_modules\winston\node_modules\readable-stream\lib\_stream_readable.js:629:20)
[error] 
[error] Error: An unexpected error has occurred.
[debug] [2026-06-09T09:11:43.479Z] Error: EPIPE: broken pipe, write
    at Socket._write (node:internal/net:63:18)
    at writeOrBuffer (node:internal/streams/writable:572:12)
    at _write (node:internal/streams/writable:501:10)
    at Writable.write (node:internal/streams/writable:510:10)
    at Console.log (C:\Users\Nuruzzaman\AppData\Local\npm-cache\_npx\7750544ccf494d8b\node_modules\winston\lib\winston\transports\console.js:87:23)
    at Console._write (C:\Users\Nuruzzaman\AppData\Local\npm-cache\_npx\7750544ccf494d8b\node_modules\winston-transport\modern.js:103:17)
    at doWrite (C:\Users\Nuruzzaman\AppData\Local\npm-cache\_npx\7750544ccf494d8b\node_modules\winston-transport\node_modules\readable-stream\lib\_stream_writable.js:390:139)
    at writeOrBuffer (C:\Users\Nuruzzaman\AppData\Local\npm-cache\_npx\7750544ccf494d8b\node_modules\winston-transport\node_modules\readable-stream\lib\_stream_writable.js:381:5)
    at Writable.write (C:\Users\Nuruzzaman\AppData\Local\npm-cache\_npx\7750544ccf494d8b\node_modules\winston-transport\node_modules\readable-stream\lib\_stream_writable.js:302:11)
    at DerivedLogger.ondata (C:\Users\Nuruzzaman\AppData\Local\npm-cache\_npx\7750544ccf494d8b\node_modules\winston\node_modules\readable-stream\lib\_stream_readable.js:629:20)
[error] 
[error] Error: An unexpected error has occurred.
[debug] [2026-06-09T09:11:43.480Z] Error: EPIPE: broken pipe, write
    at Socket._write (node:internal/net:63:18)
    at writeOrBuffer (node:internal/streams/writable:572:12)
    at _write (node:internal/streams/writable:501:10)
    at Writable.write (node:internal/streams/writable:510:10)
    at Console.log (C:\Users\Nuruzzaman\AppData\Local\npm-cache\_npx\7750544ccf494d8b\node_modules\winston\lib\winston\transports\console.js:87:23)
    at Console._write (C:\Users\Nuruzzaman\AppData\Local\npm-cache\_npx\7750544ccf494d8b\node_modules\winston-transport\modern.js:103:17)
    at doWrite (C:\Users\Nuruzzaman\AppData\Local\npm-cache\_npx\7750544ccf494d8b\node_modules\winston-transport\node_modules\readable-stream\lib\_stream_writable.js:390:139)
    at writeOrBuffer (C:\Users\Nuruzzaman\AppData\Local\npm-cache\_npx\7750544ccf494d8b\node_modules\winston-transport\node_modules\readable-stream\lib\_stream_writable.js:381:5)
    at Writable.write (C:\Users\Nuruzzaman\AppData\Local\npm-cache\_npx\7750544ccf494d8b\node_modules\winston-transport\node_modules\readable-stream\lib\_stream_writable.js:302:11)
    at DerivedLogger.ondata (C:\Users\Nuruzzaman\AppData\Local\npm-cache\_npx\7750544ccf494d8b\node_modules\winston\node_modules\readable-stream\lib\_stream_readable.js:629:20)
[error] 
[error] Error: An unexpected error has occurred.
[debug] [2026-06-09T09:11:43.480Z] Error: EPIPE: broken pipe, write
    at Socket._write (node:internal/net:63:18)
    at writeOrBuffer (node:internal/streams/writable:572:12)
    at _write (node:internal/streams/writable:501:10)
    at Writable.write (node:internal/streams/writable:510:10)
    at Console.log (C:\Users\Nuruzzaman\AppData\Local\npm-cache\_npx\7750544ccf494d8b\node_modules\winston\lib\winston\transports\console.js:87:23)
    at Console._write (C:\Users\Nuruzzaman\AppData\Local\npm-cache\_npx\7750544ccf494d8b\node_modules\winston-transport\modern.js:103:17)
    at doWrite (C:\Users\Nuruzzaman\AppData\Local\npm-cache\_npx\7750544ccf494d8b\node_modules\winston-transport\node_modules\readable-stream\lib\_stream_writable.js:390:139)
    at writeOrBuffer (C:\Users\Nuruzzaman\AppData\Local\npm-cache\_npx\7750544ccf494d8b\node_modules\winston-transport\node_modules\readable-stream\lib\_stream_writable.js:381:5)
    at Writable.write (C:\Users\Nuruzzaman\AppData\Local\npm-cache\_npx\7750544ccf494d8b\node_modules\winston-transport\node_modules\readable-stream\lib\_stream_writable.js:302:11)
    at DerivedLogger.ondata (C:\Users\Nuruzzaman\AppData\Local\npm-cache\_npx\7750544ccf494d8b\node_modules\winston\node_modules\readable-stream\lib\_stream_readable.js:629:20)
[error] 
[error] Error: An unexpected error has occurred.
[debug] [2026-06-09T09:11:43.480Z] Error: EPIPE: broken pipe, write
    at Socket._write (node:internal/net:63:18)
    at writeOrBuffer (node:internal/streams/writable:572:12)
    at _write (node:internal/streams/writable:501:10)
    at Writable.write (node:internal/streams/writable:510:10)
    at Console.log (C:\Users\Nuruzzaman\AppData\Local\npm-cache\_npx\7750544ccf494d8b\node_modules\winston\lib\winston\transports\console.js:87:23)
    at Console._write (C:\Users\Nuruzzaman\AppData\Local\npm-cache\_npx\7750544ccf494d8b\node_modules\winston-transport\modern.js:103:17)
    at doWrite (C:\Users\Nuruzzaman\AppData\Local\npm-cache\_npx\7750544ccf494d8b\node_modules\winston-transport\node_modules\readable-stream\lib\_stream_writable.js:390:139)
    at writeOrBuffer (C:\Users\Nuruzzaman\AppData\Local\npm-cache\_npx\7750544ccf494d8b\node_modules\winston-transport\node_modules\readable-stream\lib\_stream_writable.js:381:5)
    at Writable.write (C:\Users\Nuruzzaman\AppData\Local\npm-cache\_npx\7750544ccf494d8b\node_modules\winston-transport\node_modules\readable-stream\lib\_stream_writable.js:302:11)
    at DerivedLogger.ondata (C:\Users\Nuruzzaman\AppData\Local\npm-cache\_npx\7750544ccf494d8b\node_modules\winston\node_modules\readable-stream\lib\_stream_readable.js:629:20)
[error] 
[error] Error: An unexpected error has occurred.
[debug] [2026-06-09T09:11:43.480Z] Error: EPIPE: broken pipe, write
    at Socket._write (node:internal/net:63:18)
    at writeOrBuffer (node:internal/streams/writable:572:12)
    at _write (node:internal/streams/writable:501:10)
    at Writable.write (node:internal/streams/writable:510:10)
    at Console.log (C:\Users\Nuruzzaman\AppData\Local\npm-cache\_npx\7750544ccf494d8b\node_modules\winston\lib\winston\transports\console.js:87:23)
    at Console._write (C:\Users\Nuruzzaman\AppData\Local\npm-cache\_npx\7750544ccf494d8b\node_modules\winston-transport\modern.js:103:17)
    at doWrite (C:\Users\Nuruzzaman\AppData\Local\npm-cache\_npx\7750544ccf494d8b\node_modules\winston-transport\node_modules\readable-stream\lib\_stream_writable.js:390:139)
    at writeOrBuffer (C:\Users\Nuruzzaman\AppData\Local\npm-cache\_npx\7750544ccf494d8b\node_modules\winston-transport\node_modules\readable-stream\lib\_stream_writable.js:381:5)
    at Writable.write (C:\Users\Nuruzzaman\AppData\Local\npm-cache\_npx\7750544ccf494d8b\node_modules\winston-transport\node_modules\readable-stream\lib\_stream_writable.js:302:11)
    at DerivedLogger.ondata (C:\Users\Nuruzzaman\AppData\Local\npm-cache\_npx\7750544ccf494d8b\node_modules\winston\node_modules\readable-stream\lib\_stream_readable.js:629:20)
[error] 
[error] Error: An unexpected error has occurred.
[debug] [2026-06-09T09:11:43.481Z] Error: EPIPE: broken pipe, write
    at Socket._write (node:internal/net:63:18)
    at writeOrBuffer (node:internal/streams/writable:572:12)
    at _write (node:internal/streams/writable:501:10)
    at Writable.write (node:internal/streams/writable:510:10)
    at Console.log (C:\Users\Nuruzzaman\AppData\Local\npm-cache\_npx\7750544ccf494d8b\node_modules\winston\lib\winston\transports\console.js:87:23)
    at Console._write (C:\Users\Nuruzzaman\AppData\Local\npm-cache\_npx\7750544ccf494d8b\node_modules\winston-transport\modern.js:103:17)
    at doWrite (C:\Users\Nuruzzaman\AppData\Local\npm-cache\_npx\7750544ccf494d8b\node_modules\winston-transport\node_modules\readable-stream\lib\_stream_writable.js:390:139)
    at writeOrBuffer (C:\Users\Nuruzzaman\AppData\Local\npm-cache\_npx\7750544ccf494d8b\node_modules\winston-transport\node_modules\readable-stream\lib\_stream_writable.js:381:5)
    at Writable.write (C:\Users\Nuruzzaman\AppData\Local\npm-cache\_npx\7750544ccf494d8b\node_modules\winston-transport\node_modules\readable-stream\lib\_stream_writable.js:302:11)
    at DerivedLogger.ondata (C:\Users\Nuruzzaman\AppData\Local\npm-cache\_npx\7750544ccf494d8b\node_modules\winston\node_modules\readable-stream\lib\_stream_readable.js:629:20)
[error] 
[error] Error: An unexpected error has occurred.
[debug] [2026-06-09T09:11:43.481Z] Error: EPIPE: broken pipe, write
    at Socket._write (node:internal/net:63:18)
    at writeOrBuffer (node:internal/streams/writable:572:12)
    at _write (node:internal/streams/writable:501:10)
    at Writable.write (node:internal/streams/writable:510:10)
    at Console.log (C:\Users\Nuruzzaman\AppData\Local\npm-cache\_npx\7750544ccf494d8b\node_modules\winston\lib\winston\transports\console.js:87:23)
    at Console._write (C:\Users\Nuruzzaman\AppData\Local\npm-cache\_npx\7750544ccf494d8b\node_modules\winston-transport\modern.js:103:17)
    at doWrite (C:\Users\Nuruzzaman\AppData\Local\npm-cache\_npx\7750544ccf494d8b\node_modules\winston-transport\node_modules\readable-stream\lib\_stream_writable.js:390:139)
    at writeOrBuffer (C:\Users\Nuruzzaman\AppData\Local\npm-cache\_npx\7750544ccf494d8b\node_modules\winston-transport\node_modules\readable-stream\lib\_stream_writable.js:381:5)
    at Writable.write (C:\Users\Nuruzzaman\AppData\Local\npm-cache\_npx\7750544ccf494d8b\node_modules\winston-transport\node_modules\readable-stream\lib\_stream_writable.js:302:11)
    at DerivedLogger.ondata (C:\Users\Nuruzzaman\AppData\Local\npm-cache\_npx\7750544ccf494d8b\node_modules\winston\node_modules\readable-stream\lib\_stream_readable.js:629:20)
[error] 
[error] Error: An unexpected error has occurred.
[debug] [2026-06-09T09:11:43.481Z] Error: EPIPE: broken pipe, write
    at Socket._write (node:internal/net:63:18)
    at writeOrBuffer (node:internal/streams/writable:572:12)
    at _write (node:internal/streams/writable:501:10)
    at Writable.write (node:internal/streams/writable:510:10)
    at Console.log (C:\Users\Nuruzzaman\AppData\Local\npm-cache\_npx\7750544ccf494d8b\node_modules\winston\lib\winston\transports\console.js:87:23)
    at Console._write (C:\Users\Nuruzzaman\AppData\Local\npm-cache\_npx\7750544ccf494d8b\node_modules\winston-transport\modern.js:103:17)
    at doWrite (C:\Users\Nuruzzaman\AppData\Local\npm-cache\_npx\7750544ccf494d8b\node_modules\winston-transport\node_modules\readable-stream\lib\_stream_writable.js:390:139)
    at writeOrBuffer (C:\Users\Nuruzzaman\AppData\Local\npm-cache\_npx\7750544ccf494d8b\node_modules\winston-transport\node_modules\readable-stream\lib\_stream_writable.js:381:5)
    at Writable.write (C:\Users\Nuruzzaman\AppData\Local\npm-cache\_npx\7750544ccf494d8b\node_modules\winston-transport\node_modules\readable-stream\lib\_stream_writable.js:302:11)
    at DerivedLogger.ondata (C:\Users\Nuruzzaman\AppData\Local\npm-cache\_npx\7750544ccf494d8b\node_modules\winston\node_modules\readable-stream\lib\_stream_readable.js:629:20)
[error] 
[error] Error: An unexpected error has occurred.
[debug] [2026-06-09T09:11:43.482Z] Error: EPIPE: broken pipe, write
    at Socket._write (node:internal/net:63:18)
    at writeOrBuffer (node:internal/streams/writable:572:12)
    at _write (node:internal/streams/writable:501:10)
    at Writable.write (node:internal/streams/writable:510:10)
    at Console.log (C:\Users\Nuruzzaman\AppData\Local\npm-cache\_npx\7750544ccf494d8b\node_modules\winston\lib\winston\transports\console.js:87:23)
    at Console._write (C:\Users\Nuruzzaman\AppData\Local\npm-cache\_npx\7750544ccf494d8b\node_modules\winston-transport\modern.js:103:17)
    at doWrite (C:\Users\Nuruzzaman\AppData\Local\npm-cache\_npx\7750544ccf494d8b\node_modules\winston-transport\node_modules\readable-stream\lib\_stream_writable.js:390:139)
    at writeOrBuffer (C:\Users\Nuruzzaman\AppData\Local\npm-cache\_npx\7750544ccf494d8b\node_modules\winston-transport\node_modules\readable-stream\lib\_stream_writable.js:381:5)
    at Writable.write (C:\Users\Nuruzzaman\AppData\Local\npm-cache\_npx\7750544ccf494d8b\node_modules\winston-transport\node_modules\readable-stream\lib\_stream_writable.js:302:11)
    at DerivedLogger.ondata (C:\Users\Nuruzzaman\AppData\Local\npm-cache\_npx\7750544ccf494d8b\node_modules\winston\node_modules\readable-stream\lib\_stream_readable.js:629:20)
[error] 
[error] Error: An unexpected error has occurred.
[debug] [2026-06-09T09:11:43.482Z] Error: EPIPE: broken pipe, write
    at Socket._write (node:internal/net:63:18)
    at writeOrBuffer (node:internal/streams/writable:572:12)
    at _write (node:internal/streams/writable:501:10)
    at Writable.write (node:internal/streams/writable:510:10)
    at Console.log (C:\Users\Nuruzzaman\AppData\Local\npm-cache\_npx\7750544ccf494d8b\node_modules\winston\lib\winston\transports\console.js:87:23)
    at Console._write (C:\Users\Nuruzzaman\AppData\Local\npm-cache\_npx\7750544ccf494d8b\node_modules\winston-transport\modern.js:103:17)
    at doWrite (C:\Users\Nuruzzaman\AppData\Local\npm-cache\_npx\7750544ccf494d8b\node_modules\winston-transport\node_modules\readable-stream\lib\_stream_writable.js:390:139)
    at writeOrBuffer (C:\Users\Nuruzzaman\AppData\Local\npm-cache\_npx\7750544ccf494d8b\node_modules\winston-transport\node_modules\readable-stream\lib\_stream_writable.js:381:5)
    at Writable.write (C:\Users\Nuruzzaman\AppData\Local\npm-cache\_npx\7750544ccf494d8b\node_modules\winston-transport\node_modules\readable-stream\lib\_stream_writable.js:302:11)
    at DerivedLogger.ondata (C:\Users\Nuruzzaman\AppData\Local\npm-cache\_npx\7750544ccf494d8b\node_modules\winston\node_modules\readable-stream\lib\_stream_readable.js:629:20)
[error] 
[error] Error: An unexpected error has occurred.
[debug] [2026-06-09T09:11:43.482Z] Error: EPIPE: broken pipe, write
    at Socket._write (node:internal/net:63:18)
    at writeOrBuffer (node:internal/streams/writable:572:12)
    at _write (node:internal/streams/writable:501:10)
    at Writable.write (node:internal/streams/writable:510:10)
    at Console.log (C:\Users\Nuruzzaman\AppData\Local\npm-cache\_npx\7750544ccf494d8b\node_modules\winston\lib\winston\transports\console.js:87:23)
    at Console._write (C:\Users\Nuruzzaman\AppData\Local\npm-cache\_npx\7750544ccf494d8b\node_modules\winston-transport\modern.js:103:17)
    at doWrite (C:\Users\Nuruzzaman\AppData\Local\npm-cache\_npx\7750544ccf494d8b\node_modules\winston-transport\node_modules\readable-stream\lib\_stream_writable.js:390:139)
    at writeOrBuffer (C:\Users\Nuruzzaman\AppData\Local\npm-cache\_npx\7750544ccf494d8b\node_modules\winston-transport\node_modules\readable-stream\lib\_stream_writable.js:381:5)
    at Writable.write (C:\Users\Nuruzzaman\AppData\Local\npm-cache\_npx\7750544ccf494d8b\node_modules\winston-transport\node_modules\readable-stream\lib\_stream_writable.js:302:11)
    at DerivedLogger.ondata (C:\Users\Nuruzzaman\AppData\Local\npm-cache\_npx\7750544ccf494d8b\node_modules\winston\node_modules\readable-stream\lib\_stream_readable.js:629:20)
[error] 
[error] Error: An unexpected error has occurred.
[debug] [2026-06-09T09:11:43.482Z] Error: EPIPE: broken pipe, write
    at Socket._write (node:internal/net:63:18)
    at writeOrBuffer (node:internal/streams/writable:572:12)
    at _write (node:internal/streams/writable:501:10)
    at Writable.write (node:internal/streams/writable:510:10)
    at Console.log (C:\Users\Nuruzzaman\AppData\Local\npm-cache\_npx\7750544ccf494d8b\node_modules\winston\lib\winston\transports\console.js:87:23)
    at Console._write (C:\Users\Nuruzzaman\AppData\Local\npm-cache\_npx\7750544ccf494d8b\node_modules\winston-transport\modern.js:103:17)
    at doWrite (C:\Users\Nuruzzaman\AppData\Local\npm-cache\_npx\7750544ccf494d8b\node_modules\winston-transport\node_modules\readable-stream\lib\_stream_writable.js:390:139)
    at writeOrBuffer (C:\Users\Nuruzzaman\AppData\Local\npm-cache\_npx\7750544ccf494d8b\node_modules\winston-transport\node_modules\readable-stream\lib\_stream_writable.js:381:5)
    at Writable.write (C:\Users\Nuruzzaman\AppData\Local\npm-cache\_npx\7750544ccf494d8b\node_modules\winston-transport\node_modules\readable-stream\lib\_stream_writable.js:302:11)
    at DerivedLogger.ondata (C:\Users\Nuruzzaman\AppData\Local\npm-cache\_npx\7750544ccf494d8b\node_modules\winston\node_modules\readable-stream\lib\_stream_readable.js:629:20)
[error] 
[error] Error: An unexpected error has occurred.
[debug] [2026-06-09T09:11:43.482Z] Error: EPIPE: broken pipe, write
    at Socket._write (node:internal/net:63:18)
    at writeOrBuffer (node:internal/streams/writable:572:12)
    at _write (node:internal/streams/writable:501:10)
    at Writable.write (node:internal/streams/writable:510:10)
    at Console.log (C:\Users\Nuruzzaman\AppData\Local\npm-cache\_npx\7750544ccf494d8b\node_modules\winston\lib\winston\transports\console.js:87:23)
    at Console._write (C:\Users\Nuruzzaman\AppData\Local\npm-cache\_npx\7750544ccf494d8b\node_modules\winston-transport\modern.js:103:17)
    at doWrite (C:\Users\Nuruzzaman\AppData\Local\npm-cache\_npx\7750544ccf494d8b\node_modules\winston-transport\node_modules\readable-stream\lib\_stream_writable.js:390:139)
    at writeOrBuffer (C:\Users\Nuruzzaman\AppData\Local\npm-cache\_npx\7750544ccf494d8b\node_modules\winston-transport\node_modules\readable-stream\lib\_stream_writable.js:381:5)
    at Writable.write (C:\Users\Nuruzzaman\AppData\Local\npm-cache\_npx\7750544ccf494d8b\node_modules\winston-transport\node_modules\readable-stream\lib\_stream_writable.js:302:11)
    at DerivedLogger.ondata (C:\Users\Nuruzzaman\AppData\Local\npm-cache\_npx\7750544ccf494d8b\node_modules\winston\node_modules\readable-stream\lib\_stream_readable.js:629:20)
[error] 
[error] Error: An unexpected error has occurred.
[debug] [2026-06-09T09:11:43.483Z] Error: EPIPE: broken pipe, write
    at Socket._write (node:internal/net:63:18)
    at writeOrBuffer (node:internal/streams/writable:572:12)
    at _write (node:internal/streams/writable:501:10)
    at Writable.write (node:internal/streams/writable:510:10)
    at Console.log (C:\Users\Nuruzzaman\AppData\Local\npm-cache\_npx\7750544ccf494d8b\node_modules\winston\lib\winston\transports\console.js:87:23)
    at Console._write (C:\Users\Nuruzzaman\AppData\Local\npm-cache\_npx\7750544ccf494d8b\node_modules\winston-transport\modern.js:103:17)
    at doWrite (C:\Users\Nuruzzaman\AppData\Local\npm-cache\_npx\7750544ccf494d8b\node_modules\winston-transport\node_modules\readable-stream\lib\_stream_writable.js:390:139)
    at writeOrBuffer (C:\Users\Nuruzzaman\AppData\Local\npm-cache\_npx\7750544ccf494d8b\node_modules\winston-transport\node_modules\readable-stream\lib\_stream_writable.js:381:5)
    at Writable.write (C:\Users\Nuruzzaman\AppData\Local\npm-cache\_npx\7750544ccf494d8b\node_modules\winston-transport\node_modules\readable-stream\lib\_stream_writable.js:302:11)
    at DerivedLogger.ondata (C:\Users\Nuruzzaman\AppData\Local\npm-cache\_npx\7750544ccf494d8b\node_modules\winston\node_modules\readable-stream\lib\_stream_readable.js:629:20)
[error] 
[error] Error: An unexpected error has occurred.
[debug] [2026-06-09T09:11:43.483Z] Error: EPIPE: broken pipe, write
    at Socket._write (node:internal/net:63:18)
    at writeOrBuffer (node:internal/streams/writable:572:12)
    at _write (node:internal/streams/writable:501:10)
    at Writable.write (node:internal/streams/writable:510:10)
    at Console.log (C:\Users\Nuruzzaman\AppData\Local\npm-cache\_npx\7750544ccf494d8b\node_modules\winston\lib\winston\transports\console.js:87:23)
    at Console._write (C:\Users\Nuruzzaman\AppData\Local\npm-cache\_npx\7750544ccf494d8b\node_modules\winston-transport\modern.js:103:17)
    at doWrite (C:\Users\Nuruzzaman\AppData\Local\npm-cache\_npx\7750544ccf494d8b\node_modules\winston-transport\node_modules\readable-stream\lib\_stream_writable.js:390:139)
    at writeOrBuffer (C:\Users\Nuruzzaman\AppData\Local\npm-cache\_npx\7750544ccf494d8b\node_modules\winston-transport\node_modules\readable-stream\lib\_stream_writable.js:381:5)
    at Writable.write (C:\Users\Nuruzzaman\AppData\Local\npm-cache\_npx\7750544ccf494d8b\node_modules\winston-transport\node_modules\readable-stream\lib\_stream_writable.js:302:11)
    at DerivedLogger.ondata (C:\Users\Nuruzzaman\AppData\Local\npm-cache\_npx\7750544ccf494d8b\node_modules\winston\node_modules\readable-stream\lib\_stream_readable.js:629:20)
[error] 
[error] Error: An unexpected error has occurred.
[debug] [2026-06-09T09:11:43.483Z] Error: EPIPE: broken pipe, write
    at Socket._write (node:internal/net:63:18)
    at writeOrBuffer (node:internal/streams/writable:572:12)
    at _write (node:internal/streams/writable:501:10)
    at Writable.write (node:internal/streams/writable:510:10)
    at Console.log (C:\Users\Nuruzzaman\AppData\Local\npm-cache\_npx\7750544ccf494d8b\node_modules\winston\lib\winston\transports\console.js:87:23)
    at Console._write (C:\Users\Nuruzzaman\AppData\Local\npm-cache\_npx\7750544ccf494d8b\node_modules\winston-transport\modern.js:103:17)
    at doWrite (C:\Users\Nuruzzaman\AppData\Local\npm-cache\_npx\7750544ccf494d8b\node_modules\winston-transport\node_modules\readable-stream\lib\_stream_writable.js:390:139)
    at writeOrBuffer (C:\Users\Nuruzzaman\AppData\Local\npm-cache\_npx\7750544ccf494d8b\node_modules\winston-transport\node_modules\readable-stream\lib\_stream_writable.js:381:5)
    at Writable.write (C:\Users\Nuruzzaman\AppData\Local\npm-cache\_npx\7750544ccf494d8b\node_modules\winston-transport\node_modules\readable-stream\lib\_stream_writable.js:302:11)
    at DerivedLogger.ondata (C:\Users\Nuruzzaman\AppData\Local\npm-cache\_npx\7750544ccf494d8b\node_modules\winston\node_modules\readable-stream\lib\_stream_readable.js:629:20)
[error] 
[error] Error: An unexpected error has occurred.
[debug] [2026-06-09T09:11:43.483Z] Error: EPIPE: broken pipe, write
    at Socket._write (node:internal/net:63:18)
    at writeOrBuffer (node:internal/streams/writable:572:12)
    at _write (node:internal/streams/writable:501:10)
    at Writable.write (node:internal/streams/writable:510:10)
    at Console.log (C:\Users\Nuruzzaman\AppData\Local\npm-cache\_npx\7750544ccf494d8b\node_modules\winston\lib\winston\transports\console.js:87:23)
    at Console._write (C:\Users\Nuruzzaman\AppData\Local\npm-cache\_npx\7750544ccf494d8b\node_modules\winston-transport\modern.js:103:17)
    at doWrite (C:\Users\Nuruzzaman\AppData\Local\npm-cache\_npx\7750544ccf494d8b\node_modules\winston-transport\node_modules\readable-stream\lib\_stream_writable.js:390:139)
    at writeOrBuffer (C:\Users\Nuruzzaman\AppData\Local\npm-cache\_npx\7750544ccf494d8b\node_modules\winston-transport\node_modules\readable-stream\lib\_stream_writable.js:381:5)
    at Writable.write (C:\Users\Nuruzzaman\AppData\Local\npm-cache\_npx\7750544ccf494d8b\node_modules\winston-transport\node_modules\readable-stream\lib\_stream_writable.js:302:11)
    at DerivedLogger.ondata (C:\Users\Nuruzzaman\AppData\Local\npm-cache\_npx\7750544ccf494d8b\node_modules\winston\node_modules\readable-stream\lib\_stream_readable.js:629:20)
[error] 
[error] Error: An unexpected error has occurred.
[debug] [2026-06-09T09:11:43.483Z] Error: EPIPE: broken pipe, write
    at Socket._write (node:internal/net:63:18)
    at writeOrBuffer (node:internal/streams/writable:572:12)
    at _write (node:internal/streams/writable:501:10)
    at Writable.write (node:internal/streams/writable:510:10)
    at Console.log (C:\Users\Nuruzzaman\AppData\Local\npm-cache\_npx\7750544ccf494d8b\node_modules\winston\lib\winston\transports\console.js:87:23)
    at Console._write (C:\Users\Nuruzzaman\AppData\Local\npm-cache\_npx\7750544ccf494d8b\node_modules\winston-transport\modern.js:103:17)
    at doWrite (C:\Users\Nuruzzaman\AppData\Local\npm-cache\_npx\7750544ccf494d8b\node_modules\winston-transport\node_modules\readable-stream\lib\_stream_writable.js:390:139)
    at writeOrBuffer (C:\Users\Nuruzzaman\AppData\Local\npm-cache\_npx\7750544ccf494d8b\node_modules\winston-transport\node_modules\readable-stream\lib\_stream_writable.js:381:5)
    at Writable.write (C:\Users\Nuruzzaman\AppData\Local\npm-cache\_npx\7750544ccf494d8b\node_modules\winston-transport\node_modules\readable-stream\lib\_stream_writable.js:302:11)
    at DerivedLogger.ondata (C:\Users\Nuruzzaman\AppData\Local\npm-cache\_npx\7750544ccf494d8b\node_modules\winston\node_modules\readable-stream\lib\_stream_readable.js:629:20)
[error] 
[error] Error: An unexpected error has occurred.
[debug] [2026-06-09T09:11:43.484Z] Error: EPIPE: broken pipe, write
    at Socket._write (node:internal/net:63:18)
    at writeOrBuffer (node:internal/streams/writable:572:12)
    at _write (node:internal/streams/writable:501:10)
    at Writable.write (node:internal/streams/writable:510:10)
    at Console.log (C:\Users\Nuruzzaman\AppData\Local\npm-cache\_npx\7750544ccf494d8b\node_modules\winston\lib\winston\transports\console.js:87:23)
    at Console._write (C:\Users\Nuruzzaman\AppData\Local\npm-cache\_npx\7750544ccf494d8b\node_modules\winston-transport\modern.js:103:17)
    at doWrite (C:\Users\Nuruzzaman\AppData\Local\npm-cache\_npx\7750544ccf494d8b\node_modules\winston-transport\node_modules\readable-stream\lib\_stream_writable.js:390:139)
    at writeOrBuffer (C:\Users\Nuruzzaman\AppData\Local\npm-cache\_npx\7750544ccf494d8b\node_modules\winston-transport\node_modules\readable-stream\lib\_stream_writable.js:381:5)
    at Writable.write (C:\Users\Nuruzzaman\AppData\Local\npm-cache\_npx\7750544ccf494d8b\node_modules\winston-transport\node_modules\readable-stream\lib\_stream_writable.js:302:11)
    at DerivedLogger.ondata (C:\Users\Nuruzzaman\AppData\Local\npm-cache\_npx\7750544ccf494d8b\node_modules\winston\node_modules\readable-stream\lib\_stream_readable.js:629:20)
[error] 
[error] Error: An unexpected error has occurred.
[debug] [2026-06-09T09:11:43.485Z] Error: EPIPE: broken pipe, write
    at Socket._write (node:internal/net:63:18)
    at writeOrBuffer (node:internal/streams/writable:572:12)
    at _write (node:internal/streams/writable:501:10)
    at Writable.write (node:internal/streams/writable:510:10)
    at Console.log (C:\Users\Nuruzzaman\AppData\Local\npm-cache\_npx\7750544ccf494d8b\node_modules\winston\lib\winston\transports\console.js:87:23)
    at Console._write (C:\Users\Nuruzzaman\AppData\Local\npm-cache\_npx\7750544ccf494d8b\node_modules\winston-transport\modern.js:103:17)
    at doWrite (C:\Users\Nuruzzaman\AppData\Local\npm-cache\_npx\7750544ccf494d8b\node_modules\winston-transport\node_modules\readable-stream\lib\_stream_writable.js:390:139)
    at writeOrBuffer (C:\Users\Nuruzzaman\AppData\Local\npm-cache\_npx\7750544ccf494d8b\node_modules\winston-transport\node_modules\readable-stream\lib\_stream_writable.js:381:5)
    at Writable.write (C:\Users\Nuruzzaman\AppData\Local\npm-cache\_npx\7750544ccf494d8b\node_modules\winston-transport\node_modules\readable-stream\lib\_stream_writable.js:302:11)
    at DerivedLogger.ondata (C:\Users\Nuruzzaman\AppData\Local\npm-cache\_npx\7750544ccf494d8b\node_modules\winston\node_modules\readable-stream\lib\_stream_readable.js:629:20)
[error] 
[error] Error: An unexpected error has occurred.
[debug] [2026-06-09T09:11:43.485Z] Error: EPIPE: broken pipe, write
    at Socket._write (node:internal/net:63:18)
    at writeOrBuffer (node:internal/streams/writable:572:12)
    at _write (node:internal/streams/writable:501:10)
    at Writable.write (node:internal/streams/writable:510:10)
    at Console.log (C:\Users\Nuruzzaman\AppData\Local\npm-cache\_npx\7750544ccf494d8b\node_modules\winston\lib\winston\transports\console.js:87:23)
    at Console._write (C:\Users\Nuruzzaman\AppData\Local\npm-cache\_npx\7750544ccf494d8b\node_modules\winston-transport\modern.js:103:17)
    at doWrite (C:\Users\Nuruzzaman\AppData\Local\npm-cache\_npx\7750544ccf494d8b\node_modules\winston-transport\node_modules\readable-stream\lib\_stream_writable.js:390:139)
    at writeOrBuffer (C:\Users\Nuruzzaman\AppData\Local\npm-cache\_npx\7750544ccf494d8b\node_modules\winston-transport\node_modules\readable-stream\lib\_stream_writable.js:381:5)
    at Writable.write (C:\Users\Nuruzzaman\AppData\Local\npm-cache\_npx\7750544ccf494d8b\node_modules\winston-transport\node_modules\readable-stream\lib\_stream_writable.js:302:11)
    at DerivedLogger.ondata (C:\Users\Nuruzzaman\AppData\Local\npm-cache\_npx\7750544ccf494d8b\node_modules\winston\node_modules\readable-stream\lib\_stream_readable.js:629:20)
[error] 
[error] Error: An unexpected error has occurred.
[debug] [2026-06-09T09:11:43.485Z] Error: EPIPE: broken pipe, write
    at Socket._write (node:internal/net:63:18)
    at writeOrBuffer (node:internal/streams/writable:572:12)
    at _write (node:internal/streams/writable:501:10)
    at Writable.write (node:internal/streams/writable:510:10)
    at Console.log (C:\Users\Nuruzzaman\AppData\Local\npm-cache\_npx\7750544ccf494d8b\node_modules\winston\lib\winston\transports\console.js:87:23)
    at Console._write (C:\Users\Nuruzzaman\AppData\Local\npm-cache\_npx\7750544ccf494d8b\node_modules\winston-transport\modern.js:103:17)
    at doWrite (C:\Users\Nuruzzaman\AppData\Local\npm-cache\_npx\7750544ccf494d8b\node_modules\winston-transport\node_modules\readable-stream\lib\_stream_writable.js:390:139)
    at writeOrBuffer (C:\Users\Nuruzzaman\AppData\Local\npm-cache\_npx\7750544ccf494d8b\node_modules\winston-transport\node_modules\readable-stream\lib\_stream_writable.js:381:5)
    at Writable.write (C:\Users\Nuruzzaman\AppData\Local\npm-cache\_npx\7750544ccf494d8b\node_modules\winston-transport\node_modules\readable-stream\lib\_stream_writable.js:302:11)
    at DerivedLogger.ondata (C:\Users\Nuruzzaman\AppData\Local\npm-cache\_npx\7750544ccf494d8b\node_modules\winston\node_modules\readable-stream\lib\_stream_readable.js:629:20)
[error] 
[error] Error: An unexpected error has occurred.
[debug] [2026-06-09T09:11:43.485Z] Error: EPIPE: broken pipe, write
    at Socket._write (node:internal/net:63:18)
    at writeOrBuffer (node:internal/streams/writable:572:12)
    at _write (node:internal/streams/writable:501:10)
    at Writable.write (node:internal/streams/writable:510:10)
    at Console.log (C:\Users\Nuruzzaman\AppData\Local\npm-cache\_npx\7750544ccf494d8b\node_modules\winston\lib\winston\transports\console.js:87:23)
    at Console._write (C:\Users\Nuruzzaman\AppData\Local\npm-cache\_npx\7750544ccf494d8b\node_modules\winston-transport\modern.js:103:17)
    at doWrite (C:\Users\Nuruzzaman\AppData\Local\npm-cache\_npx\7750544ccf494d8b\node_modules\winston-transport\node_modules\readable-stream\lib\_stream_writable.js:390:139)
    at writeOrBuffer (C:\Users\Nuruzzaman\AppData\Local\npm-cache\_npx\7750544ccf494d8b\node_modules\winston-transport\node_modules\readable-stream\lib\_stream_writable.js:381:5)
    at Writable.write (C:\Users\Nuruzzaman\AppData\Local\npm-cache\_npx\7750544ccf494d8b\node_modules\winston-transport\node_modules\readable-stream\lib\_stream_writable.js:302:11)
    at DerivedLogger.ondata (C:\Users\Nuruzzaman\AppData\Local\npm-cache\_npx\7750544ccf494d8b\node_modules\winston\node_modules\readable-stream\lib\_stream_readable.js:629:20)
[error] 
[error] Error: An unexpected error has occurred.
[debug] [2026-06-09T09:11:43.485Z] Error: EPIPE: broken pipe, write
    at Socket._write (node:internal/net:63:18)
    at writeOrBuffer (node:internal/streams/writable:572:12)
    at _write (node:internal/streams/writable:501:10)
    at Writable.write (node:internal/streams/writable:510:10)
    at Console.log (C:\Users\Nuruzzaman\AppData\Local\npm-cache\_npx\7750544ccf494d8b\node_modules\winston\lib\winston\transports\console.js:87:23)
    at Console._write (C:\Users\Nuruzzaman\AppData\Local\npm-cache\_npx\7750544ccf494d8b\node_modules\winston-transport\modern.js:103:17)
    at doWrite (C:\Users\Nuruzzaman\AppData\Local\npm-cache\_npx\7750544ccf494d8b\node_modules\winston-transport\node_modules\readable-stream\lib\_stream_writable.js:390:139)
    at writeOrBuffer (C:\Users\Nuruzzaman\AppData\Local\npm-cache\_npx\7750544ccf494d8b\node_modules\winston-transport\node_modules\readable-stream\lib\_stream_writable.js:381:5)
    at Writable.write (C:\Users\Nuruzzaman\AppData\Local\npm-cache\_npx\7750544ccf494d8b\node_modules\winston-transport\node_modules\readable-stream\lib\_stream_writable.js:302:11)
    at DerivedLogger.ondata (C:\Users\Nuruzzaman\AppData\Local\npm-cache\_npx\7750544ccf494d8b\node_modules\winston\node_modules\readable-stream\lib\_stream_readable.js:629:20)
[error] 
[error] Error: An unexpected error has occurred.
[debug] [2026-06-09T09:11:43.486Z] Error: EPIPE: broken pipe, write
    at Socket._write (node:internal/net:63:18)
    at writeOrBuffer (node:internal/streams/writable:572:12)
    at _write (node:internal/streams/writable:501:10)
    at Writable.write (node:internal/streams/writable:510:10)
    at Console.log (C:\Users\Nuruzzaman\AppData\Local\npm-cache\_npx\7750544ccf494d8b\node_modules\winston\lib\winston\transports\console.js:87:23)
    at Console._write (C:\Users\Nuruzzaman\AppData\Local\npm-cache\_npx\7750544ccf494d8b\node_modules\winston-transport\modern.js:103:17)
    at doWrite (C:\Users\Nuruzzaman\AppData\Local\npm-cache\_npx\7750544ccf494d8b\node_modules\winston-transport\node_modules\readable-stream\lib\_stream_writable.js:390:139)
    at writeOrBuffer (C:\Users\Nuruzzaman\AppData\Local\npm-cache\_npx\7750544ccf494d8b\node_modules\winston-transport\node_modules\readable-stream\lib\_stream_writable.js:381:5)
    at Writable.write (C:\Users\Nuruzzaman\AppData\Local\npm-cache\_npx\7750544ccf494d8b\node_modules\winston-transport\node_modules\readable-stream\lib\_stream_writable.js:302:11)
    at DerivedLogger.ondata (C:\Users\Nuruzzaman\AppData\Local\npm-cache\_npx\7750544ccf494d8b\node_modules\winston\node_modules\readable-stream\lib\_stream_readable.js:629:20)
[error] 
[error] Error: An unexpected error has occurred.
[debug] [2026-06-09T09:11:43.486Z] Error: EPIPE: broken pipe, write
    at Socket._write (node:internal/net:63:18)
    at writeOrBuffer (node:internal/streams/writable:572:12)
    at _write (node:internal/streams/writable:501:10)
    at Writable.write (node:internal/streams/writable:510:10)
    at Console.log (C:\Users\Nuruzzaman\AppData\Local\npm-cache\_npx\7750544ccf494d8b\node_modules\winston\lib\winston\transports\console.js:87:23)
    at Console._write (C:\Users\Nuruzzaman\AppData\Local\npm-cache\_npx\7750544ccf494d8b\node_modules\winston-transport\modern.js:103:17)
    at doWrite (C:\Users\Nuruzzaman\AppData\Local\npm-cache\_npx\7750544ccf494d8b\node_modules\winston-transport\node_modules\readable-stream\lib\_stream_writable.js:390:139)
    at writeOrBuffer (C:\Users\Nuruzzaman\AppData\Local\npm-cache\_npx\7750544ccf494d8b\node_modules\winston-transport\node_modules\readable-stream\lib\_stream_writable.js:381:5)
    at Writable.write (C:\Users\Nuruzzaman\AppData\Local\npm-cache\_npx\7750544ccf494d8b\node_modules\winston-transport\node_modules\readable-stream\lib\_stream_writable.js:302:11)
    at DerivedLogger.ondata (C:\Users\Nuruzzaman\AppData\Local\npm-cache\_npx\7750544ccf494d8b\node_modules\winston\node_modules\readable-stream\lib\_stream_readable.js:629:20)
[error] 
[error] Error: An unexpected error has occurred.
[debug] [2026-06-09T09:11:43.486Z] Error: EPIPE: broken pipe, write
    at Socket._write (node:internal/net:63:18)
    at writeOrBuffer (node:internal/streams/writable:572:12)
    at _write (node:internal/streams/writable:501:10)
    at Writable.write (node:internal/streams/writable:510:10)
    at Console.log (C:\Users\Nuruzzaman\AppData\Local\npm-cache\_npx\7750544ccf494d8b\node_modules\winston\lib\winston\transports\console.js:87:23)
    at Console._write (C:\Users\Nuruzzaman\AppData\Local\npm-cache\_npx\7750544ccf494d8b\node_modules\winston-transport\modern.js:103:17)
    at doWrite (C:\Users\Nuruzzaman\AppData\Local\npm-cache\_npx\7750544ccf494d8b\node_modules\winston-transport\node_modules\readable-stream\lib\_stream_writable.js:390:139)
    at writeOrBuffer (C:\Users\Nuruzzaman\AppData\Local\npm-cache\_npx\7750544ccf494d8b\node_modules\winston-transport\node_modules\readable-stream\lib\_stream_writable.js:381:5)
    at Writable.write (C:\Users\Nuruzzaman\AppData\Local\npm-cache\_npx\7750544ccf494d8b\node_modules\winston-transport\node_modules\readable-stream\lib\_stream_writable.js:302:11)
    at DerivedLogger.ondata (C:\Users\Nuruzzaman\AppData\Local\npm-cache\_npx\7750544ccf494d8b\node_modules\winston\node_modules\readable-stream\lib\_stream_readable.js:629:20)
[error] 
[error] Error: An unexpected error has occurred.
[debug] [2026-06-09T09:11:43.486Z] Error: EPIPE: broken pipe, write
    at Socket._write (node:internal/net:63:18)
    at writeOrBuffer (node:internal/streams/writable:572:12)
    at _write (node:internal/streams/writable:501:10)
    at Writable.write (node:internal/streams/writable:510:10)
    at Console.log (C:\Users\Nuruzzaman\AppData\Local\npm-cache\_npx\7750544ccf494d8b\node_modules\winston\lib\winston\transports\console.js:87:23)
    at Console._write (C:\Users\Nuruzzaman\AppData\Local\npm-cache\_npx\7750544ccf494d8b\node_modules\winston-transport\modern.js:103:17)
    at doWrite (C:\Users\Nuruzzaman\AppData\Local\npm-cache\_npx\7750544ccf494d8b\node_modules\winston-transport\node_modules\readable-stream\lib\_stream_writable.js:390:139)
    at writeOrBuffer (C:\Users\Nuruzzaman\AppData\Local\npm-cache\_npx\7750544ccf494d8b\node_modules\winston-transport\node_modules\readable-stream\lib\_stream_writable.js:381:5)
    at Writable.write (C:\Users\Nuruzzaman\AppData\Local\npm-cache\_npx\7750544ccf494d8b\node_modules\winston-transport\node_modules\readable-stream\lib\_stream_writable.js:302:11)
    at DerivedLogger.ondata (C:\Users\Nuruzzaman\AppData\Local\npm-cache\_npx\7750544ccf494d8b\node_modules\winston\node_modules\readable-stream\lib\_stream_readable.js:629:20)
[error] 
[error] Error: An unexpected error has occurred.
[debug] [2026-06-09T09:11:43.486Z] Error: EPIPE: broken pipe, write
    at Socket._write (node:internal/net:63:18)
    at writeOrBuffer (node:internal/streams/writable:572:12)
    at _write (node:internal/streams/writable:501:10)
    at Writable.write (node:internal/streams/writable:510:10)
    at Console.log (C:\Users\Nuruzzaman\AppData\Local\npm-cache\_npx\7750544ccf494d8b\node_modules\winston\lib\winston\transports\console.js:87:23)
    at Console._write (C:\Users\Nuruzzaman\AppData\Local\npm-cache\_npx\7750544ccf494d8b\node_modules\winston-transport\modern.js:103:17)
    at doWrite (C:\Users\Nuruzzaman\AppData\Local\npm-cache\_npx\7750544ccf494d8b\node_modules\winston-transport\node_modules\readable-stream\lib\_stream_writable.js:390:139)
    at writeOrBuffer (C:\Users\Nuruzzaman\AppData\Local\npm-cache\_npx\7750544ccf494d8b\node_modules\winston-transport\node_modules\readable-stream\lib\_stream_writable.js:381:5)
    at Writable.write (C:\Users\Nuruzzaman\AppData\Local\npm-cache\_npx\7750544ccf494d8b\node_modules\winston-transport\node_modules\readable-stream\lib\_stream_writable.js:302:11)
    at DerivedLogger.ondata (C:\Users\Nuruzzaman\AppData\Local\npm-cache\_npx\7750544ccf494d8b\node_modules\winston\node_modules\readable-stream\lib\_stream_readable.js:629:20)
[error] 
[error] Error: An unexpected error has occurred.
[debug] [2026-06-09T09:11:43.486Z] Error: EPIPE: broken pipe, write
    at Socket._write (node:internal/net:63:18)
    at writeOrBuffer (node:internal/streams/writable:572:12)
    at _write (node:internal/streams/writable:501:10)
    at Writable.write (node:internal/streams/writable:510:10)
    at Console.log (C:\Users\Nuruzzaman\AppData\Local\npm-cache\_npx\7750544ccf494d8b\node_modules\winston\lib\winston\transports\console.js:87:23)
    at Console._write (C:\Users\Nuruzzaman\AppData\Local\npm-cache\_npx\7750544ccf494d8b\node_modules\winston-transport\modern.js:103:17)
    at doWrite (C:\Users\Nuruzzaman\AppData\Local\npm-cache\_npx\7750544ccf494d8b\node_modules\winston-transport\node_modules\readable-stream\lib\_stream_writable.js:390:139)
    at writeOrBuffer (C:\Users\Nuruzzaman\AppData\Local\npm-cache\_npx\7750544ccf494d8b\node_modules\winston-transport\node_modules\readable-stream\lib\_stream_writable.js:381:5)
    at Writable.write (C:\Users\Nuruzzaman\AppData\Local\npm-cache\_npx\7750544ccf494d8b\node_modules\winston-transport\node_modules\readable-stream\lib\_stream_writable.js:302:11)
    at DerivedLogger.ondata (C:\Users\Nuruzzaman\AppData\Local\npm-cache\_npx\7750544ccf494d8b\node_modules\winston\node_modules\readable-stream\lib\_stream_readable.js:629:20)
[error] 
[error] Error: An unexpected error has occurred.
[debug] [2026-06-09T09:11:43.487Z] Error: EPIPE: broken pipe, write
    at Socket._write (node:internal/net:63:18)
    at writeOrBuffer (node:internal/streams/writable:572:12)
    at _write (node:internal/streams/writable:501:10)
    at Writable.write (node:internal/streams/writable:510:10)
    at Console.log (C:\Users\Nuruzzaman\AppData\Local\npm-cache\_npx\7750544ccf494d8b\node_modules\winston\lib\winston\transports\console.js:87:23)
    at Console._write (C:\Users\Nuruzzaman\AppData\Local\npm-cache\_npx\7750544ccf494d8b\node_modules\winston-transport\modern.js:103:17)
    at doWrite (C:\Users\Nuruzzaman\AppData\Local\npm-cache\_npx\7750544ccf494d8b\node_modules\winston-transport\node_modules\readable-stream\lib\_stream_writable.js:390:139)
    at writeOrBuffer (C:\Users\Nuruzzaman\AppData\Local\npm-cache\_npx\7750544ccf494d8b\node_modules\winston-transport\node_modules\readable-stream\lib\_stream_writable.js:381:5)
    at Writable.write (C:\Users\Nuruzzaman\AppData\Local\npm-cache\_npx\7750544ccf494d8b\node_modules\winston-transport\node_modules\readable-stream\lib\_stream_writable.js:302:11)
    at DerivedLogger.ondata (C:\Users\Nuruzzaman\AppData\Local\npm-cache\_npx\7750544ccf494d8b\node_modules\winston\node_modules\readable-stream\lib\_stream_readable.js:629:20)
[error] 
[error] Error: An unexpected error has occurred.
[debug] [2026-06-09T09:11:43.488Z] Error: EPIPE: broken pipe, write
    at Socket._write (node:internal/net:63:18)
    at writeOrBuffer (node:internal/streams/writable:572:12)
    at _write (node:internal/streams/writable:501:10)
    at Writable.write (node:internal/streams/writable:510:10)
    at Console.log (C:\Users\Nuruzzaman\AppData\Local\npm-cache\_npx\7750544ccf494d8b\node_modules\winston\lib\winston\transports\console.js:87:23)
    at Console._write (C:\Users\Nuruzzaman\AppData\Local\npm-cache\_npx\7750544ccf494d8b\node_modules\winston-transport\modern.js:103:17)
    at doWrite (C:\Users\Nuruzzaman\AppData\Local\npm-cache\_npx\7750544ccf494d8b\node_modules\winston-transport\node_modules\readable-stream\lib\_stream_writable.js:390:139)
    at writeOrBuffer (C:\Users\Nuruzzaman\AppData\Local\npm-cache\_npx\7750544ccf494d8b\node_modules\winston-transport\node_modules\readable-stream\lib\_stream_writable.js:381:5)
    at Writable.write (C:\Users\Nuruzzaman\AppData\Local\npm-cache\_npx\7750544ccf494d8b\node_modules\winston-transport\node_modules\readable-stream\lib\_stream_writable.js:302:11)
    at DerivedLogger.ondata (C:\Users\Nuruzzaman\AppData\Local\npm-cache\_npx\7750544ccf494d8b\node_modules\winston\node_modules\readable-stream\lib\_stream_readable.js:629:20)
[error] 
[error] Error: An unexpected error has occurred.
[debug] [2026-06-09T09:11:43.488Z] Error: EPIPE: broken pipe, write
    at Socket._write (node:internal/net:63:18)
    at writeOrBuffer (node:internal/streams/writable:572:12)
    at _write (node:internal/streams/writable:501:10)
    at Writable.write (node:internal/streams/writable:510:10)
    at Console.log (C:\Users\Nuruzzaman\AppData\Local\npm-cache\_npx\7750544ccf494d8b\node_modules\winston\lib\winston\transports\console.js:87:23)
    at Console._write (C:\Users\Nuruzzaman\AppData\Local\npm-cache\_npx\7750544ccf494d8b\node_modules\winston-transport\modern.js:103:17)
    at doWrite (C:\Users\Nuruzzaman\AppData\Local\npm-cache\_npx\7750544ccf494d8b\node_modules\winston-transport\node_modules\readable-stream\lib\_stream_writable.js:390:139)
    at writeOrBuffer (C:\Users\Nuruzzaman\AppData\Local\npm-cache\_npx\7750544ccf494d8b\node_modules\winston-transport\node_modules\readable-stream\lib\_stream_writable.js:381:5)
    at Writable.write (C:\Users\Nuruzzaman\AppData\Local\npm-cache\_npx\7750544ccf494d8b\node_modules\winston-transport\node_modules\readable-stream\lib\_stream_writable.js:302:11)
    at DerivedLogger.ondata (C:\Users\Nuruzzaman\AppData\Local\npm-cache\_npx\7750544ccf494d8b\node_modules\winston\node_modules\readable-stream\lib\_stream_readable.js:629:20)
[error] 
[error] Error: An unexpected error has occurred.
[debug] [2026-06-09T09:11:43.488Z] Error: EPIPE: broken pipe, write
    at Socket._write (node:internal/net:63:18)
    at writeOrBuffer (node:internal/streams/writable:572:12)
    at _write (node:internal/streams/writable:501:10)
    at Writable.write (node:internal/streams/writable:510:10)
    at Console.log (C:\Users\Nuruzzaman\AppData\Local\npm-cache\_npx\7750544ccf494d8b\node_modules\winston\lib\winston\transports\console.js:87:23)
    at Console._write (C:\Users\Nuruzzaman\AppData\Local\npm-cache\_npx\7750544ccf494d8b\node_modules\winston-transport\modern.js:103:17)
    at doWrite (C:\Users\Nuruzzaman\AppData\Local\npm-cache\_npx\7750544ccf494d8b\node_modules\winston-transport\node_modules\readable-stream\lib\_stream_writable.js:390:139)
    at writeOrBuffer (C:\Users\Nuruzzaman\AppData\Local\npm-cache\_npx\7750544ccf494d8b\node_modules\winston-transport\node_modules\readable-stream\lib\_stream_writable.js:381:5)
    at Writable.write (C:\Users\Nuruzzaman\AppData\Local\npm-cache\_npx\7750544ccf494d8b\node_modules\winston-transport\node_modules\readable-stream\lib\_stream_writable.js:302:11)
    at DerivedLogger.ondata (C:\Users\Nuruzzaman\AppData\Local\npm-cache\_npx\7750544ccf494d8b\node_modules\winston\node_modules\readable-stream\lib\_stream_readable.js:629:20)
[error] 
[error] Error: An unexpected error has occurred.
[debug] [2026-06-09T09:11:43.489Z] Error: EPIPE: broken pipe, write
    at Socket._write (node:internal/net:63:18)
    at writeOrBuffer (node:internal/streams/writable:572:12)
    at _write (node:internal/streams/writable:501:10)
    at Writable.write (node:internal/streams/writable:510:10)
    at Console.log (C:\Users\Nuruzzaman\AppData\Local\npm-cache\_npx\7750544ccf494d8b\node_modules\winston\lib\winston\transports\console.js:87:23)
    at Console._write (C:\Users\Nuruzzaman\AppData\Local\npm-cache\_npx\7750544ccf494d8b\node_modules\winston-transport\modern.js:103:17)
    at doWrite (C:\Users\Nuruzzaman\AppData\Local\npm-cache\_npx\7750544ccf494d8b\node_modules\winston-transport\node_modules\readable-stream\lib\_stream_writable.js:390:139)
    at writeOrBuffer (C:\Users\Nuruzzaman\AppData\Local\npm-cache\_npx\7750544ccf494d8b\node_modules\winston-transport\node_modules\readable-stream\lib\_stream_writable.js:381:5)
    at Writable.write (C:\Users\Nuruzzaman\AppData\Local\npm-cache\_npx\7750544ccf494d8b\node_modules\winston-transport\node_modules\readable-stream\lib\_stream_writable.js:302:11)
    at DerivedLogger.ondata (C:\Users\Nuruzzaman\AppData\Local\npm-cache\_npx\7750544ccf494d8b\node_modules\winston\node_modules\readable-stream\lib\_stream_readable.js:629:20)
[error] 
[error] Error: An unexpected error has occurred.
[debug] [2026-06-09T09:11:43.489Z] Error: EPIPE: broken pipe, write
    at Socket._write (node:internal/net:63:18)
    at writeOrBuffer (node:internal/streams/writable:572:12)
    at _write (node:internal/streams/writable:501:10)
    at Writable.write (node:internal/streams/writable:510:10)
    at Console.log (C:\Users\Nuruzzaman\AppData\Local\npm-cache\_npx\7750544ccf494d8b\node_modules\winston\lib\winston\transports\console.js:87:23)
    at Console._write (C:\Users\Nuruzzaman\AppData\Local\npm-cache\_npx\7750544ccf494d8b\node_modules\winston-transport\modern.js:103:17)
    at doWrite (C:\Users\Nuruzzaman\AppData\Local\npm-cache\_npx\7750544ccf494d8b\node_modules\winston-transport\node_modules\readable-stream\lib\_stream_writable.js:390:139)
    at writeOrBuffer (C:\Users\Nuruzzaman\AppData\Local\npm-cache\_npx\7750544ccf494d8b\node_modules\winston-transport\node_modules\readable-stream\lib\_stream_writable.js:381:5)
    at Writable.write (C:\Users\Nuruzzaman\AppData\Local\npm-cache\_npx\7750544ccf494d8b\node_modules\winston-transport\node_modules\readable-stream\lib\_stream_writable.js:302:11)
    at DerivedLogger.ondata (C:\Users\Nuruzzaman\AppData\Local\npm-cache\_npx\7750544ccf494d8b\node_modules\winston\node_modules\readable-stream\lib\_stream_readable.js:629:20)
[error] 
[error] Error: An unexpected error has occurred.
[debug] [2026-06-09T09:11:43.489Z] Error: EPIPE: broken pipe, write
    at Socket._write (node:internal/net:63:18)
    at writeOrBuffer (node:internal/streams/writable:572:12)
    at _write (node:internal/streams/writable:501:10)
    at Writable.write (node:internal/streams/writable:510:10)
    at Console.log (C:\Users\Nuruzzaman\AppData\Local\npm-cache\_npx\7750544ccf494d8b\node_modules\winston\lib\winston\transports\console.js:87:23)
    at Console._write (C:\Users\Nuruzzaman\AppData\Local\npm-cache\_npx\7750544ccf494d8b\node_modules\winston-transport\modern.js:103:17)
    at doWrite (C:\Users\Nuruzzaman\AppData\Local\npm-cache\_npx\7750544ccf494d8b\node_modules\winston-transport\node_modules\readable-stream\lib\_stream_writable.js:390:139)
    at writeOrBuffer (C:\Users\Nuruzzaman\AppData\Local\npm-cache\_npx\7750544ccf494d8b\node_modules\winston-transport\node_modules\readable-stream\lib\_stream_writable.js:381:5)
    at Writable.write (C:\Users\Nuruzzaman\AppData\Local\npm-cache\_npx\7750544ccf494d8b\node_modules\winston-transport\node_modules\readable-stream\lib\_stream_writable.js:302:11)
    at DerivedLogger.ondata (C:\Users\Nuruzzaman\AppData\Local\npm-cache\_npx\7750544ccf494d8b\node_modules\winston\node_modules\readable-stream\lib\_stream_readable.js:629:20)
[error] 
[error] Error: An unexpected error has occurred.
[debug] [2026-06-09T09:11:43.490Z] Error: EPIPE: broken pipe, write
    at Socket._write (node:internal/net:63:18)
    at writeOrBuffer (node:internal/streams/writable:572:12)
    at _write (node:internal/streams/writable:501:10)
    at Writable.write (node:internal/streams/writable:510:10)
    at Console.log (C:\Users\Nuruzzaman\AppData\Local\npm-cache\_npx\7750544ccf494d8b\node_modules\winston\lib\winston\transports\console.js:87:23)
    at Console._write (C:\Users\Nuruzzaman\AppData\Local\npm-cache\_npx\7750544ccf494d8b\node_modules\winston-transport\modern.js:103:17)
    at doWrite (C:\Users\Nuruzzaman\AppData\Local\npm-cache\_npx\7750544ccf494d8b\node_modules\winston-transport\node_modules\readable-stream\lib\_stream_writable.js:390:139)
    at writeOrBuffer (C:\Users\Nuruzzaman\AppData\Local\npm-cache\_npx\7750544ccf494d8b\node_modules\winston-transport\node_modules\readable-stream\lib\_stream_writable.js:381:5)
    at Writable.write (C:\Users\Nuruzzaman\AppData\Local\npm-cache\_npx\7750544ccf494d8b\node_modules\winston-transport\node_modules\readable-stream\lib\_stream_writable.js:302:11)
    at DerivedLogger.ondata (C:\Users\Nuruzzaman\AppData\Local\npm-cache\_npx\7750544ccf494d8b\node_modules\winston\node_modules\readable-stream\lib\_stream_readable.js:629:20)
[error] 
[error] Error: An unexpected error has occurred.
[debug] [2026-06-09T09:11:43.490Z] Error: EPIPE: broken pipe, write
    at Socket._write (node:internal/net:63:18)
    at writeOrBuffer (node:internal/streams/writable:572:12)
    at _write (node:internal/streams/writable:501:10)
    at Writable.write (node:internal/streams/writable:510:10)
    at Console.log (C:\Users\Nuruzzaman\AppData\Local\npm-cache\_npx\7750544ccf494d8b\node_modules\winston\lib\winston\transports\console.js:87:23)
    at Console._write (C:\Users\Nuruzzaman\AppData\Local\npm-cache\_npx\7750544ccf494d8b\node_modules\winston-transport\modern.js:103:17)
    at doWrite (C:\Users\Nuruzzaman\AppData\Local\npm-cache\_npx\7750544ccf494d8b\node_modules\winston-transport\node_modules\readable-stream\lib\_stream_writable.js:390:139)
    at writeOrBuffer (C:\Users\Nuruzzaman\AppData\Local\npm-cache\_npx\7750544ccf494d8b\node_modules\winston-transport\node_modules\readable-stream\lib\_stream_writable.js:381:5)
    at Writable.write (C:\Users\Nuruzzaman\AppData\Local\npm-cache\_npx\7750544ccf494d8b\node_modules\winston-transport\node_modules\readable-stream\lib\_stream_writable.js:302:11)
    at DerivedLogger.ondata (C:\Users\Nuruzzaman\AppData\Local\npm-cache\_npx\7750544ccf494d8b\node_modules\winston\node_modules\readable-stream\lib\_stream_readable.js:629:20)
[error] 
[error] Error: An unexpected error has occurred.
[debug] [2026-06-09T09:11:43.490Z] Error: EPIPE: broken pipe, write
    at Socket._write (node:internal/net:63:18)
    at writeOrBuffer (node:internal/streams/writable:572:12)
    at _write (node:internal/streams/writable:501:10)
    at Writable.write (node:internal/streams/writable:510:10)
    at Console.log (C:\Users\Nuruzzaman\AppData\Local\npm-cache\_npx\7750544ccf494d8b\node_modules\winston\lib\winston\transports\console.js:87:23)
    at Console._write (C:\Users\Nuruzzaman\AppData\Local\npm-cache\_npx\7750544ccf494d8b\node_modules\winston-transport\modern.js:103:17)
    at doWrite (C:\Users\Nuruzzaman\AppData\Local\npm-cache\_npx\7750544ccf494d8b\node_modules\winston-transport\node_modules\readable-stream\lib\_stream_writable.js:390:139)
    at writeOrBuffer (C:\Users\Nuruzzaman\AppData\Local\npm-cache\_npx\7750544ccf494d8b\node_modules\winston-transport\node_modules\readable-stream\lib\_stream_writable.js:381:5)
    at Writable.write (C:\Users\Nuruzzaman\AppData\Local\npm-cache\_npx\7750544ccf494d8b\node_modules\winston-transport\node_modules\readable-stream\lib\_stream_writable.js:302:11)
    at DerivedLogger.ondata (C:\Users\Nuruzzaman\AppData\Local\npm-cache\_npx\7750544ccf494d8b\node_modules\winston\node_modules\readable-stream\lib\_stream_readable.js:629:20)
[error] 
[error] Error: An unexpected error has occurred.
[debug] [2026-06-09T09:11:43.490Z] Error: EPIPE: broken pipe, write
    at Socket._write (node:internal/net:63:18)
    at writeOrBuffer (node:internal/streams/writable:572:12)
    at _write (node:internal/streams/writable:501:10)
    at Writable.write (node:internal/streams/writable:510:10)
    at Console.log (C:\Users\Nuruzzaman\AppData\Local\npm-cache\_npx\7750544ccf494d8b\node_modules\winston\lib\winston\transports\console.js:87:23)
    at Console._write (C:\Users\Nuruzzaman\AppData\Local\npm-cache\_npx\7750544ccf494d8b\node_modules\winston-transport\modern.js:103:17)
    at doWrite (C:\Users\Nuruzzaman\AppData\Local\npm-cache\_npx\7750544ccf494d8b\node_modules\winston-transport\node_modules\readable-stream\lib\_stream_writable.js:390:139)
    at writeOrBuffer (C:\Users\Nuruzzaman\AppData\Local\npm-cache\_npx\7750544ccf494d8b\node_modules\winston-transport\node_modules\readable-stream\lib\_stream_writable.js:381:5)
    at Writable.write (C:\Users\Nuruzzaman\AppData\Local\npm-cache\_npx\7750544ccf494d8b\node_modules\winston-transport\node_modules\readable-stream\lib\_stream_writable.js:302:11)
    at DerivedLogger.ondata (C:\Users\Nuruzzaman\AppData\Local\npm-cache\_npx\7750544ccf494d8b\node_modules\winston\node_modules\readable-stream\lib\_stream_readable.js:629:20)
[error] 
[error] Error: An unexpected error has occurred.
[debug] [2026-06-09T09:11:43.490Z] Error: EPIPE: broken pipe, write
    at Socket._write (node:internal/net:63:18)
    at writeOrBuffer (node:internal/streams/writable:572:12)
    at _write (node:internal/streams/writable:501:10)
    at Writable.write (node:internal/streams/writable:510:10)
    at Console.log (C:\Users\Nuruzzaman\AppData\Local\npm-cache\_npx\7750544ccf494d8b\node_modules\winston\lib\winston\transports\console.js:87:23)
    at Console._write (C:\Users\Nuruzzaman\AppData\Local\npm-cache\_npx\7750544ccf494d8b\node_modules\winston-transport\modern.js:103:17)
    at doWrite (C:\Users\Nuruzzaman\AppData\Local\npm-cache\_npx\7750544ccf494d8b\node_modules\winston-transport\node_modules\readable-stream\lib\_stream_writable.js:390:139)
    at writeOrBuffer (C:\Users\Nuruzzaman\AppData\Local\npm-cache\_npx\7750544ccf494d8b\node_modules\winston-transport\node_modules\readable-stream\lib\_stream_writable.js:381:5)
    at Writable.write (C:\Users\Nuruzzaman\AppData\Local\npm-cache\_npx\7750544ccf494d8b\node_modules\winston-transport\node_modules\readable-stream\lib\_stream_writable.js:302:11)
    at DerivedLogger.ondata (C:\Users\Nuruzzaman\AppData\Local\npm-cache\_npx\7750544ccf494d8b\node_modules\winston\node_modules\readable-stream\lib\_stream_readable.js:629:20)
[error] 
[error] Error: An unexpected error has occurred.
[debug] [2026-06-09T09:11:43.490Z] Error: EPIPE: broken pipe, write
    at Socket._write (node:internal/net:63:18)
    at writeOrBuffer (node:internal/streams/writable:572:12)
    at _write (node:internal/streams/writable:501:10)
    at Writable.write (node:internal/streams/writable:510:10)
    at Console.log (C:\Users\Nuruzzaman\AppData\Local\npm-cache\_npx\7750544ccf494d8b\node_modules\winston\lib\winston\transports\console.js:87:23)
    at Console._write (C:\Users\Nuruzzaman\AppData\Local\npm-cache\_npx\7750544ccf494d8b\node_modules\winston-transport\modern.js:103:17)
    at doWrite (C:\Users\Nuruzzaman\AppData\Local\npm-cache\_npx\7750544ccf494d8b\node_modules\winston-transport\node_modules\readable-stream\lib\_stream_writable.js:390:139)
    at writeOrBuffer (C:\Users\Nuruzzaman\AppData\Local\npm-cache\_npx\7750544ccf494d8b\node_modules\winston-transport\node_modules\readable-stream\lib\_stream_writable.js:381:5)
    at Writable.write (C:\Users\Nuruzzaman\AppData\Local\npm-cache\_npx\7750544ccf494d8b\node_modules\winston-transport\node_modules\readable-stream\lib\_stream_writable.js:302:11)
    at DerivedLogger.ondata (C:\Users\Nuruzzaman\AppData\Local\npm-cache\_npx\7750544ccf494d8b\node_modules\winston\node_modules\readable-stream\lib\_stream_readable.js:629:20)
[error] 
[error] Error: An unexpected error has occurred.
[debug] [2026-06-09T09:11:43.491Z] Error: EPIPE: broken pipe, write
    at Socket._write (node:internal/net:63:18)
    at writeOrBuffer (node:internal/streams/writable:572:12)
    at _write (node:internal/streams/writable:501:10)
    at Writable.write (node:internal/streams/writable:510:10)
    at Console.log (C:\Users\Nuruzzaman\AppData\Local\npm-cache\_npx\7750544ccf494d8b\node_modules\winston\lib\winston\transports\console.js:87:23)
    at Console._write (C:\Users\Nuruzzaman\AppData\Local\npm-cache\_npx\7750544ccf494d8b\node_modules\winston-transport\modern.js:103:17)
    at doWrite (C:\Users\Nuruzzaman\AppData\Local\npm-cache\_npx\7750544ccf494d8b\node_modules\winston-transport\node_modules\readable-stream\lib\_stream_writable.js:390:139)
    at writeOrBuffer (C:\Users\Nuruzzaman\AppData\Local\npm-cache\_npx\7750544ccf494d8b\node_modules\winston-transport\node_modules\readable-stream\lib\_stream_writable.js:381:5)
    at Writable.write (C:\Users\Nuruzzaman\AppData\Local\npm-cache\_npx\7750544ccf494d8b\node_modules\winston-transport\node_modules\readable-stream\lib\_stream_writable.js:302:11)
    at DerivedLogger.ondata (C:\Users\Nuruzzaman\AppData\Local\npm-cache\_npx\7750544ccf494d8b\node_modules\winston\node_modules\readable-stream\lib\_stream_readable.js:629:20)
[error] 
[error] Error: An unexpected error has occurred.
[debug] [2026-06-09T09:11:43.492Z] Error: EPIPE: broken pipe, write
    at Socket._write (node:internal/net:63:18)
    at writeOrBuffer (node:internal/streams/writable:572:12)
    at _write (node:internal/streams/writable:501:10)
    at Writable.write (node:internal/streams/writable:510:10)
    at Console.log (C:\Users\Nuruzzaman\AppData\Local\npm-cache\_npx\7750544ccf494d8b\node_modules\winston\lib\winston\transports\console.js:87:23)
    at Console._write (C:\Users\Nuruzzaman\AppData\Local\npm-cache\_npx\7750544ccf494d8b\node_modules\winston-transport\modern.js:103:17)
    at doWrite (C:\Users\Nuruzzaman\AppData\Local\npm-cache\_npx\7750544ccf494d8b\node_modules\winston-transport\node_modules\readable-stream\lib\_stream_writable.js:390:139)
    at writeOrBuffer (C:\Users\Nuruzzaman\AppData\Local\npm-cache\_npx\7750544ccf494d8b\node_modules\winston-transport\node_modules\readable-stream\lib\_stream_writable.js:381:5)
    at Writable.write (C:\Users\Nuruzzaman\AppData\Local\npm-cache\_npx\7750544ccf494d8b\node_modules\winston-transport\node_modules\readable-stream\lib\_stream_writable.js:302:11)
    at DerivedLogger.ondata (C:\Users\Nuruzzaman\AppData\Local\npm-cache\_npx\7750544ccf494d8b\node_modules\winston\node_modules\readable-stream\lib\_stream_readable.js:629:20)
[error] 
[error] Error: An unexpected error has occurred.
[debug] [2026-06-09T09:11:43.492Z] Error: EPIPE: broken pipe, write
    at Socket._write (node:internal/net:63:18)
    at writeOrBuffer (node:internal/streams/writable:572:12)
    at _write (node:internal/streams/writable:501:10)
    at Writable.write (node:internal/streams/writable:510:10)
    at Console.log (C:\Users\Nuruzzaman\AppData\Local\npm-cache\_npx\7750544ccf494d8b\node_modules\winston\lib\winston\transports\console.js:87:23)
    at Console._write (C:\Users\Nuruzzaman\AppData\Local\npm-cache\_npx\7750544ccf494d8b\node_modules\winston-transport\modern.js:103:17)
    at doWrite (C:\Users\Nuruzzaman\AppData\Local\npm-cache\_npx\7750544ccf494d8b\node_modules\winston-transport\node_modules\readable-stream\lib\_stream_writable.js:390:139)
    at writeOrBuffer (C:\Users\Nuruzzaman\AppData\Local\npm-cache\_npx\7750544ccf494d8b\node_modules\winston-transport\node_modules\readable-stream\lib\_stream_writable.js:381:5)
    at Writable.write (C:\Users\Nuruzzaman\AppData\Local\npm-cache\_npx\7750544ccf494d8b\node_modules\winston-transport\node_modules\readable-stream\lib\_stream_writable.js:302:11)
    at DerivedLogger.ondata (C:\Users\Nuruzzaman\AppData\Local\npm-cache\_npx\7750544ccf494d8b\node_modules\winston\node_modules\readable-stream\lib\_stream_readable.js:629:20)
[error] 
[error] Error: An unexpected error has occurred.
[debug] [2026-06-09T09:11:43.492Z] Error: EPIPE: broken pipe, write
    at Socket._write (node:internal/net:63:18)
    at writeOrBuffer (node:internal/streams/writable:572:12)
    at _write (node:internal/streams/writable:501:10)
    at Writable.write (node:internal/streams/writable:510:10)
    at Console.log (C:\Users\Nuruzzaman\AppData\Local\npm-cache\_npx\7750544ccf494d8b\node_modules\winston\lib\winston\transports\console.js:87:23)
    at Console._write (C:\Users\Nuruzzaman\AppData\Local\npm-cache\_npx\7750544ccf494d8b\node_modules\winston-transport\modern.js:103:17)
    at doWrite (C:\Users\Nuruzzaman\AppData\Local\npm-cache\_npx\7750544ccf494d8b\node_modules\winston-transport\node_modules\readable-stream\lib\_stream_writable.js:390:139)
    at writeOrBuffer (C:\Users\Nuruzzaman\AppData\Local\npm-cache\_npx\7750544ccf494d8b\node_modules\winston-transport\node_modules\readable-stream\lib\_stream_writable.js:381:5)
    at Writable.write (C:\Users\Nuruzzaman\AppData\Local\npm-cache\_npx\7750544ccf494d8b\node_modules\winston-transport\node_modules\readable-stream\lib\_stream_writable.js:302:11)
    at DerivedLogger.ondata (C:\Users\Nuruzzaman\AppData\Local\npm-cache\_npx\7750544ccf494d8b\node_modules\winston\node_modules\readable-stream\lib\_stream_readable.js:629:20)
[error] 
[error] Error: An unexpected error has occurred.
[debug] [2026-06-09T09:11:43.492Z] Error: EPIPE: broken pipe, write
    at Socket._write (node:internal/net:63:18)
    at writeOrBuffer (node:internal/streams/writable:572:12)
    at _write (node:internal/streams/writable:501:10)
    at Writable.write (node:internal/streams/writable:510:10)
    at Console.log (C:\Users\Nuruzzaman\AppData\Local\npm-cache\_npx\7750544ccf494d8b\node_modules\winston\lib\winston\transports\console.js:87:23)
    at Console._write (C:\Users\Nuruzzaman\AppData\Local\npm-cache\_npx\7750544ccf494d8b\node_modules\winston-transport\modern.js:103:17)
    at doWrite (C:\Users\Nuruzzaman\AppData\Local\npm-cache\_npx\7750544ccf494d8b\node_modules\winston-transport\node_modules\readable-stream\lib\_stream_writable.js:390:139)
    at writeOrBuffer (C:\Users\Nuruzzaman\AppData\Local\npm-cache\_npx\7750544ccf494d8b\node_modules\winston-transport\node_modules\readable-stream\lib\_stream_writable.js:381:5)
    at Writable.write (C:\Users\Nuruzzaman\AppData\Local\npm-cache\_npx\7750544ccf494d8b\node_modules\winston-transport\node_modules\readable-stream\lib\_stream_writable.js:302:11)
    at DerivedLogger.ondata (C:\Users\Nuruzzaman\AppData\Local\npm-cache\_npx\7750544ccf494d8b\node_modules\winston\node_modules\readable-stream\lib\_stream_readable.js:629:20)
[error] 
[error] Error: An unexpected error has occurred.
[debug] [2026-06-09T09:11:43.492Z] Error: EPIPE: broken pipe, write
    at Socket._write (node:internal/net:63:18)
    at writeOrBuffer (node:internal/streams/writable:572:12)
    at _write (node:internal/streams/writable:501:10)
    at Writable.write (node:internal/streams/writable:510:10)
    at Console.log (C:\Users\Nuruzzaman\AppData\Local\npm-cache\_npx\7750544ccf494d8b\node_modules\winston\lib\winston\transports\console.js:87:23)
    at Console._write (C:\Users\Nuruzzaman\AppData\Local\npm-cache\_npx\7750544ccf494d8b\node_modules\winston-transport\modern.js:103:17)
    at doWrite (C:\Users\Nuruzzaman\AppData\Local\npm-cache\_npx\7750544ccf494d8b\node_modules\winston-transport\node_modules\readable-stream\lib\_stream_writable.js:390:139)
    at writeOrBuffer (C:\Users\Nuruzzaman\AppData\Local\npm-cache\_npx\7750544ccf494d8b\node_modules\winston-transport\node_modules\readable-stream\lib\_stream_writable.js:381:5)
    at Writable.write (C:\Users\Nuruzzaman\AppData\Local\npm-cache\_npx\7750544ccf494d8b\node_modules\winston-transport\node_modules\readable-stream\lib\_stream_writable.js:302:11)
    at DerivedLogger.ondata (C:\Users\Nuruzzaman\AppData\Local\npm-cache\_npx\7750544ccf494d8b\node_modules\winston\node_modules\readable-stream\lib\_stream_readable.js:629:20)
[error] 
[error] Error: An unexpected error has occurred.
[debug] [2026-06-09T09:11:43.493Z] Error: EPIPE: broken pipe, write
    at Socket._write (node:internal/net:63:18)
    at writeOrBuffer (node:internal/streams/writable:572:12)
    at _write (node:internal/streams/writable:501:10)
    at Writable.write (node:internal/streams/writable:510:10)
    at Console.log (C:\Users\Nuruzzaman\AppData\Local\npm-cache\_npx\7750544ccf494d8b\node_modules\winston\lib\winston\transports\console.js:87:23)
    at Console._write (C:\Users\Nuruzzaman\AppData\Local\npm-cache\_npx\7750544ccf494d8b\node_modules\winston-transport\modern.js:103:17)
    at doWrite (C:\Users\Nuruzzaman\AppData\Local\npm-cache\_npx\7750544ccf494d8b\node_modules\winston-transport\node_modules\readable-stream\lib\_stream_writable.js:390:139)
    at writeOrBuffer (C:\Users\Nuruzzaman\AppData\Local\npm-cache\_npx\7750544ccf494d8b\node_modules\winston-transport\node_modules\readable-stream\lib\_stream_writable.js:381:5)
    at Writable.write (C:\Users\Nuruzzaman\AppData\Local\npm-cache\_npx\7750544ccf494d8b\node_modules\winston-transport\node_modules\readable-stream\lib\_stream_writable.js:302:11)
    at DerivedLogger.ondata (C:\Users\Nuruzzaman\AppData\Local\npm-cache\_npx\7750544ccf494d8b\node_modules\winston\node_modules\readable-stream\lib\_stream_readable.js:629:20)
[error] 
[error] Error: An unexpected error has occurred.
[debug] [2026-06-09T09:11:43.493Z] Error: EPIPE: broken pipe, write
    at Socket._write (node:internal/net:63:18)
    at writeOrBuffer (node:internal/streams/writable:572:12)
    at _write (node:internal/streams/writable:501:10)
    at Writable.write (node:internal/streams/writable:510:10)
    at Console.log (C:\Users\Nuruzzaman\AppData\Local\npm-cache\_npx\7750544ccf494d8b\node_modules\winston\lib\winston\transports\console.js:87:23)
    at Console._write (C:\Users\Nuruzzaman\AppData\Local\npm-cache\_npx\7750544ccf494d8b\node_modules\winston-transport\modern.js:103:17)
    at doWrite (C:\Users\Nuruzzaman\AppData\Local\npm-cache\_npx\7750544ccf494d8b\node_modules\winston-transport\node_modules\readable-stream\lib\_stream_writable.js:390:139)
    at writeOrBuffer (C:\Users\Nuruzzaman\AppData\Local\npm-cache\_npx\7750544ccf494d8b\node_modules\winston-transport\node_modules\readable-stream\lib\_stream_writable.js:381:5)
    at Writable.write (C:\Users\Nuruzzaman\AppData\Local\npm-cache\_npx\7750544ccf494d8b\node_modules\winston-transport\node_modules\readable-stream\lib\_stream_writable.js:302:11)
    at DerivedLogger.ondata (C:\Users\Nuruzzaman\AppData\Local\npm-cache\_npx\7750544ccf494d8b\node_modules\winston\node_modules\readable-stream\lib\_stream_readable.js:629:20)
[error] 
[error] Error: An unexpected error has occurred.
[debug] [2026-06-09T09:11:43.493Z] Error: EPIPE: broken pipe, write
    at Socket._write (node:internal/net:63:18)
    at writeOrBuffer (node:internal/streams/writable:572:12)
    at _write (node:internal/streams/writable:501:10)
    at Writable.write (node:internal/streams/writable:510:10)
    at Console.log (C:\Users\Nuruzzaman\AppData\Local\npm-cache\_npx\7750544ccf494d8b\node_modules\winston\lib\winston\transports\console.js:87:23)
    at Console._write (C:\Users\Nuruzzaman\AppData\Local\npm-cache\_npx\7750544ccf494d8b\node_modules\winston-transport\modern.js:103:17)
    at doWrite (C:\Users\Nuruzzaman\AppData\Local\npm-cache\_npx\7750544ccf494d8b\node_modules\winston-transport\node_modules\readable-stream\lib\_stream_writable.js:390:139)
    at writeOrBuffer (C:\Users\Nuruzzaman\AppData\Local\npm-cache\_npx\7750544ccf494d8b\node_modules\winston-transport\node_modules\readable-stream\lib\_stream_writable.js:381:5)
    at Writable.write (C:\Users\Nuruzzaman\AppData\Local\npm-cache\_npx\7750544ccf494d8b\node_modules\winston-transport\node_modules\readable-stream\lib\_stream_writable.js:302:11)
    at DerivedLogger.ondata (C:\Users\Nuruzzaman\AppData\Local\npm-cache\_npx\7750544ccf494d8b\node_modules\winston\node_modules\readable-stream\lib\_stream_readable.js:629:20)
[error] 
[error] Error: An unexpected error has occurred.
[debug] [2026-06-09T09:11:43.493Z] Error: EPIPE: broken pipe, write
    at Socket._write (node:internal/net:63:18)
    at writeOrBuffer (node:internal/streams/writable:572:12)
    at _write (node:internal/streams/writable:501:10)
    at Writable.write (node:internal/streams/writable:510:10)
    at Console.log (C:\Users\Nuruzzaman\AppData\Local\npm-cache\_npx\7750544ccf494d8b\node_modules\winston\lib\winston\transports\console.js:87:23)
    at Console._write (C:\Users\Nuruzzaman\AppData\Local\npm-cache\_npx\7750544ccf494d8b\node_modules\winston-transport\modern.js:103:17)
    at doWrite (C:\Users\Nuruzzaman\AppData\Local\npm-cache\_npx\7750544ccf494d8b\node_modules\winston-transport\node_modules\readable-stream\lib\_stream_writable.js:390:139)
    at writeOrBuffer (C:\Users\Nuruzzaman\AppData\Local\npm-cache\_npx\7750544ccf494d8b\node_modules\winston-transport\node_modules\readable-stream\lib\_stream_writable.js:381:5)
    at Writable.write (C:\Users\Nuruzzaman\AppData\Local\npm-cache\_npx\7750544ccf494d8b\node_modules\winston-transport\node_modules\readable-stream\lib\_stream_writable.js:302:11)
    at DerivedLogger.ondata (C:\Users\Nuruzzaman\AppData\Local\npm-cache\_npx\7750544ccf494d8b\node_modules\winston\node_modules\readable-stream\lib\_stream_readable.js:629:20)
[error] 
[error] Error: An unexpected error has occurred.
[debug] [2026-06-09T09:11:43.494Z] Error: EPIPE: broken pipe, write
    at Socket._write (node:internal/net:63:18)
    at writeOrBuffer (node:internal/streams/writable:572:12)
    at _write (node:internal/streams/writable:501:10)
    at Writable.write (node:internal/streams/writable:510:10)
    at Console.log (C:\Users\Nuruzzaman\AppData\Local\npm-cache\_npx\7750544ccf494d8b\node_modules\winston\lib\winston\transports\console.js:87:23)
    at Console._write (C:\Users\Nuruzzaman\AppData\Local\npm-cache\_npx\7750544ccf494d8b\node_modules\winston-transport\modern.js:103:17)
    at doWrite (C:\Users\Nuruzzaman\AppData\Local\npm-cache\_npx\7750544ccf494d8b\node_modules\winston-transport\node_modules\readable-stream\lib\_stream_writable.js:390:139)
    at writeOrBuffer (C:\Users\Nuruzzaman\AppData\Local\npm-cache\_npx\7750544ccf494d8b\node_modules\winston-transport\node_modules\readable-stream\lib\_stream_writable.js:381:5)
    at Writable.write (C:\Users\Nuruzzaman\AppData\Local\npm-cache\_npx\7750544ccf494d8b\node_modules\winston-transport\node_modules\readable-stream\lib\_stream_writable.js:302:11)
    at DerivedLogger.ondata (C:\Users\Nuruzzaman\AppData\Local\npm-cache\_npx\7750544ccf494d8b\node_modules\winston\node_modules\readable-stream\lib\_stream_readable.js:629:20)
[error] 
[error] Error: An unexpected error has occurred.
[debug] [2026-06-09T09:11:43.494Z] Error: EPIPE: broken pipe, write
    at Socket._write (node:internal/net:63:18)
    at writeOrBuffer (node:internal/streams/writable:572:12)
    at _write (node:internal/streams/writable:501:10)
    at Writable.write (node:internal/streams/writable:510:10)
    at Console.log (C:\Users\Nuruzzaman\AppData\Local\npm-cache\_npx\7750544ccf494d8b\node_modules\winston\lib\winston\transports\console.js:87:23)
    at Console._write (C:\Users\Nuruzzaman\AppData\Local\npm-cache\_npx\7750544ccf494d8b\node_modules\winston-transport\modern.js:103:17)
    at doWrite (C:\Users\Nuruzzaman\AppData\Local\npm-cache\_npx\7750544ccf494d8b\node_modules\winston-transport\node_modules\readable-stream\lib\_stream_writable.js:390:139)
    at writeOrBuffer (C:\Users\Nuruzzaman\AppData\Local\npm-cache\_npx\7750544ccf494d8b\node_modules\winston-transport\node_modules\readable-stream\lib\_stream_writable.js:381:5)
    at Writable.write (C:\Users\Nuruzzaman\AppData\Local\npm-cache\_npx\7750544ccf494d8b\node_modules\winston-transport\node_modules\readable-stream\lib\_stream_writable.js:302:11)
    at DerivedLogger.ondata (C:\Users\Nuruzzaman\AppData\Local\npm-cache\_npx\7750544ccf494d8b\node_modules\winston\node_modules\readable-stream\lib\_stream_readable.js:629:20)
[error] 
[error] Error: An unexpected error has occurred.
[debug] [2026-06-09T09:11:43.494Z] Error: EPIPE: broken pipe, write
    at Socket._write (node:internal/net:63:18)
    at writeOrBuffer (node:internal/streams/writable:572:12)
    at _write (node:internal/streams/writable:501:10)
    at Writable.write (node:internal/streams/writable:510:10)
    at Console.log (C:\Users\Nuruzzaman\AppData\Local\npm-cache\_npx\7750544ccf494d8b\node_modules\winston\lib\winston\transports\console.js:87:23)
    at Console._write (C:\Users\Nuruzzaman\AppData\Local\npm-cache\_npx\7750544ccf494d8b\node_modules\winston-transport\modern.js:103:17)
    at doWrite (C:\Users\Nuruzzaman\AppData\Local\npm-cache\_npx\7750544ccf494d8b\node_modules\winston-transport\node_modules\readable-stream\lib\_stream_writable.js:390:139)
    at writeOrBuffer (C:\Users\Nuruzzaman\AppData\Local\npm-cache\_npx\7750544ccf494d8b\node_modules\winston-transport\node_modules\readable-stream\lib\_stream_writable.js:381:5)
    at Writable.write (C:\Users\Nuruzzaman\AppData\Local\npm-cache\_npx\7750544ccf494d8b\node_modules\winston-transport\node_modules\readable-stream\lib\_stream_writable.js:302:11)
    at DerivedLogger.ondata (C:\Users\Nuruzzaman\AppData\Local\npm-cache\_npx\7750544ccf494d8b\node_modules\winston\node_modules\readable-stream\lib\_stream_readable.js:629:20)
[error] 
[error] Error: An unexpected error has occurred.
[debug] [2026-06-09T09:11:43.494Z] Error: EPIPE: broken pipe, write
    at Socket._write (node:internal/net:63:18)
    at writeOrBuffer (node:internal/streams/writable:572:12)
    at _write (node:internal/streams/writable:501:10)
    at Writable.write (node:internal/streams/writable:510:10)
    at Console.log (C:\Users\Nuruzzaman\AppData\Local\npm-cache\_npx\7750544ccf494d8b\node_modules\winston\lib\winston\transports\console.js:87:23)
    at Console._write (C:\Users\Nuruzzaman\AppData\Local\npm-cache\_npx\7750544ccf494d8b\node_modules\winston-transport\modern.js:103:17)
    at doWrite (C:\Users\Nuruzzaman\AppData\Local\npm-cache\_npx\7750544ccf494d8b\node_modules\winston-transport\node_modules\readable-stream\lib\_stream_writable.js:390:139)
    at writeOrBuffer (C:\Users\Nuruzzaman\AppData\Local\npm-cache\_npx\7750544ccf494d8b\node_modules\winston-transport\node_modules\readable-stream\lib\_stream_writable.js:381:5)
    at Writable.write (C:\Users\Nuruzzaman\AppData\Local\npm-cache\_npx\7750544ccf494d8b\node_modules\winston-transport\node_modules\readable-stream\lib\_stream_writable.js:302:11)
    at DerivedLogger.ondata (C:\Users\Nuruzzaman\AppData\Local\npm-cache\_npx\7750544ccf494d8b\node_modules\winston\node_modules\readable-stream\lib\_stream_readable.js:629:20)
[error] 
[error] Error: An unexpected error has occurred.
[debug] [2026-06-09T09:11:43.496Z] Error: EPIPE: broken pipe, write
    at Socket._write (node:internal/net:63:18)
    at writeOrBuffer (node:internal/streams/writable:572:12)
    at _write (node:internal/streams/writable:501:10)
    at Writable.write (node:internal/streams/writable:510:10)
    at Console.log (C:\Users\Nuruzzaman\AppData\Local\npm-cache\_npx\7750544ccf494d8b\node_modules\winston\lib\winston\transports\console.js:87:23)
    at Console._write (C:\Users\Nuruzzaman\AppData\Local\npm-cache\_npx\7750544ccf494d8b\node_modules\winston-transport\modern.js:103:17)
    at doWrite (C:\Users\Nuruzzaman\AppData\Local\npm-cache\_npx\7750544ccf494d8b\node_modules\winston-transport\node_modules\readable-stream\lib\_stream_writable.js:390:139)
    at writeOrBuffer (C:\Users\Nuruzzaman\AppData\Local\npm-cache\_npx\7750544ccf494d8b\node_modules\winston-transport\node_modules\readable-stream\lib\_stream_writable.js:381:5)
    at Writable.write (C:\Users\Nuruzzaman\AppData\Local\npm-cache\_npx\7750544ccf494d8b\node_modules\winston-transport\node_modules\readable-stream\lib\_stream_writable.js:302:11)
    at DerivedLogger.ondata (C:\Users\Nuruzzaman\AppData\Local\npm-cache\_npx\7750544ccf494d8b\node_modules\winston\node_modules\readable-stream\lib\_stream_readable.js:629:20)
[error] 
[error] Error: An unexpected error has occurred.
[debug] [2026-06-09T09:11:43.496Z] Error: EPIPE: broken pipe, write
    at Socket._write (node:internal/net:63:18)
    at writeOrBuffer (node:internal/streams/writable:572:12)
    at _write (node:internal/streams/writable:501:10)
    at Writable.write (node:internal/streams/writable:510:10)
    at Console.log (C:\Users\Nuruzzaman\AppData\Local\npm-cache\_npx\7750544ccf494d8b\node_modules\winston\lib\winston\transports\console.js:87:23)
    at Console._write (C:\Users\Nuruzzaman\AppData\Local\npm-cache\_npx\7750544ccf494d8b\node_modules\winston-transport\modern.js:103:17)
    at doWrite (C:\Users\Nuruzzaman\AppData\Local\npm-cache\_npx\7750544ccf494d8b\node_modules\winston-transport\node_modules\readable-stream\lib\_stream_writable.js:390:139)
    at writeOrBuffer (C:\Users\Nuruzzaman\AppData\Local\npm-cache\_npx\7750544ccf494d8b\node_modules\winston-transport\node_modules\readable-stream\lib\_stream_writable.js:381:5)
    at Writable.write (C:\Users\Nuruzzaman\AppData\Local\npm-cache\_npx\7750544ccf494d8b\node_modules\winston-transport\node_modules\readable-stream\lib\_stream_writable.js:302:11)
    at DerivedLogger.ondata (C:\Users\Nuruzzaman\AppData\Local\npm-cache\_npx\7750544ccf494d8b\node_modules\winston\node_modules\readable-stream\lib\_stream_readable.js:629:20)
[error] 
[error] Error: An unexpected error has occurred.
[debug] [2026-06-09T09:11:43.496Z] Error: EPIPE: broken pipe, write
    at Socket._write (node:internal/net:63:18)
    at writeOrBuffer (node:internal/streams/writable:572:12)
    at _write (node:internal/streams/writable:501:10)
    at Writable.write (node:internal/streams/writable:510:10)
    at Console.log (C:\Users\Nuruzzaman\AppData\Local\npm-cache\_npx\7750544ccf494d8b\node_modules\winston\lib\winston\transports\console.js:87:23)
    at Console._write (C:\Users\Nuruzzaman\AppData\Local\npm-cache\_npx\7750544ccf494d8b\node_modules\winston-transport\modern.js:103:17)
    at doWrite (C:\Users\Nuruzzaman\AppData\Local\npm-cache\_npx\7750544ccf494d8b\node_modules\winston-transport\node_modules\readable-stream\lib\_stream_writable.js:390:139)
    at writeOrBuffer (C:\Users\Nuruzzaman\AppData\Local\npm-cache\_npx\7750544ccf494d8b\node_modules\winston-transport\node_modules\readable-stream\lib\_stream_writable.js:381:5)
    at Writable.write (C:\Users\Nuruzzaman\AppData\Local\npm-cache\_npx\7750544ccf494d8b\node_modules\winston-transport\node_modules\readable-stream\lib\_stream_writable.js:302:11)
    at DerivedLogger.ondata (C:\Users\Nuruzzaman\AppData\Local\npm-cache\_npx\7750544ccf494d8b\node_modules\winston\node_modules\readable-stream\lib\_stream_readable.js:629:20)
[error] 
[error] Error: An unexpected error has occurred.
[debug] [2026-06-09T09:11:43.496Z] Error: EPIPE: broken pipe, write
    at Socket._write (node:internal/net:63:18)
    at writeOrBuffer (node:internal/streams/writable:572:12)
    at _write (node:internal/streams/writable:501:10)
    at Writable.write (node:internal/streams/writable:510:10)
    at Console.log (C:\Users\Nuruzzaman\AppData\Local\npm-cache\_npx\7750544ccf494d8b\node_modules\winston\lib\winston\transports\console.js:87:23)
    at Console._write (C:\Users\Nuruzzaman\AppData\Local\npm-cache\_npx\7750544ccf494d8b\node_modules\winston-transport\modern.js:103:17)
    at doWrite (C:\Users\Nuruzzaman\AppData\Local\npm-cache\_npx\7750544ccf494d8b\node_modules\winston-transport\node_modules\readable-stream\lib\_stream_writable.js:390:139)
    at writeOrBuffer (C:\Users\Nuruzzaman\AppData\Local\npm-cache\_npx\7750544ccf494d8b\node_modules\winston-transport\node_modules\readable-stream\lib\_stream_writable.js:381:5)
    at Writable.write (C:\Users\Nuruzzaman\AppData\Local\npm-cache\_npx\7750544ccf494d8b\node_modules\winston-transport\node_modules\readable-stream\lib\_stream_writable.js:302:11)
    at DerivedLogger.ondata (C:\Users\Nuruzzaman\AppData\Local\npm-cache\_npx\7750544ccf494d8b\node_modules\winston\node_modules\readable-stream\lib\_stream_readable.js:629:20)
[error] 
[error] Error: An unexpected error has occurred.
[debug] [2026-06-09T09:11:43.497Z] Error: EPIPE: broken pipe, write
    at Socket._write (node:internal/net:63:18)
    at writeOrBuffer (node:internal/streams/writable:572:12)
    at _write (node:internal/streams/writable:501:10)
    at Writable.write (node:internal/streams/writable:510:10)
    at Console.log (C:\Users\Nuruzzaman\AppData\Local\npm-cache\_npx\7750544ccf494d8b\node_modules\winston\lib\winston\transports\console.js:87:23)
    at Console._write (C:\Users\Nuruzzaman\AppData\Local\npm-cache\_npx\7750544ccf494d8b\node_modules\winston-transport\modern.js:103:17)
    at doWrite (C:\Users\Nuruzzaman\AppData\Local\npm-cache\_npx\7750544ccf494d8b\node_modules\winston-transport\node_modules\readable-stream\lib\_stream_writable.js:390:139)
    at writeOrBuffer (C:\Users\Nuruzzaman\AppData\Local\npm-cache\_npx\7750544ccf494d8b\node_modules\winston-transport\node_modules\readable-stream\lib\_stream_writable.js:381:5)
    at Writable.write (C:\Users\Nuruzzaman\AppData\Local\npm-cache\_npx\7750544ccf494d8b\node_modules\winston-transport\node_modules\readable-stream\lib\_stream_writable.js:302:11)
    at DerivedLogger.ondata (C:\Users\Nuruzzaman\AppData\Local\npm-cache\_npx\7750544ccf494d8b\node_modules\winston\node_modules\readable-stream\lib\_stream_readable.js:629:20)
[error] 
[error] Error: An unexpected error has occurred.
[debug] [2026-06-09T09:11:43.497Z] Error: EPIPE: broken pipe, write
    at Socket._write (node:internal/net:63:18)
    at writeOrBuffer (node:internal/streams/writable:572:12)
    at _write (node:internal/streams/writable:501:10)
    at Writable.write (node:internal/streams/writable:510:10)
    at Console.log (C:\Users\Nuruzzaman\AppData\Local\npm-cache\_npx\7750544ccf494d8b\node_modules\winston\lib\winston\transports\console.js:87:23)
    at Console._write (C:\Users\Nuruzzaman\AppData\Local\npm-cache\_npx\7750544ccf494d8b\node_modules\winston-transport\modern.js:103:17)
    at doWrite (C:\Users\Nuruzzaman\AppData\Local\npm-cache\_npx\7750544ccf494d8b\node_modules\winston-transport\node_modules\readable-stream\lib\_stream_writable.js:390:139)
    at writeOrBuffer (C:\Users\Nuruzzaman\AppData\Local\npm-cache\_npx\7750544ccf494d8b\node_modules\winston-transport\node_modules\readable-stream\lib\_stream_writable.js:381:5)
    at Writable.write (C:\Users\Nuruzzaman\AppData\Local\npm-cache\_npx\7750544ccf494d8b\node_modules\winston-transport\node_modules\readable-stream\lib\_stream_writable.js:302:11)
    at DerivedLogger.ondata (C:\Users\Nuruzzaman\AppData\Local\npm-cache\_npx\7750544ccf494d8b\node_modules\winston\node_modules\readable-stream\lib\_stream_readable.js:629:20)
[error] 
[error] Error: An unexpected error has occurred.
[debug] [2026-06-09T09:11:43.497Z] Error: EPIPE: broken pipe, write
    at Socket._write (node:internal/net:63:18)
    at writeOrBuffer (node:internal/streams/writable:572:12)
    at _write (node:internal/streams/writable:501:10)
    at Writable.write (node:internal/streams/writable:510:10)
    at Console.log (C:\Users\Nuruzzaman\AppData\Local\npm-cache\_npx\7750544ccf494d8b\node_modules\winston\lib\winston\transports\console.js:87:23)
    at Console._write (C:\Users\Nuruzzaman\AppData\Local\npm-cache\_npx\7750544ccf494d8b\node_modules\winston-transport\modern.js:103:17)
    at doWrite (C:\Users\Nuruzzaman\AppData\Local\npm-cache\_npx\7750544ccf494d8b\node_modules\winston-transport\node_modules\readable-stream\lib\_stream_writable.js:390:139)
    at writeOrBuffer (C:\Users\Nuruzzaman\AppData\Local\npm-cache\_npx\7750544ccf494d8b\node_modules\winston-transport\node_modules\readable-stream\lib\_stream_writable.js:381:5)
    at Writable.write (C:\Users\Nuruzzaman\AppData\Local\npm-cache\_npx\7750544ccf494d8b\node_modules\winston-transport\node_modules\readable-stream\lib\_stream_writable.js:302:11)
    at DerivedLogger.ondata (C:\Users\Nuruzzaman\AppData\Local\npm-cache\_npx\7750544ccf494d8b\node_modules\winston\node_modules\readable-stream\lib\_stream_readable.js:629:20)
[error] 
[error] Error: An unexpected error has occurred.
[debug] [2026-06-09T09:11:43.497Z] Error: EPIPE: broken pipe, write
    at Socket._write (node:internal/net:63:18)
    at writeOrBuffer (node:internal/streams/writable:572:12)
    at _write (node:internal/streams/writable:501:10)
    at Writable.write (node:internal/streams/writable:510:10)
    at Console.log (C:\Users\Nuruzzaman\AppData\Local\npm-cache\_npx\7750544ccf494d8b\node_modules\winston\lib\winston\transports\console.js:87:23)
    at Console._write (C:\Users\Nuruzzaman\AppData\Local\npm-cache\_npx\7750544ccf494d8b\node_modules\winston-transport\modern.js:103:17)
    at doWrite (C:\Users\Nuruzzaman\AppData\Local\npm-cache\_npx\7750544ccf494d8b\node_modules\winston-transport\node_modules\readable-stream\lib\_stream_writable.js:390:139)
    at writeOrBuffer (C:\Users\Nuruzzaman\AppData\Local\npm-cache\_npx\7750544ccf494d8b\node_modules\winston-transport\node_modules\readable-stream\lib\_stream_writable.js:381:5)
    at Writable.write (C:\Users\Nuruzzaman\AppData\Local\npm-cache\_npx\7750544ccf494d8b\node_modules\winston-transport\node_modules\readable-stream\lib\_stream_writable.js:302:11)
    at DerivedLogger.ondata (C:\Users\Nuruzzaman\AppData\Local\npm-cache\_npx\7750544ccf494d8b\node_modules\winston\node_modules\readable-stream\lib\_stream_readable.js:629:20)
[error] 
[error] Error: An unexpected error has occurred.
[debug] [2026-06-09T09:11:43.497Z] Error: EPIPE: broken pipe, write
    at Socket._write (node:internal/net:63:18)
    at writeOrBuffer (node:internal/streams/writable:572:12)
    at _write (node:internal/streams/writable:501:10)
    at Writable.write (node:internal/streams/writable:510:10)
    at Console.log (C:\Users\Nuruzzaman\AppData\Local\npm-cache\_npx\7750544ccf494d8b\node_modules\winston\lib\winston\transports\console.js:87:23)
    at Console._write (C:\Users\Nuruzzaman\AppData\Local\npm-cache\_npx\7750544ccf494d8b\node_modules\winston-transport\modern.js:103:17)
    at doWrite (C:\Users\Nuruzzaman\AppData\Local\npm-cache\_npx\7750544ccf494d8b\node_modules\winston-transport\node_modules\readable-stream\lib\_stream_writable.js:390:139)
    at writeOrBuffer (C:\Users\Nuruzzaman\AppData\Local\npm-cache\_npx\7750544ccf494d8b\node_modules\winston-transport\node_modules\readable-stream\lib\_stream_writable.js:381:5)
    at Writable.write (C:\Users\Nuruzzaman\AppData\Local\npm-cache\_npx\7750544ccf494d8b\node_modules\winston-transport\node_modules\readable-stream\lib\_stream_writable.js:302:11)
    at DerivedLogger.ondata (C:\Users\Nuruzzaman\AppData\Local\npm-cache\_npx\7750544ccf494d8b\node_modules\winston\node_modules\readable-stream\lib\_stream_readable.js:629:20)
[error] 
[error] Error: An unexpected error has occurred.
[debug] [2026-06-09T09:11:43.498Z] Error: EPIPE: broken pipe, write
    at Socket._write (node:internal/net:63:18)
    at writeOrBuffer (node:internal/streams/writable:572:12)
    at _write (node:internal/streams/writable:501:10)
    at Writable.write (node:internal/streams/writable:510:10)
    at Console.log (C:\Users\Nuruzzaman\AppData\Local\npm-cache\_npx\7750544ccf494d8b\node_modules\winston\lib\winston\transports\console.js:87:23)
    at Console._write (C:\Users\Nuruzzaman\AppData\Local\npm-cache\_npx\7750544ccf494d8b\node_modules\winston-transport\modern.js:103:17)
    at doWrite (C:\Users\Nuruzzaman\AppData\Local\npm-cache\_npx\7750544ccf494d8b\node_modules\winston-transport\node_modules\readable-stream\lib\_stream_writable.js:390:139)
    at writeOrBuffer (C:\Users\Nuruzzaman\AppData\Local\npm-cache\_npx\7750544ccf494d8b\node_modules\winston-transport\node_modules\readable-stream\lib\_stream_writable.js:381:5)
    at Writable.write (C:\Users\Nuruzzaman\AppData\Local\npm-cache\_npx\7750544ccf494d8b\node_modules\winston-transport\node_modules\readable-stream\lib\_stream_writable.js:302:11)
    at DerivedLogger.ondata (C:\Users\Nuruzzaman\AppData\Local\npm-cache\_npx\7750544ccf494d8b\node_modules\winston\node_modules\readable-stream\lib\_stream_readable.js:629:20)
[error] 
[error] Error: An unexpected error has occurred.
[debug] [2026-06-09T09:11:43.498Z] Error: EPIPE: broken pipe, write
    at Socket._write (node:internal/net:63:18)
    at writeOrBuffer (node:internal/streams/writable:572:12)
    at _write (node:internal/streams/writable:501:10)
    at Writable.write (node:internal/streams/writable:510:10)
    at Console.log (C:\Users\Nuruzzaman\AppData\Local\npm-cache\_npx\7750544ccf494d8b\node_modules\winston\lib\winston\transports\console.js:87:23)
    at Console._write (C:\Users\Nuruzzaman\AppData\Local\npm-cache\_npx\7750544ccf494d8b\node_modules\winston-transport\modern.js:103:17)
    at doWrite (C:\Users\Nuruzzaman\AppData\Local\npm-cache\_npx\7750544ccf494d8b\node_modules\winston-transport\node_modules\readable-stream\lib\_stream_writable.js:390:139)
    at writeOrBuffer (C:\Users\Nuruzzaman\AppData\Local\npm-cache\_npx\7750544ccf494d8b\node_modules\winston-transport\node_modules\readable-stream\lib\_stream_writable.js:381:5)
    at Writable.write (C:\Users\Nuruzzaman\AppData\Local\npm-cache\_npx\7750544ccf494d8b\node_modules\winston-transport\node_modules\readable-stream\lib\_stream_writable.js:302:11)
    at DerivedLogger.ondata (C:\Users\Nuruzzaman\AppData\Local\npm-cache\_npx\7750544ccf494d8b\node_modules\winston\node_modules\readable-stream\lib\_stream_readable.js:629:20)
[error] 
[error] Error: An unexpected error has occurred.
[debug] [2026-06-09T09:11:43.498Z] Error: EPIPE: broken pipe, write
    at Socket._write (node:internal/net:63:18)
    at writeOrBuffer (node:internal/streams/writable:572:12)
    at _write (node:internal/streams/writable:501:10)
    at Writable.write (node:internal/streams/writable:510:10)
    at Console.log (C:\Users\Nuruzzaman\AppData\Local\npm-cache\_npx\7750544ccf494d8b\node_modules\winston\lib\winston\transports\console.js:87:23)
    at Console._write (C:\Users\Nuruzzaman\AppData\Local\npm-cache\_npx\7750544ccf494d8b\node_modules\winston-transport\modern.js:103:17)
    at doWrite (C:\Users\Nuruzzaman\AppData\Local\npm-cache\_npx\7750544ccf494d8b\node_modules\winston-transport\node_modules\readable-stream\lib\_stream_writable.js:390:139)
    at writeOrBuffer (C:\Users\Nuruzzaman\AppData\Local\npm-cache\_npx\7750544ccf494d8b\node_modules\winston-transport\node_modules\readable-stream\lib\_stream_writable.js:381:5)
    at Writable.write (C:\Users\Nuruzzaman\AppData\Local\npm-cache\_npx\7750544ccf494d8b\node_modules\winston-transport\node_modules\readable-stream\lib\_stream_writable.js:302:11)
    at DerivedLogger.ondata (C:\Users\Nuruzzaman\AppData\Local\npm-cache\_npx\7750544ccf494d8b\node_modules\winston\node_modules\readable-stream\lib\_stream_readable.js:629:20)
[error] 
[error] Error: An unexpected error has occurred.
[debug] [2026-06-09T09:11:43.498Z] Error: EPIPE: broken pipe, write
    at Socket._write (node:internal/net:63:18)
    at writeOrBuffer (node:internal/streams/writable:572:12)
    at _write (node:internal/streams/writable:501:10)
    at Writable.write (node:internal/streams/writable:510:10)
    at Console.log (C:\Users\Nuruzzaman\AppData\Local\npm-cache\_npx\7750544ccf494d8b\node_modules\winston\lib\winston\transports\console.js:87:23)
    at Console._write (C:\Users\Nuruzzaman\AppData\Local\npm-cache\_npx\7750544ccf494d8b\node_modules\winston-transport\modern.js:103:17)
    at doWrite (C:\Users\Nuruzzaman\AppData\Local\npm-cache\_npx\7750544ccf494d8b\node_modules\winston-transport\node_modules\readable-stream\lib\_stream_writable.js:390:139)
    at writeOrBuffer (C:\Users\Nuruzzaman\AppData\Local\npm-cache\_npx\7750544ccf494d8b\node_modules\winston-transport\node_modules\readable-stream\lib\_stream_writable.js:381:5)
    at Writable.write (C:\Users\Nuruzzaman\AppData\Local\npm-cache\_npx\7750544ccf494d8b\node_modules\winston-transport\node_modules\readable-stream\lib\_stream_writable.js:302:11)
    at DerivedLogger.ondata (C:\Users\Nuruzzaman\AppData\Local\npm-cache\_npx\7750544ccf494d8b\node_modules\winston\node_modules\readable-stream\lib\_stream_readable.js:629:20)
[error] 
[error] Error: An unexpected error has occurred.
[debug] [2026-06-09T09:11:43.499Z] Error: EPIPE: broken pipe, write
    at Socket._write (node:internal/net:63:18)
    at writeOrBuffer (node:internal/streams/writable:572:12)
    at _write (node:internal/streams/writable:501:10)
    at Writable.write (node:internal/streams/writable:510:10)
    at Console.log (C:\Users\Nuruzzaman\AppData\Local\npm-cache\_npx\7750544ccf494d8b\node_modules\winston\lib\winston\transports\console.js:87:23)
    at Console._write (C:\Users\Nuruzzaman\AppData\Local\npm-cache\_npx\7750544ccf494d8b\node_modules\winston-transport\modern.js:103:17)
    at doWrite (C:\Users\Nuruzzaman\AppData\Local\npm-cache\_npx\7750544ccf494d8b\node_modules\winston-transport\node_modules\readable-stream\lib\_stream_writable.js:390:139)
    at writeOrBuffer (C:\Users\Nuruzzaman\AppData\Local\npm-cache\_npx\7750544ccf494d8b\node_modules\winston-transport\node_modules\readable-stream\lib\_stream_writable.js:381:5)
    at Writable.write (C:\Users\Nuruzzaman\AppData\Local\npm-cache\_npx\7750544ccf494d8b\node_modules\winston-transport\node_modules\readable-stream\lib\_stream_writable.js:302:11)
    at DerivedLogger.ondata (C:\Users\Nuruzzaman\AppData\Local\npm-cache\_npx\7750544ccf494d8b\node_modules\winston\node_modules\readable-stream\lib\_stream_readable.js:629:20)
[error] 
[error] Error: An unexpected error has occurred.
[debug] [2026-06-09T09:11:43.500Z] Error: EPIPE: broken pipe, write
    at Socket._write (node:internal/net:63:18)
    at writeOrBuffer (node:internal/streams/writable:572:12)
    at _write (node:internal/streams/writable:501:10)
    at Writable.write (node:internal/streams/writable:510:10)
    at Console.log (C:\Users\Nuruzzaman\AppData\Local\npm-cache\_npx\7750544ccf494d8b\node_modules\winston\lib\winston\transports\console.js:87:23)
    at Console._write (C:\Users\Nuruzzaman\AppData\Local\npm-cache\_npx\7750544ccf494d8b\node_modules\winston-transport\modern.js:103:17)
    at doWrite (C:\Users\Nuruzzaman\AppData\Local\npm-cache\_npx\7750544ccf494d8b\node_modules\winston-transport\node_modules\readable-stream\lib\_stream_writable.js:390:139)
    at writeOrBuffer (C:\Users\Nuruzzaman\AppData\Local\npm-cache\_npx\7750544ccf494d8b\node_modules\winston-transport\node_modules\readable-stream\lib\_stream_writable.js:381:5)
    at Writable.write (C:\Users\Nuruzzaman\AppData\Local\npm-cache\_npx\7750544ccf494d8b\node_modules\winston-transport\node_modules\readable-stream\lib\_stream_writable.js:302:11)
    at DerivedLogger.ondata (C:\Users\Nuruzzaman\AppData\Local\npm-cache\_npx\7750544ccf494d8b\node_modules\winston\node_modules\readable-stream\lib\_stream_readable.js:629:20)
[error] 
[error] Error: An unexpected error has occurred.
[debug] [2026-06-09T09:11:43.500Z] Error: EPIPE: broken pipe, write
    at Socket._write (node:internal/net:63:18)
    at writeOrBuffer (node:internal/streams/writable:572:12)
    at _write (node:internal/streams/writable:501:10)
    at Writable.write (node:internal/streams/writable:510:10)
    at Console.log (C:\Users\Nuruzzaman\AppData\Local\npm-cache\_npx\7750544ccf494d8b\node_modules\winston\lib\winston\transports\console.js:87:23)
    at Console._write (C:\Users\Nuruzzaman\AppData\Local\npm-cache\_npx\7750544ccf494d8b\node_modules\winston-transport\modern.js:103:17)
    at doWrite (C:\Users\Nuruzzaman\AppData\Local\npm-cache\_npx\7750544ccf494d8b\node_modules\winston-transport\node_modules\readable-stream\lib\_stream_writable.js:390:139)
    at writeOrBuffer (C:\Users\Nuruzzaman\AppData\Local\npm-cache\_npx\7750544ccf494d8b\node_modules\winston-transport\node_modules\readable-stream\lib\_stream_writable.js:381:5)
    at Writable.write (C:\Users\Nuruzzaman\AppData\Local\npm-cache\_npx\7750544ccf494d8b\node_modules\winston-transport\node_modules\readable-stream\lib\_stream_writable.js:302:11)
    at DerivedLogger.ondata (C:\Users\Nuruzzaman\AppData\Local\npm-cache\_npx\7750544ccf494d8b\node_modules\winston\node_modules\readable-stream\lib\_stream_readable.js:629:20)
[error] 
[error] Error: An unexpected error has occurred.
[debug] [2026-06-09T09:11:43.501Z] Error: EPIPE: broken pipe, write
    at Socket._write (node:internal/net:63:18)
    at writeOrBuffer (node:internal/streams/writable:572:12)
    at _write (node:internal/streams/writable:501:10)
    at Writable.write (node:internal/streams/writable:510:10)
    at Console.log (C:\Users\Nuruzzaman\AppData\Local\npm-cache\_npx\7750544ccf494d8b\node_modules\winston\lib\winston\transports\console.js:87:23)
    at Console._write (C:\Users\Nuruzzaman\AppData\Local\npm-cache\_npx\7750544ccf494d8b\node_modules\winston-transport\modern.js:103:17)
    at doWrite (C:\Users\Nuruzzaman\AppData\Local\npm-cache\_npx\7750544ccf494d8b\node_modules\winston-transport\node_modules\readable-stream\lib\_stream_writable.js:390:139)
    at writeOrBuffer (C:\Users\Nuruzzaman\AppData\Local\npm-cache\_npx\7750544ccf494d8b\node_modules\winston-transport\node_modules\readable-stream\lib\_stream_writable.js:381:5)
    at Writable.write (C:\Users\Nuruzzaman\AppData\Local\npm-cache\_npx\7750544ccf494d8b\node_modules\winston-transport\node_modules\readable-stream\lib\_stream_writable.js:302:11)
    at DerivedLogger.ondata (C:\Users\Nuruzzaman\AppData\Local\npm-cache\_npx\7750544ccf494d8b\node_modules\winston\node_modules\readable-stream\lib\_stream_readable.js:629:20)
[error] 
[error] Error: An unexpected error has occurred.
[debug] [2026-06-09T09:11:43.501Z] Error: EPIPE: broken pipe, write
    at Socket._write (node:internal/net:63:18)
    at writeOrBuffer (node:internal/streams/writable:572:12)
    at _write (node:internal/streams/writable:501:10)
    at Writable.write (node:internal/streams/writable:510:10)
    at Console.log (C:\Users\Nuruzzaman\AppData\Local\npm-cache\_npx\7750544ccf494d8b\node_modules\winston\lib\winston\transports\console.js:87:23)
    at Console._write (C:\Users\Nuruzzaman\AppData\Local\npm-cache\_npx\7750544ccf494d8b\node_modules\winston-transport\modern.js:103:17)
    at doWrite (C:\Users\Nuruzzaman\AppData\Local\npm-cache\_npx\7750544ccf494d8b\node_modules\winston-transport\node_modules\readable-stream\lib\_stream_writable.js:390:139)
    at writeOrBuffer (C:\Users\Nuruzzaman\AppData\Local\npm-cache\_npx\7750544ccf494d8b\node_modules\winston-transport\node_modules\readable-stream\lib\_stream_writable.js:381:5)
    at Writable.write (C:\Users\Nuruzzaman\AppData\Local\npm-cache\_npx\7750544ccf494d8b\node_modules\winston-transport\node_modules\readable-stream\lib\_stream_writable.js:302:11)
    at DerivedLogger.ondata (C:\Users\Nuruzzaman\AppData\Local\npm-cache\_npx\7750544ccf494d8b\node_modules\winston\node_modules\readable-stream\lib\_stream_readable.js:629:20)
[error] 
[error] Error: An unexpected error has occurred.
[debug] [2026-06-09T09:11:43.501Z] Error: EPIPE: broken pipe, write
    at Socket._write (node:internal/net:63:18)
    at writeOrBuffer (node:internal/streams/writable:572:12)
    at _write (node:internal/streams/writable:501:10)
    at Writable.write (node:internal/streams/writable:510:10)
    at Console.log (C:\Users\Nuruzzaman\AppData\Local\npm-cache\_npx\7750544ccf494d8b\node_modules\winston\lib\winston\transports\console.js:87:23)
    at Console._write (C:\Users\Nuruzzaman\AppData\Local\npm-cache\_npx\7750544ccf494d8b\node_modules\winston-transport\modern.js:103:17)
    at doWrite (C:\Users\Nuruzzaman\AppData\Local\npm-cache\_npx\7750544ccf494d8b\node_modules\winston-transport\node_modules\readable-stream\lib\_stream_writable.js:390:139)
    at writeOrBuffer (C:\Users\Nuruzzaman\AppData\Local\npm-cache\_npx\7750544ccf494d8b\node_modules\winston-transport\node_modules\readable-stream\lib\_stream_writable.js:381:5)
    at Writable.write (C:\Users\Nuruzzaman\AppData\Local\npm-cache\_npx\7750544ccf494d8b\node_modules\winston-transport\node_modules\readable-stream\lib\_stream_writable.js:302:11)
    at DerivedLogger.ondata (C:\Users\Nuruzzaman\AppData\Local\npm-cache\_npx\7750544ccf494d8b\node_modules\winston\node_modules\readable-stream\lib\_stream_readable.js:629:20)
[error] 
[error] Error: An unexpected error has occurred.
[debug] [2026-06-09T09:11:43.501Z] Error: EPIPE: broken pipe, write
    at Socket._write (node:internal/net:63:18)
    at writeOrBuffer (node:internal/streams/writable:572:12)
    at _write (node:internal/streams/writable:501:10)
    at Writable.write (node:internal/streams/writable:510:10)
    at Console.log (C:\Users\Nuruzzaman\AppData\Local\npm-cache\_npx\7750544ccf494d8b\node_modules\winston\lib\winston\transports\console.js:87:23)
    at Console._write (C:\Users\Nuruzzaman\AppData\Local\npm-cache\_npx\7750544ccf494d8b\node_modules\winston-transport\modern.js:103:17)
    at doWrite (C:\Users\Nuruzzaman\AppData\Local\npm-cache\_npx\7750544ccf494d8b\node_modules\winston-transport\node_modules\readable-stream\lib\_stream_writable.js:390:139)
    at writeOrBuffer (C:\Users\Nuruzzaman\AppData\Local\npm-cache\_npx\7750544ccf494d8b\node_modules\winston-transport\node_modules\readable-stream\lib\_stream_writable.js:381:5)
    at Writable.write (C:\Users\Nuruzzaman\AppData\Local\npm-cache\_npx\7750544ccf494d8b\node_modules\winston-transport\node_modules\readable-stream\lib\_stream_writable.js:302:11)
    at DerivedLogger.ondata (C:\Users\Nuruzzaman\AppData\Local\npm-cache\_npx\7750544ccf494d8b\node_modules\winston\node_modules\readable-stream\lib\_stream_readable.js:629:20)
[error] 
[error] Error: An unexpected error has occurred.
[debug] [2026-06-09T09:11:43.502Z] Error: EPIPE: broken pipe, write
    at Socket._write (node:internal/net:63:18)
    at writeOrBuffer (node:internal/streams/writable:572:12)
    at _write (node:internal/streams/writable:501:10)
    at Writable.write (node:internal/streams/writable:510:10)
    at Console.log (C:\Users\Nuruzzaman\AppData\Local\npm-cache\_npx\7750544ccf494d8b\node_modules\winston\lib\winston\transports\console.js:87:23)
    at Console._write (C:\Users\Nuruzzaman\AppData\Local\npm-cache\_npx\7750544ccf494d8b\node_modules\winston-transport\modern.js:103:17)
    at doWrite (C:\Users\Nuruzzaman\AppData\Local\npm-cache\_npx\7750544ccf494d8b\node_modules\winston-transport\node_modules\readable-stream\lib\_stream_writable.js:390:139)
    at writeOrBuffer (C:\Users\Nuruzzaman\AppData\Local\npm-cache\_npx\7750544ccf494d8b\node_modules\winston-transport\node_modules\readable-stream\lib\_stream_writable.js:381:5)
    at Writable.write (C:\Users\Nuruzzaman\AppData\Local\npm-cache\_npx\7750544ccf494d8b\node_modules\winston-transport\node_modules\readable-stream\lib\_stream_writable.js:302:11)
    at DerivedLogger.ondata (C:\Users\Nuruzzaman\AppData\Local\npm-cache\_npx\7750544ccf494d8b\node_modules\winston\node_modules\readable-stream\lib\_stream_readable.js:629:20)
[error] 
[error] Error: An unexpected error has occurred.
[debug] [2026-06-09T09:11:43.502Z] Error: EPIPE: broken pipe, write
    at Socket._write (node:internal/net:63:18)
    at writeOrBuffer (node:internal/streams/writable:572:12)
    at _write (node:internal/streams/writable:501:10)
    at Writable.write (node:internal/streams/writable:510:10)
    at Console.log (C:\Users\Nuruzzaman\AppData\Local\npm-cache\_npx\7750544ccf494d8b\node_modules\winston\lib\winston\transports\console.js:87:23)
    at Console._write (C:\Users\Nuruzzaman\AppData\Local\npm-cache\_npx\7750544ccf494d8b\node_modules\winston-transport\modern.js:103:17)
    at doWrite (C:\Users\Nuruzzaman\AppData\Local\npm-cache\_npx\7750544ccf494d8b\node_modules\winston-transport\node_modules\readable-stream\lib\_stream_writable.js:390:139)
    at writeOrBuffer (C:\Users\Nuruzzaman\AppData\Local\npm-cache\_npx\7750544ccf494d8b\node_modules\winston-transport\node_modules\readable-stream\lib\_stream_writable.js:381:5)
    at Writable.write (C:\Users\Nuruzzaman\AppData\Local\npm-cache\_npx\7750544ccf494d8b\node_modules\winston-transport\node_modules\readable-stream\lib\_stream_writable.js:302:11)
    at DerivedLogger.ondata (C:\Users\Nuruzzaman\AppData\Local\npm-cache\_npx\7750544ccf494d8b\node_modules\winston\node_modules\readable-stream\lib\_stream_readable.js:629:20)
[error] 
[error] Error: An unexpected error has occurred.
[debug] [2026-06-09T09:11:43.502Z] Error: EPIPE: broken pipe, write
    at Socket._write (node:internal/net:63:18)
    at writeOrBuffer (node:internal/streams/writable:572:12)
    at _write (node:internal/streams/writable:501:10)
    at Writable.write (node:internal/streams/writable:510:10)
    at Console.log (C:\Users\Nuruzzaman\AppData\Local\npm-cache\_npx\7750544ccf494d8b\node_modules\winston\lib\winston\transports\console.js:87:23)
    at Console._write (C:\Users\Nuruzzaman\AppData\Local\npm-cache\_npx\7750544ccf494d8b\node_modules\winston-transport\modern.js:103:17)
    at doWrite (C:\Users\Nuruzzaman\AppData\Local\npm-cache\_npx\7750544ccf494d8b\node_modules\winston-transport\node_modules\readable-stream\lib\_stream_writable.js:390:139)
    at writeOrBuffer (C:\Users\Nuruzzaman\AppData\Local\npm-cache\_npx\7750544ccf494d8b\node_modules\winston-transport\node_modules\readable-stream\lib\_stream_writable.js:381:5)
    at Writable.write (C:\Users\Nuruzzaman\AppData\Local\npm-cache\_npx\7750544ccf494d8b\node_modules\winston-transport\node_modules\readable-stream\lib\_stream_writable.js:302:11)
    at DerivedLogger.ondata (C:\Users\Nuruzzaman\AppData\Local\npm-cache\_npx\7750544ccf494d8b\node_modules\winston\node_modules\readable-stream\lib\_stream_readable.js:629:20)
[error] 
[error] Error: An unexpected error has occurred.
[debug] [2026-06-09T09:11:43.502Z] Error: EPIPE: broken pipe, write
    at Socket._write (node:internal/net:63:18)
    at writeOrBuffer (node:internal/streams/writable:572:12)
    at _write (node:internal/streams/writable:501:10)
    at Writable.write (node:internal/streams/writable:510:10)
    at Console.log (C:\Users\Nuruzzaman\AppData\Local\npm-cache\_npx\7750544ccf494d8b\node_modules\winston\lib\winston\transports\console.js:87:23)
    at Console._write (C:\Users\Nuruzzaman\AppData\Local\npm-cache\_npx\7750544ccf494d8b\node_modules\winston-transport\modern.js:103:17)
    at doWrite (C:\Users\Nuruzzaman\AppData\Local\npm-cache\_npx\7750544ccf494d8b\node_modules\winston-transport\node_modules\readable-stream\lib\_stream_writable.js:390:139)
    at writeOrBuffer (C:\Users\Nuruzzaman\AppData\Local\npm-cache\_npx\7750544ccf494d8b\node_modules\winston-transport\node_modules\readable-stream\lib\_stream_writable.js:381:5)
    at Writable.write (C:\Users\Nuruzzaman\AppData\Local\npm-cache\_npx\7750544ccf494d8b\node_modules\winston-transport\node_modules\readable-stream\lib\_stream_writable.js:302:11)
    at DerivedLogger.ondata (C:\Users\Nuruzzaman\AppData\Local\npm-cache\_npx\7750544ccf494d8b\node_modules\winston\node_modules\readable-stream\lib\_stream_readable.js:629:20)
[error] 
[error] Error: An unexpected error has occurred.
[debug] [2026-06-09T09:11:43.502Z] Error: EPIPE: broken pipe, write
    at Socket._write (node:internal/net:63:18)
    at writeOrBuffer (node:internal/streams/writable:572:12)
    at _write (node:internal/streams/writable:501:10)
    at Writable.write (node:internal/streams/writable:510:10)
    at Console.log (C:\Users\Nuruzzaman\AppData\Local\npm-cache\_npx\7750544ccf494d8b\node_modules\winston\lib\winston\transports\console.js:87:23)
    at Console._write (C:\Users\Nuruzzaman\AppData\Local\npm-cache\_npx\7750544ccf494d8b\node_modules\winston-transport\modern.js:103:17)
    at doWrite (C:\Users\Nuruzzaman\AppData\Local\npm-cache\_npx\7750544ccf494d8b\node_modules\winston-transport\node_modules\readable-stream\lib\_stream_writable.js:390:139)
    at writeOrBuffer (C:\Users\Nuruzzaman\AppData\Local\npm-cache\_npx\7750544ccf494d8b\node_modules\winston-transport\node_modules\readable-stream\lib\_stream_writable.js:381:5)
    at Writable.write (C:\Users\Nuruzzaman\AppData\Local\npm-cache\_npx\7750544ccf494d8b\node_modules\winston-transport\node_modules\readable-stream\lib\_stream_writable.js:302:11)
    at DerivedLogger.ondata (C:\Users\Nuruzzaman\AppData\Local\npm-cache\_npx\7750544ccf494d8b\node_modules\winston\node_modules\readable-stream\lib\_stream_readable.js:629:20)
[error] 
[error] Error: An unexpected error has occurred.
[debug] [2026-06-09T09:11:43.503Z] Error: EPIPE: broken pipe, write
    at Socket._write (node:internal/net:63:18)
    at writeOrBuffer (node:internal/streams/writable:572:12)
    at _write (node:internal/streams/writable:501:10)
    at Writable.write (node:internal/streams/writable:510:10)
    at Console.log (C:\Users\Nuruzzaman\AppData\Local\npm-cache\_npx\7750544ccf494d8b\node_modules\winston\lib\winston\transports\console.js:87:23)
    at Console._write (C:\Users\Nuruzzaman\AppData\Local\npm-cache\_npx\7750544ccf494d8b\node_modules\winston-transport\modern.js:103:17)
    at doWrite (C:\Users\Nuruzzaman\AppData\Local\npm-cache\_npx\7750544ccf494d8b\node_modules\winston-transport\node_modules\readable-stream\lib\_stream_writable.js:390:139)
    at writeOrBuffer (C:\Users\Nuruzzaman\AppData\Local\npm-cache\_npx\7750544ccf494d8b\node_modules\winston-transport\node_modules\readable-stream\lib\_stream_writable.js:381:5)
    at Writable.write (C:\Users\Nuruzzaman\AppData\Local\npm-cache\_npx\7750544ccf494d8b\node_modules\winston-transport\node_modules\readable-stream\lib\_stream_writable.js:302:11)
    at DerivedLogger.ondata (C:\Users\Nuruzzaman\AppData\Local\npm-cache\_npx\7750544ccf494d8b\node_modules\winston\node_modules\readable-stream\lib\_stream_readable.js:629:20)
[error] 
[error] Error: An unexpected error has occurred.
[debug] [2026-06-09T09:11:43.503Z] Error: EPIPE: broken pipe, write
    at Socket._write (node:internal/net:63:18)
    at writeOrBuffer (node:internal/streams/writable:572:12)
    at _write (node:internal/streams/writable:501:10)
    at Writable.write (node:internal/streams/writable:510:10)
    at Console.log (C:\Users\Nuruzzaman\AppData\Local\npm-cache\_npx\7750544ccf494d8b\node_modules\winston\lib\winston\transports\console.js:87:23)
    at Console._write (C:\Users\Nuruzzaman\AppData\Local\npm-cache\_npx\7750544ccf494d8b\node_modules\winston-transport\modern.js:103:17)
    at doWrite (C:\Users\Nuruzzaman\AppData\Local\npm-cache\_npx\7750544ccf494d8b\node_modules\winston-transport\node_modules\readable-stream\lib\_stream_writable.js:390:139)
    at writeOrBuffer (C:\Users\Nuruzzaman\AppData\Local\npm-cache\_npx\7750544ccf494d8b\node_modules\winston-transport\node_modules\readable-stream\lib\_stream_writable.js:381:5)
    at Writable.write (C:\Users\Nuruzzaman\AppData\Local\npm-cache\_npx\7750544ccf494d8b\node_modules\winston-transport\node_modules\readable-stream\lib\_stream_writable.js:302:11)
    at DerivedLogger.ondata (C:\Users\Nuruzzaman\AppData\Local\npm-cache\_npx\7750544ccf494d8b\node_modules\winston\node_modules\readable-stream\lib\_stream_readable.js:629:20)
[error] 
[error] Error: An unexpected error has occurred.
[debug] [2026-06-09T09:11:43.504Z] Error: EPIPE: broken pipe, write
    at Socket._write (node:internal/net:63:18)
    at writeOrBuffer (node:internal/streams/writable:572:12)
    at _write (node:internal/streams/writable:501:10)
    at Writable.write (node:internal/streams/writable:510:10)
    at Console.log (C:\Users\Nuruzzaman\AppData\Local\npm-cache\_npx\7750544ccf494d8b\node_modules\winston\lib\winston\transports\console.js:87:23)
    at Console._write (C:\Users\Nuruzzaman\AppData\Local\npm-cache\_npx\7750544ccf494d8b\node_modules\winston-transport\modern.js:103:17)
    at doWrite (C:\Users\Nuruzzaman\AppData\Local\npm-cache\_npx\7750544ccf494d8b\node_modules\winston-transport\node_modules\readable-stream\lib\_stream_writable.js:390:139)
    at writeOrBuffer (C:\Users\Nuruzzaman\AppData\Local\npm-cache\_npx\7750544ccf494d8b\node_modules\winston-transport\node_modules\readable-stream\lib\_stream_writable.js:381:5)
    at Writable.write (C:\Users\Nuruzzaman\AppData\Local\npm-cache\_npx\7750544ccf494d8b\node_modules\winston-transport\node_modules\readable-stream\lib\_stream_writable.js:302:11)
    at DerivedLogger.ondata (C:\Users\Nuruzzaman\AppData\Local\npm-cache\_npx\7750544ccf494d8b\node_modules\winston\node_modules\readable-stream\lib\_stream_readable.js:629:20)
[error] 
[error] Error: An unexpected error has occurred.
[debug] [2026-06-09T09:11:43.504Z] Error: EPIPE: broken pipe, write
    at Socket._write (node:internal/net:63:18)
    at writeOrBuffer (node:internal/streams/writable:572:12)
    at _write (node:internal/streams/writable:501:10)
    at Writable.write (node:internal/streams/writable:510:10)
    at Console.log (C:\Users\Nuruzzaman\AppData\Local\npm-cache\_npx\7750544ccf494d8b\node_modules\winston\lib\winston\transports\console.js:87:23)
    at Console._write (C:\Users\Nuruzzaman\AppData\Local\npm-cache\_npx\7750544ccf494d8b\node_modules\winston-transport\modern.js:103:17)
    at doWrite (C:\Users\Nuruzzaman\AppData\Local\npm-cache\_npx\7750544ccf494d8b\node_modules\winston-transport\node_modules\readable-stream\lib\_stream_writable.js:390:139)
    at writeOrBuffer (C:\Users\Nuruzzaman\AppData\Local\npm-cache\_npx\7750544ccf494d8b\node_modules\winston-transport\node_modules\readable-stream\lib\_stream_writable.js:381:5)
    at Writable.write (C:\Users\Nuruzzaman\AppData\Local\npm-cache\_npx\7750544ccf494d8b\node_modules\winston-transport\node_modules\readable-stream\lib\_stream_writable.js:302:11)
    at DerivedLogger.ondata (C:\Users\Nuruzzaman\AppData\Local\npm-cache\_npx\7750544ccf494d8b\node_modules\winston\node_modules\readable-stream\lib\_stream_readable.js:629:20)
[error] 
[error] Error: An unexpected error has occurred.
[debug] [2026-06-09T09:11:43.504Z] Error: EPIPE: broken pipe, write
    at Socket._write (node:internal/net:63:18)
    at writeOrBuffer (node:internal/streams/writable:572:12)
    at _write (node:internal/streams/writable:501:10)
    at Writable.write (node:internal/streams/writable:510:10)
    at Console.log (C:\Users\Nuruzzaman\AppData\Local\npm-cache\_npx\7750544ccf494d8b\node_modules\winston\lib\winston\transports\console.js:87:23)
    at Console._write (C:\Users\Nuruzzaman\AppData\Local\npm-cache\_npx\7750544ccf494d8b\node_modules\winston-transport\modern.js:103:17)
    at doWrite (C:\Users\Nuruzzaman\AppData\Local\npm-cache\_npx\7750544ccf494d8b\node_modules\winston-transport\node_modules\readable-stream\lib\_stream_writable.js:390:139)
    at writeOrBuffer (C:\Users\Nuruzzaman\AppData\Local\npm-cache\_npx\7750544ccf494d8b\node_modules\winston-transport\node_modules\readable-stream\lib\_stream_writable.js:381:5)
    at Writable.write (C:\Users\Nuruzzaman\AppData\Local\npm-cache\_npx\7750544ccf494d8b\node_modules\winston-transport\node_modules\readable-stream\lib\_stream_writable.js:302:11)
    at DerivedLogger.ondata (C:\Users\Nuruzzaman\AppData\Local\npm-cache\_npx\7750544ccf494d8b\node_modules\winston\node_modules\readable-stream\lib\_stream_readable.js:629:20)
[error] 
[error] Error: An unexpected error has occurred.
[debug] [2026-06-09T09:11:43.504Z] Error: EPIPE: broken pipe, write
    at Socket._write (node:internal/net:63:18)
    at writeOrBuffer (node:internal/streams/writable:572:12)
    at _write (node:internal/streams/writable:501:10)
    at Writable.write (node:internal/streams/writable:510:10)
    at Console.log (C:\Users\Nuruzzaman\AppData\Local\npm-cache\_npx\7750544ccf494d8b\node_modules\winston\lib\winston\transports\console.js:87:23)
    at Console._write (C:\Users\Nuruzzaman\AppData\Local\npm-cache\_npx\7750544ccf494d8b\node_modules\winston-transport\modern.js:103:17)
    at doWrite (C:\Users\Nuruzzaman\AppData\Local\npm-cache\_npx\7750544ccf494d8b\node_modules\winston-transport\node_modules\readable-stream\lib\_stream_writable.js:390:139)
    at writeOrBuffer (C:\Users\Nuruzzaman\AppData\Local\npm-cache\_npx\7750544ccf494d8b\node_modules\winston-transport\node_modules\readable-stream\lib\_stream_writable.js:381:5)
    at Writable.write (C:\Users\Nuruzzaman\AppData\Local\npm-cache\_npx\7750544ccf494d8b\node_modules\winston-transport\node_modules\readable-stream\lib\_stream_writable.js:302:11)
    at DerivedLogger.ondata (C:\Users\Nuruzzaman\AppData\Local\npm-cache\_npx\7750544ccf494d8b\node_modules\winston\node_modules\readable-stream\lib\_stream_readable.js:629:20)
[error] 
[error] Error: An unexpected error has occurred.
[debug] [2026-06-09T09:11:43.505Z] Error: EPIPE: broken pipe, write
    at Socket._write (node:internal/net:63:18)
    at writeOrBuffer (node:internal/streams/writable:572:12)
    at _write (node:internal/streams/writable:501:10)
    at Writable.write (node:internal/streams/writable:510:10)
    at Console.log (C:\Users\Nuruzzaman\AppData\Local\npm-cache\_npx\7750544ccf494d8b\node_modules\winston\lib\winston\transports\console.js:87:23)
    at Console._write (C:\Users\Nuruzzaman\AppData\Local\npm-cache\_npx\7750544ccf494d8b\node_modules\winston-transport\modern.js:103:17)
    at doWrite (C:\Users\Nuruzzaman\AppData\Local\npm-cache\_npx\7750544ccf494d8b\node_modules\winston-transport\node_modules\readable-stream\lib\_stream_writable.js:390:139)
    at writeOrBuffer (C:\Users\Nuruzzaman\AppData\Local\npm-cache\_npx\7750544ccf494d8b\node_modules\winston-transport\node_modules\readable-stream\lib\_stream_writable.js:381:5)
    at Writable.write (C:\Users\Nuruzzaman\AppData\Local\npm-cache\_npx\7750544ccf494d8b\node_modules\winston-transport\node_modules\readable-stream\lib\_stream_writable.js:302:11)
    at DerivedLogger.ondata (C:\Users\Nuruzzaman\AppData\Local\npm-cache\_npx\7750544ccf494d8b\node_modules\winston\node_modules\readable-stream\lib\_stream_readable.js:629:20)
[error] 
[error] Error: An unexpected error has occurred.
[debug] [2026-06-09T09:11:43.505Z] Error: EPIPE: broken pipe, write
    at Socket._write (node:internal/net:63:18)
    at writeOrBuffer (node:internal/streams/writable:572:12)
    at _write (node:internal/streams/writable:501:10)
    at Writable.write (node:internal/streams/writable:510:10)
    at Console.log (C:\Users\Nuruzzaman\AppData\Local\npm-cache\_npx\7750544ccf494d8b\node_modules\winston\lib\winston\transports\console.js:87:23)
    at Console._write (C:\Users\Nuruzzaman\AppData\Local\npm-cache\_npx\7750544ccf494d8b\node_modules\winston-transport\modern.js:103:17)
    at doWrite (C:\Users\Nuruzzaman\AppData\Local\npm-cache\_npx\7750544ccf494d8b\node_modules\winston-transport\node_modules\readable-stream\lib\_stream_writable.js:390:139)
    at writeOrBuffer (C:\Users\Nuruzzaman\AppData\Local\npm-cache\_npx\7750544ccf494d8b\node_modules\winston-transport\node_modules\readable-stream\lib\_stream_writable.js:381:5)
    at Writable.write (C:\Users\Nuruzzaman\AppData\Local\npm-cache\_npx\7750544ccf494d8b\node_modules\winston-transport\node_modules\readable-stream\lib\_stream_writable.js:302:11)
    at DerivedLogger.ondata (C:\Users\Nuruzzaman\AppData\Local\npm-cache\_npx\7750544ccf494d8b\node_modules\winston\node_modules\readable-stream\lib\_stream_readable.js:629:20)
[error] 
[error] Error: An unexpected error has occurred.
[debug] [2026-06-09T09:11:43.505Z] Error: EPIPE: broken pipe, write
    at Socket._write (node:internal/net:63:18)
    at writeOrBuffer (node:internal/streams/writable:572:12)
    at _write (node:internal/streams/writable:501:10)
    at Writable.write (node:internal/streams/writable:510:10)
    at Console.log (C:\Users\Nuruzzaman\AppData\Local\npm-cache\_npx\7750544ccf494d8b\node_modules\winston\lib\winston\transports\console.js:87:23)
    at Console._write (C:\Users\Nuruzzaman\AppData\Local\npm-cache\_npx\7750544ccf494d8b\node_modules\winston-transport\modern.js:103:17)
    at doWrite (C:\Users\Nuruzzaman\AppData\Local\npm-cache\_npx\7750544ccf494d8b\node_modules\winston-transport\node_modules\readable-stream\lib\_stream_writable.js:390:139)
    at writeOrBuffer (C:\Users\Nuruzzaman\AppData\Local\npm-cache\_npx\7750544ccf494d8b\node_modules\winston-transport\node_modules\readable-stream\lib\_stream_writable.js:381:5)
    at Writable.write (C:\Users\Nuruzzaman\AppData\Local\npm-cache\_npx\7750544ccf494d8b\node_modules\winston-transport\node_modules\readable-stream\lib\_stream_writable.js:302:11)
    at DerivedLogger.ondata (C:\Users\Nuruzzaman\AppData\Local\npm-cache\_npx\7750544ccf494d8b\node_modules\winston\node_modules\readable-stream\lib\_stream_readable.js:629:20)
[error] 
[error] Error: An unexpected error has occurred.
[debug] [2026-06-09T09:11:43.505Z] Error: EPIPE: broken pipe, write
    at Socket._write (node:internal/net:63:18)
    at writeOrBuffer (node:internal/streams/writable:572:12)
    at _write (node:internal/streams/writable:501:10)
    at Writable.write (node:internal/streams/writable:510:10)
    at Console.log (C:\Users\Nuruzzaman\AppData\Local\npm-cache\_npx\7750544ccf494d8b\node_modules\winston\lib\winston\transports\console.js:87:23)
    at Console._write (C:\Users\Nuruzzaman\AppData\Local\npm-cache\_npx\7750544ccf494d8b\node_modules\winston-transport\modern.js:103:17)
    at doWrite (C:\Users\Nuruzzaman\AppData\Local\npm-cache\_npx\7750544ccf494d8b\node_modules\winston-transport\node_modules\readable-stream\lib\_stream_writable.js:390:139)
    at writeOrBuffer (C:\Users\Nuruzzaman\AppData\Local\npm-cache\_npx\7750544ccf494d8b\node_modules\winston-transport\node_modules\readable-stream\lib\_stream_writable.js:381:5)
    at Writable.write (C:\Users\Nuruzzaman\AppData\Local\npm-cache\_npx\7750544ccf494d8b\node_modules\winston-transport\node_modules\readable-stream\lib\_stream_writable.js:302:11)
    at DerivedLogger.ondata (C:\Users\Nuruzzaman\AppData\Local\npm-cache\_npx\7750544ccf494d8b\node_modules\winston\node_modules\readable-stream\lib\_stream_readable.js:629:20)
[error] 
[error] Error: An unexpected error has occurred.
[debug] [2026-06-09T09:11:43.505Z] Error: EPIPE: broken pipe, write
    at Socket._write (node:internal/net:63:18)
    at writeOrBuffer (node:internal/streams/writable:572:12)
    at _write (node:internal/streams/writable:501:10)
    at Writable.write (node:internal/streams/writable:510:10)
    at Console.log (C:\Users\Nuruzzaman\AppData\Local\npm-cache\_npx\7750544ccf494d8b\node_modules\winston\lib\winston\transports\console.js:87:23)
    at Console._write (C:\Users\Nuruzzaman\AppData\Local\npm-cache\_npx\7750544ccf494d8b\node_modules\winston-transport\modern.js:103:17)
    at doWrite (C:\Users\Nuruzzaman\AppData\Local\npm-cache\_npx\7750544ccf494d8b\node_modules\winston-transport\node_modules\readable-stream\lib\_stream_writable.js:390:139)
    at writeOrBuffer (C:\Users\Nuruzzaman\AppData\Local\npm-cache\_npx\7750544ccf494d8b\node_modules\winston-transport\node_modules\readable-stream\lib\_stream_writable.js:381:5)
    at Writable.write (C:\Users\Nuruzzaman\AppData\Local\npm-cache\_npx\7750544ccf494d8b\node_modules\winston-transport\node_modules\readable-stream\lib\_stream_writable.js:302:11)
    at DerivedLogger.ondata (C:\Users\Nuruzzaman\AppData\Local\npm-cache\_npx\7750544ccf494d8b\node_modules\winston\node_modules\readable-stream\lib\_stream_readable.js:629:20)
[error] 
[error] Error: An unexpected error has occurred.
[debug] [2026-06-09T09:11:43.506Z] Error: EPIPE: broken pipe, write
    at Socket._write (node:internal/net:63:18)
    at writeOrBuffer (node:internal/streams/writable:572:12)
    at _write (node:internal/streams/writable:501:10)
    at Writable.write (node:internal/streams/writable:510:10)
    at Console.log (C:\Users\Nuruzzaman\AppData\Local\npm-cache\_npx\7750544ccf494d8b\node_modules\winston\lib\winston\transports\console.js:87:23)
    at Console._write (C:\Users\Nuruzzaman\AppData\Local\npm-cache\_npx\7750544ccf494d8b\node_modules\winston-transport\modern.js:103:17)
    at doWrite (C:\Users\Nuruzzaman\AppData\Local\npm-cache\_npx\7750544ccf494d8b\node_modules\winston-transport\node_modules\readable-stream\lib\_stream_writable.js:390:139)
    at writeOrBuffer (C:\Users\Nuruzzaman\AppData\Local\npm-cache\_npx\7750544ccf494d8b\node_modules\winston-transport\node_modules\readable-stream\lib\_stream_writable.js:381:5)
    at Writable.write (C:\Users\Nuruzzaman\AppData\Local\npm-cache\_npx\7750544ccf494d8b\node_modules\winston-transport\node_modules\readable-stream\lib\_stream_writable.js:302:11)
    at DerivedLogger.ondata (C:\Users\Nuruzzaman\AppData\Local\npm-cache\_npx\7750544ccf494d8b\node_modules\winston\node_modules\readable-stream\lib\_stream_readable.js:629:20)
[error] 
[error] Error: An unexpected error has occurred.
[debug] [2026-06-09T09:11:43.506Z] Error: EPIPE: broken pipe, write
    at Socket._write (node:internal/net:63:18)
    at writeOrBuffer (node:internal/streams/writable:572:12)
    at _write (node:internal/streams/writable:501:10)
    at Writable.write (node:internal/streams/writable:510:10)
    at Console.log (C:\Users\Nuruzzaman\AppData\Local\npm-cache\_npx\7750544ccf494d8b\node_modules\winston\lib\winston\transports\console.js:87:23)
    at Console._write (C:\Users\Nuruzzaman\AppData\Local\npm-cache\_npx\7750544ccf494d8b\node_modules\winston-transport\modern.js:103:17)
    at doWrite (C:\Users\Nuruzzaman\AppData\Local\npm-cache\_npx\7750544ccf494d8b\node_modules\winston-transport\node_modules\readable-stream\lib\_stream_writable.js:390:139)
    at writeOrBuffer (C:\Users\Nuruzzaman\AppData\Local\npm-cache\_npx\7750544ccf494d8b\node_modules\winston-transport\node_modules\readable-stream\lib\_stream_writable.js:381:5)
    at Writable.write (C:\Users\Nuruzzaman\AppData\Local\npm-cache\_npx\7750544ccf494d8b\node_modules\winston-transport\node_modules\readable-stream\lib\_stream_writable.js:302:11)
    at DerivedLogger.ondata (C:\Users\Nuruzzaman\AppData\Local\npm-cache\_npx\7750544ccf494d8b\node_modules\winston\node_modules\readable-stream\lib\_stream_readable.js:629:20)
[error] 
[error] Error: An unexpected error has occurred.
[debug] [2026-06-09T09:11:43.506Z] Error: EPIPE: broken pipe, write
    at Socket._write (node:internal/net:63:18)
    at writeOrBuffer (node:internal/streams/writable:572:12)
    at _write (node:internal/streams/writable:501:10)
    at Writable.write (node:internal/streams/writable:510:10)
    at Console.log (C:\Users\Nuruzzaman\AppData\Local\npm-cache\_npx\7750544ccf494d8b\node_modules\winston\lib\winston\transports\console.js:87:23)
    at Console._write (C:\Users\Nuruzzaman\AppData\Local\npm-cache\_npx\7750544ccf494d8b\node_modules\winston-transport\modern.js:103:17)
    at doWrite (C:\Users\Nuruzzaman\AppData\Local\npm-cache\_npx\7750544ccf494d8b\node_modules\winston-transport\node_modules\readable-stream\lib\_stream_writable.js:390:139)
    at writeOrBuffer (C:\Users\Nuruzzaman\AppData\Local\npm-cache\_npx\7750544ccf494d8b\node_modules\winston-transport\node_modules\readable-stream\lib\_stream_writable.js:381:5)
    at Writable.write (C:\Users\Nuruzzaman\AppData\Local\npm-cache\_npx\7750544ccf494d8b\node_modules\winston-transport\node_modules\readable-stream\lib\_stream_writable.js:302:11)
    at DerivedLogger.ondata (C:\Users\Nuruzzaman\AppData\Local\npm-cache\_npx\7750544ccf494d8b\node_modules\winston\node_modules\readable-stream\lib\_stream_readable.js:629:20)
[error] 
[error] Error: An unexpected error has occurred.
[debug] [2026-06-09T09:11:43.507Z] Error: EPIPE: broken pipe, write
    at Socket._write (node:internal/net:63:18)
    at writeOrBuffer (node:internal/streams/writable:572:12)
    at _write (node:internal/streams/writable:501:10)
    at Writable.write (node:internal/streams/writable:510:10)
    at Console.log (C:\Users\Nuruzzaman\AppData\Local\npm-cache\_npx\7750544ccf494d8b\node_modules\winston\lib\winston\transports\console.js:87:23)
    at Console._write (C:\Users\Nuruzzaman\AppData\Local\npm-cache\_npx\7750544ccf494d8b\node_modules\winston-transport\modern.js:103:17)
    at doWrite (C:\Users\Nuruzzaman\AppData\Local\npm-cache\_npx\7750544ccf494d8b\node_modules\winston-transport\node_modules\readable-stream\lib\_stream_writable.js:390:139)
    at writeOrBuffer (C:\Users\Nuruzzaman\AppData\Local\npm-cache\_npx\7750544ccf494d8b\node_modules\winston-transport\node_modules\readable-stream\lib\_stream_writable.js:381:5)
    at Writable.write (C:\Users\Nuruzzaman\AppData\Local\npm-cache\_npx\7750544ccf494d8b\node_modules\winston-transport\node_modules\readable-stream\lib\_stream_writable.js:302:11)
    at DerivedLogger.ondata (C:\Users\Nuruzzaman\AppData\Local\npm-cache\_npx\7750544ccf494d8b\node_modules\winston\node_modules\readable-stream\lib\_stream_readable.js:629:20)
[error] 
[error] Error: An unexpected error has occurred.
[debug] [2026-06-09T09:11:43.507Z] Error: EPIPE: broken pipe, write
    at Socket._write (node:internal/net:63:18)
    at writeOrBuffer (node:internal/streams/writable:572:12)
    at _write (node:internal/streams/writable:501:10)
    at Writable.write (node:internal/streams/writable:510:10)
    at Console.log (C:\Users\Nuruzzaman\AppData\Local\npm-cache\_npx\7750544ccf494d8b\node_modules\winston\lib\winston\transports\console.js:87:23)
    at Console._write (C:\Users\Nuruzzaman\AppData\Local\npm-cache\_npx\7750544ccf494d8b\node_modules\winston-transport\modern.js:103:17)
    at doWrite (C:\Users\Nuruzzaman\AppData\Local\npm-cache\_npx\7750544ccf494d8b\node_modules\winston-transport\node_modules\readable-stream\lib\_stream_writable.js:390:139)
    at writeOrBuffer (C:\Users\Nuruzzaman\AppData\Local\npm-cache\_npx\7750544ccf494d8b\node_modules\winston-transport\node_modules\readable-stream\lib\_stream_writable.js:381:5)
    at Writable.write (C:\Users\Nuruzzaman\AppData\Local\npm-cache\_npx\7750544ccf494d8b\node_modules\winston-transport\node_modules\readable-stream\lib\_stream_writable.js:302:11)
    at DerivedLogger.ondata (C:\Users\Nuruzzaman\AppData\Local\npm-cache\_npx\7750544ccf494d8b\node_modules\winston\node_modules\readable-stream\lib\_stream_readable.js:629:20)
[error] 
[error] Error: An unexpected error has occurred.
[debug] [2026-06-09T09:11:43.507Z] Error: EPIPE: broken pipe, write
    at Socket._write (node:internal/net:63:18)
    at writeOrBuffer (node:internal/streams/writable:572:12)
    at _write (node:internal/streams/writable:501:10)
    at Writable.write (node:internal/streams/writable:510:10)
    at Console.log (C:\Users\Nuruzzaman\AppData\Local\npm-cache\_npx\7750544ccf494d8b\node_modules\winston\lib\winston\transports\console.js:87:23)
    at Console._write (C:\Users\Nuruzzaman\AppData\Local\npm-cache\_npx\7750544ccf494d8b\node_modules\winston-transport\modern.js:103:17)
    at doWrite (C:\Users\Nuruzzaman\AppData\Local\npm-cache\_npx\7750544ccf494d8b\node_modules\winston-transport\node_modules\readable-stream\lib\_stream_writable.js:390:139)
    at writeOrBuffer (C:\Users\Nuruzzaman\AppData\Local\npm-cache\_npx\7750544ccf494d8b\node_modules\winston-transport\node_modules\readable-stream\lib\_stream_writable.js:381:5)
    at Writable.write (C:\Users\Nuruzzaman\AppData\Local\npm-cache\_npx\7750544ccf494d8b\node_modules\winston-transport\node_modules\readable-stream\lib\_stream_writable.js:302:11)
    at DerivedLogger.ondata (C:\Users\Nuruzzaman\AppData\Local\npm-cache\_npx\7750544ccf494d8b\node_modules\winston\node_modules\readable-stream\lib\_stream_readable.js:629:20)
[error] 
[error] Error: An unexpected error has occurred.
[debug] [2026-06-09T09:11:43.507Z] Error: EPIPE: broken pipe, write
    at Socket._write (node:internal/net:63:18)
    at writeOrBuffer (node:internal/streams/writable:572:12)
    at _write (node:internal/streams/writable:501:10)
    at Writable.write (node:internal/streams/writable:510:10)
    at Console.log (C:\Users\Nuruzzaman\AppData\Local\npm-cache\_npx\7750544ccf494d8b\node_modules\winston\lib\winston\transports\console.js:87:23)
    at Console._write (C:\Users\Nuruzzaman\AppData\Local\npm-cache\_npx\7750544ccf494d8b\node_modules\winston-transport\modern.js:103:17)
    at doWrite (C:\Users\Nuruzzaman\AppData\Local\npm-cache\_npx\7750544ccf494d8b\node_modules\winston-transport\node_modules\readable-stream\lib\_stream_writable.js:390:139)
    at writeOrBuffer (C:\Users\Nuruzzaman\AppData\Local\npm-cache\_npx\7750544ccf494d8b\node_modules\winston-transport\node_modules\readable-stream\lib\_stream_writable.js:381:5)
    at Writable.write (C:\Users\Nuruzzaman\AppData\Local\npm-cache\_npx\7750544ccf494d8b\node_modules\winston-transport\node_modules\readable-stream\lib\_stream_writable.js:302:11)
    at DerivedLogger.ondata (C:\Users\Nuruzzaman\AppData\Local\npm-cache\_npx\7750544ccf494d8b\node_modules\winston\node_modules\readable-stream\lib\_stream_readable.js:629:20)
[error] 
[error] Error: An unexpected error has occurred.
[debug] [2026-06-09T09:11:43.508Z] Error: EPIPE: broken pipe, write
    at Socket._write (node:internal/net:63:18)
    at writeOrBuffer (node:internal/streams/writable:572:12)
    at _write (node:internal/streams/writable:501:10)
    at Writable.write (node:internal/streams/writable:510:10)
    at Console.log (C:\Users\Nuruzzaman\AppData\Local\npm-cache\_npx\7750544ccf494d8b\node_modules\winston\lib\winston\transports\console.js:87:23)
    at Console._write (C:\Users\Nuruzzaman\AppData\Local\npm-cache\_npx\7750544ccf494d8b\node_modules\winston-transport\modern.js:103:17)
    at doWrite (C:\Users\Nuruzzaman\AppData\Local\npm-cache\_npx\7750544ccf494d8b\node_modules\winston-transport\node_modules\readable-stream\lib\_stream_writable.js:390:139)
    at writeOrBuffer (C:\Users\Nuruzzaman\AppData\Local\npm-cache\_npx\7750544ccf494d8b\node_modules\winston-transport\node_modules\readable-stream\lib\_stream_writable.js:381:5)
    at Writable.write (C:\Users\Nuruzzaman\AppData\Local\npm-cache\_npx\7750544ccf494d8b\node_modules\winston-transport\node_modules\readable-stream\lib\_stream_writable.js:302:11)
    at DerivedLogger.ondata (C:\Users\Nuruzzaman\AppData\Local\npm-cache\_npx\7750544ccf494d8b\node_modules\winston\node_modules\readable-stream\lib\_stream_readable.js:629:20)
[error] 
[error] Error: An unexpected error has occurred.
[debug] [2026-06-09T09:11:43.508Z] Error: EPIPE: broken pipe, write
    at Socket._write (node:internal/net:63:18)
    at writeOrBuffer (node:internal/streams/writable:572:12)
    at _write (node:internal/streams/writable:501:10)
    at Writable.write (node:internal/streams/writable:510:10)
    at Console.log (C:\Users\Nuruzzaman\AppData\Local\npm-cache\_npx\7750544ccf494d8b\node_modules\winston\lib\winston\transports\console.js:87:23)
    at Console._write (C:\Users\Nuruzzaman\AppData\Local\npm-cache\_npx\7750544ccf494d8b\node_modules\winston-transport\modern.js:103:17)
    at doWrite (C:\Users\Nuruzzaman\AppData\Local\npm-cache\_npx\7750544ccf494d8b\node_modules\winston-transport\node_modules\readable-stream\lib\_stream_writable.js:390:139)
    at writeOrBuffer (C:\Users\Nuruzzaman\AppData\Local\npm-cache\_npx\7750544ccf494d8b\node_modules\winston-transport\node_modules\readable-stream\lib\_stream_writable.js:381:5)
    at Writable.write (C:\Users\Nuruzzaman\AppData\Local\npm-cache\_npx\7750544ccf494d8b\node_modules\winston-transport\node_modules\readable-stream\lib\_stream_writable.js:302:11)
    at DerivedLogger.ondata (C:\Users\Nuruzzaman\AppData\Local\npm-cache\_npx\7750544ccf494d8b\node_modules\winston\node_modules\readable-stream\lib\_stream_readable.js:629:20)
[error] 
[error] Error: An unexpected error has occurred.
[debug] [2026-06-09T09:11:43.508Z] Error: EPIPE: broken pipe, write
    at Socket._write (node:internal/net:63:18)
    at writeOrBuffer (node:internal/streams/writable:572:12)
    at _write (node:internal/streams/writable:501:10)
    at Writable.write (node:internal/streams/writable:510:10)
    at Console.log (C:\Users\Nuruzzaman\AppData\Local\npm-cache\_npx\7750544ccf494d8b\node_modules\winston\lib\winston\transports\console.js:87:23)
    at Console._write (C:\Users\Nuruzzaman\AppData\Local\npm-cache\_npx\7750544ccf494d8b\node_modules\winston-transport\modern.js:103:17)
    at doWrite (C:\Users\Nuruzzaman\AppData\Local\npm-cache\_npx\7750544ccf494d8b\node_modules\winston-transport\node_modules\readable-stream\lib\_stream_writable.js:390:139)
    at writeOrBuffer (C:\Users\Nuruzzaman\AppData\Local\npm-cache\_npx\7750544ccf494d8b\node_modules\winston-transport\node_modules\readable-stream\lib\_stream_writable.js:381:5)
    at Writable.write (C:\Users\Nuruzzaman\AppData\Local\npm-cache\_npx\7750544ccf494d8b\node_modules\winston-transport\node_modules\readable-stream\lib\_stream_writable.js:302:11)
    at DerivedLogger.ondata (C:\Users\Nuruzzaman\AppData\Local\npm-cache\_npx\7750544ccf494d8b\node_modules\winston\node_modules\readable-stream\lib\_stream_readable.js:629:20)
[error] 
[error] Error: An unexpected error has occurred.
[debug] [2026-06-09T09:11:43.508Z] Error: EPIPE: broken pipe, write
    at Socket._write (node:internal/net:63:18)
    at writeOrBuffer (node:internal/streams/writable:572:12)
    at _write (node:internal/streams/writable:501:10)
    at Writable.write (node:internal/streams/writable:510:10)
    at Console.log (C:\Users\Nuruzzaman\AppData\Local\npm-cache\_npx\7750544ccf494d8b\node_modules\winston\lib\winston\transports\console.js:87:23)
    at Console._write (C:\Users\Nuruzzaman\AppData\Local\npm-cache\_npx\7750544ccf494d8b\node_modules\winston-transport\modern.js:103:17)
    at doWrite (C:\Users\Nuruzzaman\AppData\Local\npm-cache\_npx\7750544ccf494d8b\node_modules\winston-transport\node_modules\readable-stream\lib\_stream_writable.js:390:139)
    at writeOrBuffer (C:\Users\Nuruzzaman\AppData\Local\npm-cache\_npx\7750544ccf494d8b\node_modules\winston-transport\node_modules\readable-stream\lib\_stream_writable.js:381:5)
    at Writable.write (C:\Users\Nuruzzaman\AppData\Local\npm-cache\_npx\7750544ccf494d8b\node_modules\winston-transport\node_modules\readable-stream\lib\_stream_writable.js:302:11)
    at DerivedLogger.ondata (C:\Users\Nuruzzaman\AppData\Local\npm-cache\_npx\7750544ccf494d8b\node_modules\winston\node_modules\readable-stream\lib\_stream_readable.js:629:20)
[error] 
[error] Error: An unexpected error has occurred.
[debug] [2026-06-09T09:11:43.508Z] Error: EPIPE: broken pipe, write
    at Socket._write (node:internal/net:63:18)
    at writeOrBuffer (node:internal/streams/writable:572:12)
    at _write (node:internal/streams/writable:501:10)
    at Writable.write (node:internal/streams/writable:510:10)
    at Console.log (C:\Users\Nuruzzaman\AppData\Local\npm-cache\_npx\7750544ccf494d8b\node_modules\winston\lib\winston\transports\console.js:87:23)
    at Console._write (C:\Users\Nuruzzaman\AppData\Local\npm-cache\_npx\7750544ccf494d8b\node_modules\winston-transport\modern.js:103:17)
    at doWrite (C:\Users\Nuruzzaman\AppData\Local\npm-cache\_npx\7750544ccf494d8b\node_modules\winston-transport\node_modules\readable-stream\lib\_stream_writable.js:390:139)
    at writeOrBuffer (C:\Users\Nuruzzaman\AppData\Local\npm-cache\_npx\7750544ccf494d8b\node_modules\winston-transport\node_modules\readable-stream\lib\_stream_writable.js:381:5)
    at Writable.write (C:\Users\Nuruzzaman\AppData\Local\npm-cache\_npx\7750544ccf494d8b\node_modules\winston-transport\node_modules\readable-stream\lib\_stream_writable.js:302:11)
    at DerivedLogger.ondata (C:\Users\Nuruzzaman\AppData\Local\npm-cache\_npx\7750544ccf494d8b\node_modules\winston\node_modules\readable-stream\lib\_stream_readable.js:629:20)
[error] 
[error] Error: An unexpected error has occurred.
[debug] [2026-06-09T09:11:43.509Z] Error: EPIPE: broken pipe, write
    at Socket._write (node:internal/net:63:18)
    at writeOrBuffer (node:internal/streams/writable:572:12)
    at _write (node:internal/streams/writable:501:10)
    at Writable.write (node:internal/streams/writable:510:10)
    at Console.log (C:\Users\Nuruzzaman\AppData\Local\npm-cache\_npx\7750544ccf494d8b\node_modules\winston\lib\winston\transports\console.js:87:23)
    at Console._write (C:\Users\Nuruzzaman\AppData\Local\npm-cache\_npx\7750544ccf494d8b\node_modules\winston-transport\modern.js:103:17)
    at doWrite (C:\Users\Nuruzzaman\AppData\Local\npm-cache\_npx\7750544ccf494d8b\node_modules\winston-transport\node_modules\readable-stream\lib\_stream_writable.js:390:139)
    at writeOrBuffer (C:\Users\Nuruzzaman\AppData\Local\npm-cache\_npx\7750544ccf494d8b\node_modules\winston-transport\node_modules\readable-stream\lib\_stream_writable.js:381:5)
    at Writable.write (C:\Users\Nuruzzaman\AppData\Local\npm-cache\_npx\7750544ccf494d8b\node_modules\winston-transport\node_modules\readable-stream\lib\_stream_writable.js:302:11)
    at DerivedLogger.ondata (C:\Users\Nuruzzaman\AppData\Local\npm-cache\_npx\7750544ccf494d8b\node_modules\winston\node_modules\readable-stream\lib\_stream_readable.js:629:20)
[error] 
[error] Error: An unexpected error has occurred.
[debug] [2026-06-09T09:11:43.509Z] Error: EPIPE: broken pipe, write
    at Socket._write (node:internal/net:63:18)
    at writeOrBuffer (node:internal/streams/writable:572:12)
    at _write (node:internal/streams/writable:501:10)
    at Writable.write (node:internal/streams/writable:510:10)
    at Console.log (C:\Users\Nuruzzaman\AppData\Local\npm-cache\_npx\7750544ccf494d8b\node_modules\winston\lib\winston\transports\console.js:87:23)
    at Console._write (C:\Users\Nuruzzaman\AppData\Local\npm-cache\_npx\7750544ccf494d8b\node_modules\winston-transport\modern.js:103:17)
    at doWrite (C:\Users\Nuruzzaman\AppData\Local\npm-cache\_npx\7750544ccf494d8b\node_modules\winston-transport\node_modules\readable-stream\lib\_stream_writable.js:390:139)
    at writeOrBuffer (C:\Users\Nuruzzaman\AppData\Local\npm-cache\_npx\7750544ccf494d8b\node_modules\winston-transport\node_modules\readable-stream\lib\_stream_writable.js:381:5)
    at Writable.write (C:\Users\Nuruzzaman\AppData\Local\npm-cache\_npx\7750544ccf494d8b\node_modules\winston-transport\node_modules\readable-stream\lib\_stream_writable.js:302:11)
    at DerivedLogger.ondata (C:\Users\Nuruzzaman\AppData\Local\npm-cache\_npx\7750544ccf494d8b\node_modules\winston\node_modules\readable-stream\lib\_stream_readable.js:629:20)
[error] 
[error] Error: An unexpected error has occurred.
[debug] [2026-06-09T09:11:43.509Z] Error: EPIPE: broken pipe, write
    at Socket._write (node:internal/net:63:18)
    at writeOrBuffer (node:internal/streams/writable:572:12)
    at _write (node:internal/streams/writable:501:10)
    at Writable.write (node:internal/streams/writable:510:10)
    at Console.log (C:\Users\Nuruzzaman\AppData\Local\npm-cache\_npx\7750544ccf494d8b\node_modules\winston\lib\winston\transports\console.js:87:23)
    at Console._write (C:\Users\Nuruzzaman\AppData\Local\npm-cache\_npx\7750544ccf494d8b\node_modules\winston-transport\modern.js:103:17)
    at doWrite (C:\Users\Nuruzzaman\AppData\Local\npm-cache\_npx\7750544ccf494d8b\node_modules\winston-transport\node_modules\readable-stream\lib\_stream_writable.js:390:139)
    at writeOrBuffer (C:\Users\Nuruzzaman\AppData\Local\npm-cache\_npx\7750544ccf494d8b\node_modules\winston-transport\node_modules\readable-stream\lib\_stream_writable.js:381:5)
    at Writable.write (C:\Users\Nuruzzaman\AppData\Local\npm-cache\_npx\7750544ccf494d8b\node_modules\winston-transport\node_modules\readable-stream\lib\_stream_writable.js:302:11)
    at DerivedLogger.ondata (C:\Users\Nuruzzaman\AppData\Local\npm-cache\_npx\7750544ccf494d8b\node_modules\winston\node_modules\readable-stream\lib\_stream_readable.js:629:20)
[error] 
[error] Error: An unexpected error has occurred.
[debug] [2026-06-09T09:11:43.509Z] Error: EPIPE: broken pipe, write
    at Socket._write (node:internal/net:63:18)
    at writeOrBuffer (node:internal/streams/writable:572:12)
    at _write (node:internal/streams/writable:501:10)
    at Writable.write (node:internal/streams/writable:510:10)
    at Console.log (C:\Users\Nuruzzaman\AppData\Local\npm-cache\_npx\7750544ccf494d8b\node_modules\winston\lib\winston\transports\console.js:87:23)
    at Console._write (C:\Users\Nuruzzaman\AppData\Local\npm-cache\_npx\7750544ccf494d8b\node_modules\winston-transport\modern.js:103:17)
    at doWrite (C:\Users\Nuruzzaman\AppData\Local\npm-cache\_npx\7750544ccf494d8b\node_modules\winston-transport\node_modules\readable-stream\lib\_stream_writable.js:390:139)
    at writeOrBuffer (C:\Users\Nuruzzaman\AppData\Local\npm-cache\_npx\7750544ccf494d8b\node_modules\winston-transport\node_modules\readable-stream\lib\_stream_writable.js:381:5)
    at Writable.write (C:\Users\Nuruzzaman\AppData\Local\npm-cache\_npx\7750544ccf494d8b\node_modules\winston-transport\node_modules\readable-stream\lib\_stream_writable.js:302:11)
    at DerivedLogger.ondata (C:\Users\Nuruzzaman\AppData\Local\npm-cache\_npx\7750544ccf494d8b\node_modules\winston\node_modules\readable-stream\lib\_stream_readable.js:629:20)
[error] 
[error] Error: An unexpected error has occurred.
[debug] [2026-06-09T09:11:43.511Z] Error: EPIPE: broken pipe, write
    at Socket._write (node:internal/net:63:18)
    at writeOrBuffer (node:internal/streams/writable:572:12)
    at _write (node:internal/streams/writable:501:10)
    at Writable.write (node:internal/streams/writable:510:10)
    at Console.log (C:\Users\Nuruzzaman\AppData\Local\npm-cache\_npx\7750544ccf494d8b\node_modules\winston\lib\winston\transports\console.js:87:23)
    at Console._write (C:\Users\Nuruzzaman\AppData\Local\npm-cache\_npx\7750544ccf494d8b\node_modules\winston-transport\modern.js:103:17)
    at doWrite (C:\Users\Nuruzzaman\AppData\Local\npm-cache\_npx\7750544ccf494d8b\node_modules\winston-transport\node_modules\readable-stream\lib\_stream_writable.js:390:139)
    at writeOrBuffer (C:\Users\Nuruzzaman\AppData\Local\npm-cache\_npx\7750544ccf494d8b\node_modules\winston-transport\node_modules\readable-stream\lib\_stream_writable.js:381:5)
    at Writable.write (C:\Users\Nuruzzaman\AppData\Local\npm-cache\_npx\7750544ccf494d8b\node_modules\winston-transport\node_modules\readable-stream\lib\_stream_writable.js:302:11)
    at DerivedLogger.ondata (C:\Users\Nuruzzaman\AppData\Local\npm-cache\_npx\7750544ccf494d8b\node_modules\winston\node_modules\readable-stream\lib\_stream_readable.js:629:20)
[error] 
[error] Error: An unexpected error has occurred.
[debug] [2026-06-09T09:11:43.512Z] Error: EPIPE: broken pipe, write
    at Socket._write (node:internal/net:63:18)
    at writeOrBuffer (node:internal/streams/writable:572:12)
    at _write (node:internal/streams/writable:501:10)
    at Writable.write (node:internal/streams/writable:510:10)
    at Console.log (C:\Users\Nuruzzaman\AppData\Local\npm-cache\_npx\7750544ccf494d8b\node_modules\winston\lib\winston\transports\console.js:87:23)
    at Console._write (C:\Users\Nuruzzaman\AppData\Local\npm-cache\_npx\7750544ccf494d8b\node_modules\winston-transport\modern.js:103:17)
    at doWrite (C:\Users\Nuruzzaman\AppData\Local\npm-cache\_npx\7750544ccf494d8b\node_modules\winston-transport\node_modules\readable-stream\lib\_stream_writable.js:390:139)
    at writeOrBuffer (C:\Users\Nuruzzaman\AppData\Local\npm-cache\_npx\7750544ccf494d8b\node_modules\winston-transport\node_modules\readable-stream\lib\_stream_writable.js:381:5)
    at Writable.write (C:\Users\Nuruzzaman\AppData\Local\npm-cache\_npx\7750544ccf494d8b\node_modules\winston-transport\node_modules\readable-stream\lib\_stream_writable.js:302:11)
    at DerivedLogger.ondata (C:\Users\Nuruzzaman\AppData\Local\npm-cache\_npx\7750544ccf494d8b\node_modules\winston\node_modules\readable-stream\lib\_stream_readable.js:629:20)
[error] 
[error] Error: An unexpected error has occurred.
[debug] [2026-06-09T09:11:43.513Z] Error: EPIPE: broken pipe, write
    at Socket._write (node:internal/net:63:18)
    at writeOrBuffer (node:internal/streams/writable:572:12)
    at _write (node:internal/streams/writable:501:10)
    at Writable.write (node:internal/streams/writable:510:10)
    at Console.log (C:\Users\Nuruzzaman\AppData\Local\npm-cache\_npx\7750544ccf494d8b\node_modules\winston\lib\winston\transports\console.js:87:23)
    at Console._write (C:\Users\Nuruzzaman\AppData\Local\npm-cache\_npx\7750544ccf494d8b\node_modules\winston-transport\modern.js:103:17)
    at doWrite (C:\Users\Nuruzzaman\AppData\Local\npm-cache\_npx\7750544ccf494d8b\node_modules\winston-transport\node_modules\readable-stream\lib\_stream_writable.js:390:139)
    at writeOrBuffer (C:\Users\Nuruzzaman\AppData\Local\npm-cache\_npx\7750544ccf494d8b\node_modules\winston-transport\node_modules\readable-stream\lib\_stream_writable.js:381:5)
    at Writable.write (C:\Users\Nuruzzaman\AppData\Local\npm-cache\_npx\7750544ccf494d8b\node_modules\winston-transport\node_modules\readable-stream\lib\_stream_writable.js:302:11)
    at DerivedLogger.ondata (C:\Users\Nuruzzaman\AppData\Local\npm-cache\_npx\7750544ccf494d8b\node_modules\winston\node_modules\readable-stream\lib\_stream_readable.js:629:20)
[error] 
[error] Error: An unexpected error has occurred.
[debug] [2026-06-09T09:11:43.513Z] Error: EPIPE: broken pipe, write
    at Socket._write (node:internal/net:63:18)
    at writeOrBuffer (node:internal/streams/writable:572:12)
    at _write (node:internal/streams/writable:501:10)
    at Writable.write (node:internal/streams/writable:510:10)
    at Console.log (C:\Users\Nuruzzaman\AppData\Local\npm-cache\_npx\7750544ccf494d8b\node_modules\winston\lib\winston\transports\console.js:87:23)
    at Console._write (C:\Users\Nuruzzaman\AppData\Local\npm-cache\_npx\7750544ccf494d8b\node_modules\winston-transport\modern.js:103:17)
    at doWrite (C:\Users\Nuruzzaman\AppData\Local\npm-cache\_npx\7750544ccf494d8b\node_modules\winston-transport\node_modules\readable-stream\lib\_stream_writable.js:390:139)
    at writeOrBuffer (C:\Users\Nuruzzaman\AppData\Local\npm-cache\_npx\7750544ccf494d8b\node_modules\winston-transport\node_modules\readable-stream\lib\_stream_writable.js:381:5)
    at Writable.write (C:\Users\Nuruzzaman\AppData\Local\npm-cache\_npx\7750544ccf494d8b\node_modules\winston-transport\node_modules\readable-stream\lib\_stream_writable.js:302:11)
    at DerivedLogger.ondata (C:\Users\Nuruzzaman\AppData\Local\npm-cache\_npx\7750544ccf494d8b\node_modules\winston\node_modules\readable-stream\lib\_stream_readable.js:629:20)
[error] 
[error] Error: An unexpected error has occurred.
[debug] [2026-06-09T09:11:43.514Z] Error: EPIPE: broken pipe, write
    at Socket._write (node:internal/net:63:18)
    at writeOrBuffer (node:internal/streams/writable:572:12)
    at _write (node:internal/streams/writable:501:10)
    at Writable.write (node:internal/streams/writable:510:10)
    at Console.log (C:\Users\Nuruzzaman\AppData\Local\npm-cache\_npx\7750544ccf494d8b\node_modules\winston\lib\winston\transports\console.js:87:23)
    at Console._write (C:\Users\Nuruzzaman\AppData\Local\npm-cache\_npx\7750544ccf494d8b\node_modules\winston-transport\modern.js:103:17)
    at doWrite (C:\Users\Nuruzzaman\AppData\Local\npm-cache\_npx\7750544ccf494d8b\node_modules\winston-transport\node_modules\readable-stream\lib\_stream_writable.js:390:139)
    at writeOrBuffer (C:\Users\Nuruzzaman\AppData\Local\npm-cache\_npx\7750544ccf494d8b\node_modules\winston-transport\node_modules\readable-stream\lib\_stream_writable.js:381:5)
    at Writable.write (C:\Users\Nuruzzaman\AppData\Local\npm-cache\_npx\7750544ccf494d8b\node_modules\winston-transport\node_modules\readable-stream\lib\_stream_writable.js:302:11)
    at DerivedLogger.ondata (C:\Users\Nuruzzaman\AppData\Local\npm-cache\_npx\7750544ccf494d8b\node_modules\winston\node_modules\readable-stream\lib\_stream_readable.js:629:20)
[error] 
[error] Error: An unexpected error has occurred.
[debug] [2026-06-09T09:11:43.514Z] Error: EPIPE: broken pipe, write
    at Socket._write (node:internal/net:63:18)
    at writeOrBuffer (node:internal/streams/writable:572:12)
    at _write (node:internal/streams/writable:501:10)
    at Writable.write (node:internal/streams/writable:510:10)
    at Console.log (C:\Users\Nuruzzaman\AppData\Local\npm-cache\_npx\7750544ccf494d8b\node_modules\winston\lib\winston\transports\console.js:87:23)
    at Console._write (C:\Users\Nuruzzaman\AppData\Local\npm-cache\_npx\7750544ccf494d8b\node_modules\winston-transport\modern.js:103:17)
    at doWrite (C:\Users\Nuruzzaman\AppData\Local\npm-cache\_npx\7750544ccf494d8b\node_modules\winston-transport\node_modules\readable-stream\lib\_stream_writable.js:390:139)
    at writeOrBuffer (C:\Users\Nuruzzaman\AppData\Local\npm-cache\_npx\7750544ccf494d8b\node_modules\winston-transport\node_modules\readable-stream\lib\_stream_writable.js:381:5)
    at Writable.write (C:\Users\Nuruzzaman\AppData\Local\npm-cache\_npx\7750544ccf494d8b\node_modules\winston-transport\node_modules\readable-stream\lib\_stream_writable.js:302:11)
    at DerivedLogger.ondata (C:\Users\Nuruzzaman\AppData\Local\npm-cache\_npx\7750544ccf494d8b\node_modules\winston\node_modules\readable-stream\lib\_stream_readable.js:629:20)
[error] 
[error] Error: An unexpected error has occurred.
[debug] [2026-06-09T09:11:43.515Z] Error: EPIPE: broken pipe, write
    at Socket._write (node:internal/net:63:18)
    at writeOrBuffer (node:internal/streams/writable:572:12)
    at _write (node:internal/streams/writable:501:10)
    at Writable.write (node:internal/streams/writable:510:10)
    at Console.log (C:\Users\Nuruzzaman\AppData\Local\npm-cache\_npx\7750544ccf494d8b\node_modules\winston\lib\winston\transports\console.js:87:23)
    at Console._write (C:\Users\Nuruzzaman\AppData\Local\npm-cache\_npx\7750544ccf494d8b\node_modules\winston-transport\modern.js:103:17)
    at doWrite (C:\Users\Nuruzzaman\AppData\Local\npm-cache\_npx\7750544ccf494d8b\node_modules\winston-transport\node_modules\readable-stream\lib\_stream_writable.js:390:139)
    at writeOrBuffer (C:\Users\Nuruzzaman\AppData\Local\npm-cache\_npx\7750544ccf494d8b\node_modules\winston-transport\node_modules\readable-stream\lib\_stream_writable.js:381:5)
    at Writable.write (C:\Users\Nuruzzaman\AppData\Local\npm-cache\_npx\7750544ccf494d8b\node_modules\winston-transport\node_modules\readable-stream\lib\_stream_writable.js:302:11)
    at DerivedLogger.ondata (C:\Users\Nuruzzaman\AppData\Local\npm-cache\_npx\7750544ccf494d8b\node_modules\winston\node_modules\readable-stream\lib\_stream_readable.js:629:20)
[error] 
[error] Error: An unexpected error has occurred.
[debug] [2026-06-09T09:11:43.516Z] Error: EPIPE: broken pipe, write
    at Socket._write (node:internal/net:63:18)
    at writeOrBuffer (node:internal/streams/writable:572:12)
    at _write (node:internal/streams/writable:501:10)
    at Writable.write (node:internal/streams/writable:510:10)
    at Console.log (C:\Users\Nuruzzaman\AppData\Local\npm-cache\_npx\7750544ccf494d8b\node_modules\winston\lib\winston\transports\console.js:87:23)
    at Console._write (C:\Users\Nuruzzaman\AppData\Local\npm-cache\_npx\7750544ccf494d8b\node_modules\winston-transport\modern.js:103:17)
    at doWrite (C:\Users\Nuruzzaman\AppData\Local\npm-cache\_npx\7750544ccf494d8b\node_modules\winston-transport\node_modules\readable-stream\lib\_stream_writable.js:390:139)
    at writeOrBuffer (C:\Users\Nuruzzaman\AppData\Local\npm-cache\_npx\7750544ccf494d8b\node_modules\winston-transport\node_modules\readable-stream\lib\_stream_writable.js:381:5)
    at Writable.write (C:\Users\Nuruzzaman\AppData\Local\npm-cache\_npx\7750544ccf494d8b\node_modules\winston-transport\node_modules\readable-stream\lib\_stream_writable.js:302:11)
    at DerivedLogger.ondata (C:\Users\Nuruzzaman\AppData\Local\npm-cache\_npx\7750544ccf494d8b\node_modules\winston\node_modules\readable-stream\lib\_stream_readable.js:629:20)
[error] 
[error] Error: An unexpected error has occurred.
[debug] [2026-06-09T09:11:43.516Z] Error: EPIPE: broken pipe, write
    at Socket._write (node:internal/net:63:18)
    at writeOrBuffer (node:internal/streams/writable:572:12)
    at _write (node:internal/streams/writable:501:10)
    at Writable.write (node:internal/streams/writable:510:10)
    at Console.log (C:\Users\Nuruzzaman\AppData\Local\npm-cache\_npx\7750544ccf494d8b\node_modules\winston\lib\winston\transports\console.js:87:23)
    at Console._write (C:\Users\Nuruzzaman\AppData\Local\npm-cache\_npx\7750544ccf494d8b\node_modules\winston-transport\modern.js:103:17)
    at doWrite (C:\Users\Nuruzzaman\AppData\Local\npm-cache\_npx\7750544ccf494d8b\node_modules\winston-transport\node_modules\readable-stream\lib\_stream_writable.js:390:139)
    at writeOrBuffer (C:\Users\Nuruzzaman\AppData\Local\npm-cache\_npx\7750544ccf494d8b\node_modules\winston-transport\node_modules\readable-stream\lib\_stream_writable.js:381:5)
    at Writable.write (C:\Users\Nuruzzaman\AppData\Local\npm-cache\_npx\7750544ccf494d8b\node_modules\winston-transport\node_modules\readable-stream\lib\_stream_writable.js:302:11)
    at DerivedLogger.ondata (C:\Users\Nuruzzaman\AppData\Local\npm-cache\_npx\7750544ccf494d8b\node_modules\winston\node_modules\readable-stream\lib\_stream_readable.js:629:20)
[error] 
[error] Error: An unexpected error has occurred.
[debug] [2026-06-09T09:11:43.516Z] Error: EPIPE: broken pipe, write
    at Socket._write (node:internal/net:63:18)
    at writeOrBuffer (node:internal/streams/writable:572:12)
    at _write (node:internal/streams/writable:501:10)
    at Writable.write (node:internal/streams/writable:510:10)
    at Console.log (C:\Users\Nuruzzaman\AppData\Local\npm-cache\_npx\7750544ccf494d8b\node_modules\winston\lib\winston\transports\console.js:87:23)
    at Console._write (C:\Users\Nuruzzaman\AppData\Local\npm-cache\_npx\7750544ccf494d8b\node_modules\winston-transport\modern.js:103:17)
    at doWrite (C:\Users\Nuruzzaman\AppData\Local\npm-cache\_npx\7750544ccf494d8b\node_modules\winston-transport\node_modules\readable-stream\lib\_stream_writable.js:390:139)
    at writeOrBuffer (C:\Users\Nuruzzaman\AppData\Local\npm-cache\_npx\7750544ccf494d8b\node_modules\winston-transport\node_modules\readable-stream\lib\_stream_writable.js:381:5)
    at Writable.write (C:\Users\Nuruzzaman\AppData\Local\npm-cache\_npx\7750544ccf494d8b\node_modules\winston-transport\node_modules\readable-stream\lib\_stream_writable.js:302:11)
    at DerivedLogger.ondata (C:\Users\Nuruzzaman\AppData\Local\npm-cache\_npx\7750544ccf494d8b\node_modules\winston\node_modules\readable-stream\lib\_stream_readable.js:629:20)
[error] 
[error] Error: An unexpected error has occurred.
[debug] [2026-06-09T09:11:43.516Z] Error: EPIPE: broken pipe, write
    at Socket._write (node:internal/net:63:18)
    at writeOrBuffer (node:internal/streams/writable:572:12)
    at _write (node:internal/streams/writable:501:10)
    at Writable.write (node:internal/streams/writable:510:10)
    at Console.log (C:\Users\Nuruzzaman\AppData\Local\npm-cache\_npx\7750544ccf494d8b\node_modules\winston\lib\winston\transports\console.js:87:23)
    at Console._write (C:\Users\Nuruzzaman\AppData\Local\npm-cache\_npx\7750544ccf494d8b\node_modules\winston-transport\modern.js:103:17)
    at doWrite (C:\Users\Nuruzzaman\AppData\Local\npm-cache\_npx\7750544ccf494d8b\node_modules\winston-transport\node_modules\readable-stream\lib\_stream_writable.js:390:139)
    at writeOrBuffer (C:\Users\Nuruzzaman\AppData\Local\npm-cache\_npx\7750544ccf494d8b\node_modules\winston-transport\node_modules\readable-stream\lib\_stream_writable.js:381:5)
    at Writable.write (C:\Users\Nuruzzaman\AppData\Local\npm-cache\_npx\7750544ccf494d8b\node_modules\winston-transport\node_modules\readable-stream\lib\_stream_writable.js:302:11)
    at DerivedLogger.ondata (C:\Users\Nuruzzaman\AppData\Local\npm-cache\_npx\7750544ccf494d8b\node_modules\winston\node_modules\readable-stream\lib\_stream_readable.js:629:20)
[error] 
[error] Error: An unexpected error has occurred.
[debug] [2026-06-09T09:11:43.517Z] Error: EPIPE: broken pipe, write
    at Socket._write (node:internal/net:63:18)
    at writeOrBuffer (node:internal/streams/writable:572:12)
    at _write (node:internal/streams/writable:501:10)
    at Writable.write (node:internal/streams/writable:510:10)
    at Console.log (C:\Users\Nuruzzaman\AppData\Local\npm-cache\_npx\7750544ccf494d8b\node_modules\winston\lib\winston\transports\console.js:87:23)
    at Console._write (C:\Users\Nuruzzaman\AppData\Local\npm-cache\_npx\7750544ccf494d8b\node_modules\winston-transport\modern.js:103:17)
    at doWrite (C:\Users\Nuruzzaman\AppData\Local\npm-cache\_npx\7750544ccf494d8b\node_modules\winston-transport\node_modules\readable-stream\lib\_stream_writable.js:390:139)
    at writeOrBuffer (C:\Users\Nuruzzaman\AppData\Local\npm-cache\_npx\7750544ccf494d8b\node_modules\winston-transport\node_modules\readable-stream\lib\_stream_writable.js:381:5)
    at Writable.write (C:\Users\Nuruzzaman\AppData\Local\npm-cache\_npx\7750544ccf494d8b\node_modules\winston-transport\node_modules\readable-stream\lib\_stream_writable.js:302:11)
    at DerivedLogger.ondata (C:\Users\Nuruzzaman\AppData\Local\npm-cache\_npx\7750544ccf494d8b\node_modules\winston\node_modules\readable-stream\lib\_stream_readable.js:629:20)
[error] 
[error] Error: An unexpected error has occurred.
[debug] [2026-06-09T09:11:43.517Z] Error: EPIPE: broken pipe, write
    at Socket._write (node:internal/net:63:18)
    at writeOrBuffer (node:internal/streams/writable:572:12)
    at _write (node:internal/streams/writable:501:10)
    at Writable.write (node:internal/streams/writable:510:10)
    at Console.log (C:\Users\Nuruzzaman\AppData\Local\npm-cache\_npx\7750544ccf494d8b\node_modules\winston\lib\winston\transports\console.js:87:23)
    at Console._write (C:\Users\Nuruzzaman\AppData\Local\npm-cache\_npx\7750544ccf494d8b\node_modules\winston-transport\modern.js:103:17)
    at doWrite (C:\Users\Nuruzzaman\AppData\Local\npm-cache\_npx\7750544ccf494d8b\node_modules\winston-transport\node_modules\readable-stream\lib\_stream_writable.js:390:139)
    at writeOrBuffer (C:\Users\Nuruzzaman\AppData\Local\npm-cache\_npx\7750544ccf494d8b\node_modules\winston-transport\node_modules\readable-stream\lib\_stream_writable.js:381:5)
    at Writable.write (C:\Users\Nuruzzaman\AppData\Local\npm-cache\_npx\7750544ccf494d8b\node_modules\winston-transport\node_modules\readable-stream\lib\_stream_writable.js:302:11)
    at DerivedLogger.ondata (C:\Users\Nuruzzaman\AppData\Local\npm-cache\_npx\7750544ccf494d8b\node_modules\winston\node_modules\readable-stream\lib\_stream_readable.js:629:20)
[error] 
[error] Error: An unexpected error has occurred.
[debug] [2026-06-09T09:11:43.518Z] Error: EPIPE: broken pipe, write
    at Socket._write (node:internal/net:63:18)
    at writeOrBuffer (node:internal/streams/writable:572:12)
    at _write (node:internal/streams/writable:501:10)
    at Writable.write (node:internal/streams/writable:510:10)
    at Console.log (C:\Users\Nuruzzaman\AppData\Local\npm-cache\_npx\7750544ccf494d8b\node_modules\winston\lib\winston\transports\console.js:87:23)
    at Console._write (C:\Users\Nuruzzaman\AppData\Local\npm-cache\_npx\7750544ccf494d8b\node_modules\winston-transport\modern.js:103:17)
    at doWrite (C:\Users\Nuruzzaman\AppData\Local\npm-cache\_npx\7750544ccf494d8b\node_modules\winston-transport\node_modules\readable-stream\lib\_stream_writable.js:390:139)
    at writeOrBuffer (C:\Users\Nuruzzaman\AppData\Local\npm-cache\_npx\7750544ccf494d8b\node_modules\winston-transport\node_modules\readable-stream\lib\_stream_writable.js:381:5)
    at Writable.write (C:\Users\Nuruzzaman\AppData\Local\npm-cache\_npx\7750544ccf494d8b\node_modules\winston-transport\node_modules\readable-stream\lib\_stream_writable.js:302:11)
    at DerivedLogger.ondata (C:\Users\Nuruzzaman\AppData\Local\npm-cache\_npx\7750544ccf494d8b\node_modules\winston\node_modules\readable-stream\lib\_stream_readable.js:629:20)
[error] 
[error] Error: An unexpected error has occurred.
[debug] [2026-06-09T09:11:43.518Z] Error: EPIPE: broken pipe, write
    at Socket._write (node:internal/net:63:18)
    at writeOrBuffer (node:internal/streams/writable:572:12)
    at _write (node:internal/streams/writable:501:10)
    at Writable.write (node:internal/streams/writable:510:10)
    at Console.log (C:\Users\Nuruzzaman\AppData\Local\npm-cache\_npx\7750544ccf494d8b\node_modules\winston\lib\winston\transports\console.js:87:23)
    at Console._write (C:\Users\Nuruzzaman\AppData\Local\npm-cache\_npx\7750544ccf494d8b\node_modules\winston-transport\modern.js:103:17)
    at doWrite (C:\Users\Nuruzzaman\AppData\Local\npm-cache\_npx\7750544ccf494d8b\node_modules\winston-transport\node_modules\readable-stream\lib\_stream_writable.js:390:139)
    at writeOrBuffer (C:\Users\Nuruzzaman\AppData\Local\npm-cache\_npx\7750544ccf494d8b\node_modules\winston-transport\node_modules\readable-stream\lib\_stream_writable.js:381:5)
    at Writable.write (C:\Users\Nuruzzaman\AppData\Local\npm-cache\_npx\7750544ccf494d8b\node_modules\winston-transport\node_modules\readable-stream\lib\_stream_writable.js:302:11)
    at DerivedLogger.ondata (C:\Users\Nuruzzaman\AppData\Local\npm-cache\_npx\7750544ccf494d8b\node_modules\winston\node_modules\readable-stream\lib\_stream_readable.js:629:20)
[error] 
[error] Error: An unexpected error has occurred.
[debug] [2026-06-09T09:11:43.519Z] Error: EPIPE: broken pipe, write
    at Socket._write (node:internal/net:63:18)
    at writeOrBuffer (node:internal/streams/writable:572:12)
    at _write (node:internal/streams/writable:501:10)
    at Writable.write (node:internal/streams/writable:510:10)
    at Console.log (C:\Users\Nuruzzaman\AppData\Local\npm-cache\_npx\7750544ccf494d8b\node_modules\winston\lib\winston\transports\console.js:87:23)
    at Console._write (C:\Users\Nuruzzaman\AppData\Local\npm-cache\_npx\7750544ccf494d8b\node_modules\winston-transport\modern.js:103:17)
    at doWrite (C:\Users\Nuruzzaman\AppData\Local\npm-cache\_npx\7750544ccf494d8b\node_modules\winston-transport\node_modules\readable-stream\lib\_stream_writable.js:390:139)
    at writeOrBuffer (C:\Users\Nuruzzaman\AppData\Local\npm-cache\_npx\7750544ccf494d8b\node_modules\winston-transport\node_modules\readable-stream\lib\_stream_writable.js:381:5)
    at Writable.write (C:\Users\Nuruzzaman\AppData\Local\npm-cache\_npx\7750544ccf494d8b\node_modules\winston-transport\node_modules\readable-stream\lib\_stream_writable.js:302:11)
    at DerivedLogger.ondata (C:\Users\Nuruzzaman\AppData\Local\npm-cache\_npx\7750544ccf494d8b\node_modules\winston\node_modules\readable-stream\lib\_stream_readable.js:629:20)
[error] 
[error] Error: An unexpected error has occurred.
[debug] [2026-06-09T09:11:43.519Z] Error: EPIPE: broken pipe, write
    at Socket._write (node:internal/net:63:18)
    at writeOrBuffer (node:internal/streams/writable:572:12)
    at _write (node:internal/streams/writable:501:10)
    at Writable.write (node:internal/streams/writable:510:10)
    at Console.log (C:\Users\Nuruzzaman\AppData\Local\npm-cache\_npx\7750544ccf494d8b\node_modules\winston\lib\winston\transports\console.js:87:23)
    at Console._write (C:\Users\Nuruzzaman\AppData\Local\npm-cache\_npx\7750544ccf494d8b\node_modules\winston-transport\modern.js:103:17)
    at doWrite (C:\Users\Nuruzzaman\AppData\Local\npm-cache\_npx\7750544ccf494d8b\node_modules\winston-transport\node_modules\readable-stream\lib\_stream_writable.js:390:139)
    at writeOrBuffer (C:\Users\Nuruzzaman\AppData\Local\npm-cache\_npx\7750544ccf494d8b\node_modules\winston-transport\node_modules\readable-stream\lib\_stream_writable.js:381:5)
    at Writable.write (C:\Users\Nuruzzaman\AppData\Local\npm-cache\_npx\7750544ccf494d8b\node_modules\winston-transport\node_modules\readable-stream\lib\_stream_writable.js:302:11)
    at DerivedLogger.ondata (C:\Users\Nuruzzaman\AppData\Local\npm-cache\_npx\7750544ccf494d8b\node_modules\winston\node_modules\readable-stream\lib\_stream_readable.js:629:20)
[error] 
[error] Error: An unexpected error has occurred.
[debug] [2026-06-09T09:11:43.519Z] Error: EPIPE: broken pipe, write
    at Socket._write (node:internal/net:63:18)
    at writeOrBuffer (node:internal/streams/writable:572:12)
    at _write (node:internal/streams/writable:501:10)
    at Writable.write (node:internal/streams/writable:510:10)
    at Console.log (C:\Users\Nuruzzaman\AppData\Local\npm-cache\_npx\7750544ccf494d8b\node_modules\winston\lib\winston\transports\console.js:87:23)
    at Console._write (C:\Users\Nuruzzaman\AppData\Local\npm-cache\_npx\7750544ccf494d8b\node_modules\winston-transport\modern.js:103:17)
    at doWrite (C:\Users\Nuruzzaman\AppData\Local\npm-cache\_npx\7750544ccf494d8b\node_modules\winston-transport\node_modules\readable-stream\lib\_stream_writable.js:390:139)
    at writeOrBuffer (C:\Users\Nuruzzaman\AppData\Local\npm-cache\_npx\7750544ccf494d8b\node_modules\winston-transport\node_modules\readable-stream\lib\_stream_writable.js:381:5)
    at Writable.write (C:\Users\Nuruzzaman\AppData\Local\npm-cache\_npx\7750544ccf494d8b\node_modules\winston-transport\node_modules\readable-stream\lib\_stream_writable.js:302:11)
    at DerivedLogger.ondata (C:\Users\Nuruzzaman\AppData\Local\npm-cache\_npx\7750544ccf494d8b\node_modules\winston\node_modules\readable-stream\lib\_stream_readable.js:629:20)
[error] 
[error] Error: An unexpected error has occurred.
[debug] [2026-06-09T09:11:43.519Z] Error: EPIPE: broken pipe, write
    at Socket._write (node:internal/net:63:18)
    at writeOrBuffer (node:internal/streams/writable:572:12)
    at _write (node:internal/streams/writable:501:10)
    at Writable.write (node:internal/streams/writable:510:10)
    at Console.log (C:\Users\Nuruzzaman\AppData\Local\npm-cache\_npx\7750544ccf494d8b\node_modules\winston\lib\winston\transports\console.js:87:23)
    at Console._write (C:\Users\Nuruzzaman\AppData\Local\npm-cache\_npx\7750544ccf494d8b\node_modules\winston-transport\modern.js:103:17)
    at doWrite (C:\Users\Nuruzzaman\AppData\Local\npm-cache\_npx\7750544ccf494d8b\node_modules\winston-transport\node_modules\readable-stream\lib\_stream_writable.js:390:139)
    at writeOrBuffer (C:\Users\Nuruzzaman\AppData\Local\npm-cache\_npx\7750544ccf494d8b\node_modules\winston-transport\node_modules\readable-stream\lib\_stream_writable.js:381:5)
    at Writable.write (C:\Users\Nuruzzaman\AppData\Local\npm-cache\_npx\7750544ccf494d8b\node_modules\winston-transport\node_modules\readable-stream\lib\_stream_writable.js:302:11)
    at DerivedLogger.ondata (C:\Users\Nuruzzaman\AppData\Local\npm-cache\_npx\7750544ccf494d8b\node_modules\winston\node_modules\readable-stream\lib\_stream_readable.js:629:20)
[error] 
[error] Error: An unexpected error has occurred.
[debug] [2026-06-09T09:11:43.520Z] Error: EPIPE: broken pipe, write
    at Socket._write (node:internal/net:63:18)
    at writeOrBuffer (node:internal/streams/writable:572:12)
    at _write (node:internal/streams/writable:501:10)
    at Writable.write (node:internal/streams/writable:510:10)
    at Console.log (C:\Users\Nuruzzaman\AppData\Local\npm-cache\_npx\7750544ccf494d8b\node_modules\winston\lib\winston\transports\console.js:87:23)
    at Console._write (C:\Users\Nuruzzaman\AppData\Local\npm-cache\_npx\7750544ccf494d8b\node_modules\winston-transport\modern.js:103:17)
    at doWrite (C:\Users\Nuruzzaman\AppData\Local\npm-cache\_npx\7750544ccf494d8b\node_modules\winston-transport\node_modules\readable-stream\lib\_stream_writable.js:390:139)
    at writeOrBuffer (C:\Users\Nuruzzaman\AppData\Local\npm-cache\_npx\7750544ccf494d8b\node_modules\winston-transport\node_modules\readable-stream\lib\_stream_writable.js:381:5)
    at Writable.write (C:\Users\Nuruzzaman\AppData\Local\npm-cache\_npx\7750544ccf494d8b\node_modules\winston-transport\node_modules\readable-stream\lib\_stream_writable.js:302:11)
    at DerivedLogger.ondata (C:\Users\Nuruzzaman\AppData\Local\npm-cache\_npx\7750544ccf494d8b\node_modules\winston\node_modules\readable-stream\lib\_stream_readable.js:629:20)
[error] 
[error] Error: An unexpected error has occurred.
[debug] [2026-06-09T09:11:43.520Z] Error: EPIPE: broken pipe, write
    at Socket._write (node:internal/net:63:18)
    at writeOrBuffer (node:internal/streams/writable:572:12)
    at _write (node:internal/streams/writable:501:10)
    at Writable.write (node:internal/streams/writable:510:10)
    at Console.log (C:\Users\Nuruzzaman\AppData\Local\npm-cache\_npx\7750544ccf494d8b\node_modules\winston\lib\winston\transports\console.js:87:23)
    at Console._write (C:\Users\Nuruzzaman\AppData\Local\npm-cache\_npx\7750544ccf494d8b\node_modules\winston-transport\modern.js:103:17)
    at doWrite (C:\Users\Nuruzzaman\AppData\Local\npm-cache\_npx\7750544ccf494d8b\node_modules\winston-transport\node_modules\readable-stream\lib\_stream_writable.js:390:139)
    at writeOrBuffer (C:\Users\Nuruzzaman\AppData\Local\npm-cache\_npx\7750544ccf494d8b\node_modules\winston-transport\node_modules\readable-stream\lib\_stream_writable.js:381:5)
    at Writable.write (C:\Users\Nuruzzaman\AppData\Local\npm-cache\_npx\7750544ccf494d8b\node_modules\winston-transport\node_modules\readable-stream\lib\_stream_writable.js:302:11)
    at DerivedLogger.ondata (C:\Users\Nuruzzaman\AppData\Local\npm-cache\_npx\7750544ccf494d8b\node_modules\winston\node_modules\readable-stream\lib\_stream_readable.js:629:20)
[error] 
[error] Error: An unexpected error has occurred.
[debug] [2026-06-09T09:11:43.520Z] Error: EPIPE: broken pipe, write
    at Socket._write (node:internal/net:63:18)
    at writeOrBuffer (node:internal/streams/writable:572:12)
    at _write (node:internal/streams/writable:501:10)
    at Writable.write (node:internal/streams/writable:510:10)
    at Console.log (C:\Users\Nuruzzaman\AppData\Local\npm-cache\_npx\7750544ccf494d8b\node_modules\winston\lib\winston\transports\console.js:87:23)
    at Console._write (C:\Users\Nuruzzaman\AppData\Local\npm-cache\_npx\7750544ccf494d8b\node_modules\winston-transport\modern.js:103:17)
    at doWrite (C:\Users\Nuruzzaman\AppData\Local\npm-cache\_npx\7750544ccf494d8b\node_modules\winston-transport\node_modules\readable-stream\lib\_stream_writable.js:390:139)
    at writeOrBuffer (C:\Users\Nuruzzaman\AppData\Local\npm-cache\_npx\7750544ccf494d8b\node_modules\winston-transport\node_modules\readable-stream\lib\_stream_writable.js:381:5)
    at Writable.write (C:\Users\Nuruzzaman\AppData\Local\npm-cache\_npx\7750544ccf494d8b\node_modules\winston-transport\node_modules\readable-stream\lib\_stream_writable.js:302:11)
    at DerivedLogger.ondata (C:\Users\Nuruzzaman\AppData\Local\npm-cache\_npx\7750544ccf494d8b\node_modules\winston\node_modules\readable-stream\lib\_stream_readable.js:629:20)
[error] 
[error] Error: An unexpected error has occurred.
[debug] [2026-06-09T09:11:43.520Z] Error: EPIPE: broken pipe, write
    at Socket._write (node:internal/net:63:18)
    at writeOrBuffer (node:internal/streams/writable:572:12)
    at _write (node:internal/streams/writable:501:10)
    at Writable.write (node:internal/streams/writable:510:10)
    at Console.log (C:\Users\Nuruzzaman\AppData\Local\npm-cache\_npx\7750544ccf494d8b\node_modules\winston\lib\winston\transports\console.js:87:23)
    at Console._write (C:\Users\Nuruzzaman\AppData\Local\npm-cache\_npx\7750544ccf494d8b\node_modules\winston-transport\modern.js:103:17)
    at doWrite (C:\Users\Nuruzzaman\AppData\Local\npm-cache\_npx\7750544ccf494d8b\node_modules\winston-transport\node_modules\readable-stream\lib\_stream_writable.js:390:139)
    at writeOrBuffer (C:\Users\Nuruzzaman\AppData\Local\npm-cache\_npx\7750544ccf494d8b\node_modules\winston-transport\node_modules\readable-stream\lib\_stream_writable.js:381:5)
    at Writable.write (C:\Users\Nuruzzaman\AppData\Local\npm-cache\_npx\7750544ccf494d8b\node_modules\winston-transport\node_modules\readable-stream\lib\_stream_writable.js:302:11)
    at DerivedLogger.ondata (C:\Users\Nuruzzaman\AppData\Local\npm-cache\_npx\7750544ccf494d8b\node_modules\winston\node_modules\readable-stream\lib\_stream_readable.js:629:20)
[error] 
[error] Error: An unexpected error has occurred.
[debug] [2026-06-09T09:11:43.520Z] Error: EPIPE: broken pipe, write
    at Socket._write (node:internal/net:63:18)
    at writeOrBuffer (node:internal/streams/writable:572:12)
    at _write (node:internal/streams/writable:501:10)
    at Writable.write (node:internal/streams/writable:510:10)
    at Console.log (C:\Users\Nuruzzaman\AppData\Local\npm-cache\_npx\7750544ccf494d8b\node_modules\winston\lib\winston\transports\console.js:87:23)
    at Console._write (C:\Users\Nuruzzaman\AppData\Local\npm-cache\_npx\7750544ccf494d8b\node_modules\winston-transport\modern.js:103:17)
    at doWrite (C:\Users\Nuruzzaman\AppData\Local\npm-cache\_npx\7750544ccf494d8b\node_modules\winston-transport\node_modules\readable-stream\lib\_stream_writable.js:390:139)
    at writeOrBuffer (C:\Users\Nuruzzaman\AppData\Local\npm-cache\_npx\7750544ccf494d8b\node_modules\winston-transport\node_modules\readable-stream\lib\_stream_writable.js:381:5)
    at Writable.write (C:\Users\Nuruzzaman\AppData\Local\npm-cache\_npx\7750544ccf494d8b\node_modules\winston-transport\node_modules\readable-stream\lib\_stream_writable.js:302:11)
    at DerivedLogger.ondata (C:\Users\Nuruzzaman\AppData\Local\npm-cache\_npx\7750544ccf494d8b\node_modules\winston\node_modules\readable-stream\lib\_stream_readable.js:629:20)
[error] 
[error] Error: An unexpected error has occurred.
[debug] [2026-06-09T09:11:43.521Z] Error: EPIPE: broken pipe, write
    at Socket._write (node:internal/net:63:18)
    at writeOrBuffer (node:internal/streams/writable:572:12)
    at _write (node:internal/streams/writable:501:10)
    at Writable.write (node:internal/streams/writable:510:10)
    at Console.log (C:\Users\Nuruzzaman\AppData\Local\npm-cache\_npx\7750544ccf494d8b\node_modules\winston\lib\winston\transports\console.js:87:23)
    at Console._write (C:\Users\Nuruzzaman\AppData\Local\npm-cache\_npx\7750544ccf494d8b\node_modules\winston-transport\modern.js:103:17)
    at doWrite (C:\Users\Nuruzzaman\AppData\Local\npm-cache\_npx\7750544ccf494d8b\node_modules\winston-transport\node_modules\readable-stream\lib\_stream_writable.js:390:139)
    at writeOrBuffer (C:\Users\Nuruzzaman\AppData\Local\npm-cache\_npx\7750544ccf494d8b\node_modules\winston-transport\node_modules\readable-stream\lib\_stream_writable.js:381:5)
    at Writable.write (C:\Users\Nuruzzaman\AppData\Local\npm-cache\_npx\7750544ccf494d8b\node_modules\winston-transport\node_modules\readable-stream\lib\_stream_writable.js:302:11)
    at DerivedLogger.ondata (C:\Users\Nuruzzaman\AppData\Local\npm-cache\_npx\7750544ccf494d8b\node_modules\winston\node_modules\readable-stream\lib\_stream_readable.js:629:20)
[error] 
[error] Error: An unexpected error has occurred.
[debug] [2026-06-09T09:11:43.521Z] Error: EPIPE: broken pipe, write
    at Socket._write (node:internal/net:63:18)
    at writeOrBuffer (node:internal/streams/writable:572:12)
    at _write (node:internal/streams/writable:501:10)
    at Writable.write (node:internal/streams/writable:510:10)
    at Console.log (C:\Users\Nuruzzaman\AppData\Local\npm-cache\_npx\7750544ccf494d8b\node_modules\winston\lib\winston\transports\console.js:87:23)
    at Console._write (C:\Users\Nuruzzaman\AppData\Local\npm-cache\_npx\7750544ccf494d8b\node_modules\winston-transport\modern.js:103:17)
    at doWrite (C:\Users\Nuruzzaman\AppData\Local\npm-cache\_npx\7750544ccf494d8b\node_modules\winston-transport\node_modules\readable-stream\lib\_stream_writable.js:390:139)
    at writeOrBuffer (C:\Users\Nuruzzaman\AppData\Local\npm-cache\_npx\7750544ccf494d8b\node_modules\winston-transport\node_modules\readable-stream\lib\_stream_writable.js:381:5)
    at Writable.write (C:\Users\Nuruzzaman\AppData\Local\npm-cache\_npx\7750544ccf494d8b\node_modules\winston-transport\node_modules\readable-stream\lib\_stream_writable.js:302:11)
    at DerivedLogger.ondata (C:\Users\Nuruzzaman\AppData\Local\npm-cache\_npx\7750544ccf494d8b\node_modules\winston\node_modules\readable-stream\lib\_stream_readable.js:629:20)
[error] 
[error] Error: An unexpected error has occurred.
[debug] [2026-06-09T09:11:43.522Z] Error: EPIPE: broken pipe, write
    at Socket._write (node:internal/net:63:18)
    at writeOrBuffer (node:internal/streams/writable:572:12)
    at _write (node:internal/streams/writable:501:10)
    at Writable.write (node:internal/streams/writable:510:10)
    at Console.log (C:\Users\Nuruzzaman\AppData\Local\npm-cache\_npx\7750544ccf494d8b\node_modules\winston\lib\winston\transports\console.js:87:23)
    at Console._write (C:\Users\Nuruzzaman\AppData\Local\npm-cache\_npx\7750544ccf494d8b\node_modules\winston-transport\modern.js:103:17)
    at doWrite (C:\Users\Nuruzzaman\AppData\Local\npm-cache\_npx\7750544ccf494d8b\node_modules\winston-transport\node_modules\readable-stream\lib\_stream_writable.js:390:139)
    at writeOrBuffer (C:\Users\Nuruzzaman\AppData\Local\npm-cache\_npx\7750544ccf494d8b\node_modules\winston-transport\node_modules\readable-stream\lib\_stream_writable.js:381:5)
    at Writable.write (C:\Users\Nuruzzaman\AppData\Local\npm-cache\_npx\7750544ccf494d8b\node_modules\winston-transport\node_modules\readable-stream\lib\_stream_writable.js:302:11)
    at DerivedLogger.ondata (C:\Users\Nuruzzaman\AppData\Local\npm-cache\_npx\7750544ccf494d8b\node_modules\winston\node_modules\readable-stream\lib\_stream_readable.js:629:20)
[error] 
[error] Error: An unexpected error has occurred.
[debug] [2026-06-09T09:11:43.523Z] Error: EPIPE: broken pipe, write
    at Socket._write (node:internal/net:63:18)
    at writeOrBuffer (node:internal/streams/writable:572:12)
    at _write (node:internal/streams/writable:501:10)
    at Writable.write (node:internal/streams/writable:510:10)
    at Console.log (C:\Users\Nuruzzaman\AppData\Local\npm-cache\_npx\7750544ccf494d8b\node_modules\winston\lib\winston\transports\console.js:87:23)
    at Console._write (C:\Users\Nuruzzaman\AppData\Local\npm-cache\_npx\7750544ccf494d8b\node_modules\winston-transport\modern.js:103:17)
    at doWrite (C:\Users\Nuruzzaman\AppData\Local\npm-cache\_npx\7750544ccf494d8b\node_modules\winston-transport\node_modules\readable-stream\lib\_stream_writable.js:390:139)
    at writeOrBuffer (C:\Users\Nuruzzaman\AppData\Local\npm-cache\_npx\7750544ccf494d8b\node_modules\winston-transport\node_modules\readable-stream\lib\_stream_writable.js:381:5)
    at Writable.write (C:\Users\Nuruzzaman\AppData\Local\npm-cache\_npx\7750544ccf494d8b\node_modules\winston-transport\node_modules\readable-stream\lib\_stream_writable.js:302:11)
    at DerivedLogger.ondata (C:\Users\Nuruzzaman\AppData\Local\npm-cache\_npx\7750544ccf494d8b\node_modules\winston\node_modules\readable-stream\lib\_stream_readable.js:629:20)
[error] 
[error] Error: An unexpected error has occurred.
[debug] [2026-06-09T09:11:43.523Z] Error: EPIPE: broken pipe, write
    at Socket._write (node:internal/net:63:18)
    at writeOrBuffer (node:internal/streams/writable:572:12)
    at _write (node:internal/streams/writable:501:10)
    at Writable.write (node:internal/streams/writable:510:10)
    at Console.log (C:\Users\Nuruzzaman\AppData\Local\npm-cache\_npx\7750544ccf494d8b\node_modules\winston\lib\winston\transports\console.js:87:23)
    at Console._write (C:\Users\Nuruzzaman\AppData\Local\npm-cache\_npx\7750544ccf494d8b\node_modules\winston-transport\modern.js:103:17)
    at doWrite (C:\Users\Nuruzzaman\AppData\Local\npm-cache\_npx\7750544ccf494d8b\node_modules\winston-transport\node_modules\readable-stream\lib\_stream_writable.js:390:139)
    at writeOrBuffer (C:\Users\Nuruzzaman\AppData\Local\npm-cache\_npx\7750544ccf494d8b\node_modules\winston-transport\node_modules\readable-stream\lib\_stream_writable.js:381:5)
    at Writable.write (C:\Users\Nuruzzaman\AppData\Local\npm-cache\_npx\7750544ccf494d8b\node_modules\winston-transport\node_modules\readable-stream\lib\_stream_writable.js:302:11)
    at DerivedLogger.ondata (C:\Users\Nuruzzaman\AppData\Local\npm-cache\_npx\7750544ccf494d8b\node_modules\winston\node_modules\readable-stream\lib\_stream_readable.js:629:20)
[error] 
[error] Error: An unexpected error has occurred.
[debug] [2026-06-09T09:11:43.524Z] Error: EPIPE: broken pipe, write
    at Socket._write (node:internal/net:63:18)
    at writeOrBuffer (node:internal/streams/writable:572:12)
    at _write (node:internal/streams/writable:501:10)
    at Writable.write (node:internal/streams/writable:510:10)
    at Console.log (C:\Users\Nuruzzaman\AppData\Local\npm-cache\_npx\7750544ccf494d8b\node_modules\winston\lib\winston\transports\console.js:87:23)
    at Console._write (C:\Users\Nuruzzaman\AppData\Local\npm-cache\_npx\7750544ccf494d8b\node_modules\winston-transport\modern.js:103:17)
    at doWrite (C:\Users\Nuruzzaman\AppData\Local\npm-cache\_npx\7750544ccf494d8b\node_modules\winston-transport\node_modules\readable-stream\lib\_stream_writable.js:390:139)
    at writeOrBuffer (C:\Users\Nuruzzaman\AppData\Local\npm-cache\_npx\7750544ccf494d8b\node_modules\winston-transport\node_modules\readable-stream\lib\_stream_writable.js:381:5)
    at Writable.write (C:\Users\Nuruzzaman\AppData\Local\npm-cache\_npx\7750544ccf494d8b\node_modules\winston-transport\node_modules\readable-stream\lib\_stream_writable.js:302:11)
    at DerivedLogger.ondata (C:\Users\Nuruzzaman\AppData\Local\npm-cache\_npx\7750544ccf494d8b\node_modules\winston\node_modules\readable-stream\lib\_stream_readable.js:629:20)
[error] 
[error] Error: An unexpected error has occurred.
[debug] [2026-06-09T09:11:43.524Z] Error: EPIPE: broken pipe, write
    at Socket._write (node:internal/net:63:18)
    at writeOrBuffer (node:internal/streams/writable:572:12)
    at _write (node:internal/streams/writable:501:10)
    at Writable.write (node:internal/streams/writable:510:10)
    at Console.log (C:\Users\Nuruzzaman\AppData\Local\npm-cache\_npx\7750544ccf494d8b\node_modules\winston\lib\winston\transports\console.js:87:23)
    at Console._write (C:\Users\Nuruzzaman\AppData\Local\npm-cache\_npx\7750544ccf494d8b\node_modules\winston-transport\modern.js:103:17)
    at doWrite (C:\Users\Nuruzzaman\AppData\Local\npm-cache\_npx\7750544ccf494d8b\node_modules\winston-transport\node_modules\readable-stream\lib\_stream_writable.js:390:139)
    at writeOrBuffer (C:\Users\Nuruzzaman\AppData\Local\npm-cache\_npx\7750544ccf494d8b\node_modules\winston-transport\node_modules\readable-stream\lib\_stream_writable.js:381:5)
    at Writable.write (C:\Users\Nuruzzaman\AppData\Local\npm-cache\_npx\7750544ccf494d8b\node_modules\winston-transport\node_modules\readable-stream\lib\_stream_writable.js:302:11)
    at DerivedLogger.ondata (C:\Users\Nuruzzaman\AppData\Local\npm-cache\_npx\7750544ccf494d8b\node_modules\winston\node_modules\readable-stream\lib\_stream_readable.js:629:20)
[error] 
[error] Error: An unexpected error has occurred.
[debug] [2026-06-09T09:11:43.524Z] Error: EPIPE: broken pipe, write
    at Socket._write (node:internal/net:63:18)
    at writeOrBuffer (node:internal/streams/writable:572:12)
    at _write (node:internal/streams/writable:501:10)
    at Writable.write (node:internal/streams/writable:510:10)
    at Console.log (C:\Users\Nuruzzaman\AppData\Local\npm-cache\_npx\7750544ccf494d8b\node_modules\winston\lib\winston\transports\console.js:87:23)
    at Console._write (C:\Users\Nuruzzaman\AppData\Local\npm-cache\_npx\7750544ccf494d8b\node_modules\winston-transport\modern.js:103:17)
    at doWrite (C:\Users\Nuruzzaman\AppData\Local\npm-cache\_npx\7750544ccf494d8b\node_modules\winston-transport\node_modules\readable-stream\lib\_stream_writable.js:390:139)
    at writeOrBuffer (C:\Users\Nuruzzaman\AppData\Local\npm-cache\_npx\7750544ccf494d8b\node_modules\winston-transport\node_modules\readable-stream\lib\_stream_writable.js:381:5)
    at Writable.write (C:\Users\Nuruzzaman\AppData\Local\npm-cache\_npx\7750544ccf494d8b\node_modules\winston-transport\node_modules\readable-stream\lib\_stream_writable.js:302:11)
    at DerivedLogger.ondata (C:\Users\Nuruzzaman\AppData\Local\npm-cache\_npx\7750544ccf494d8b\node_modules\winston\node_modules\readable-stream\lib\_stream_readable.js:629:20)
[error] 
[error] Error: An unexpected error has occurred.
[debug] [2026-06-09T09:11:43.524Z] Error: EPIPE: broken pipe, write
    at Socket._write (node:internal/net:63:18)
    at writeOrBuffer (node:internal/streams/writable:572:12)
    at _write (node:internal/streams/writable:501:10)
    at Writable.write (node:internal/streams/writable:510:10)
    at Console.log (C:\Users\Nuruzzaman\AppData\Local\npm-cache\_npx\7750544ccf494d8b\node_modules\winston\lib\winston\transports\console.js:87:23)
    at Console._write (C:\Users\Nuruzzaman\AppData\Local\npm-cache\_npx\7750544ccf494d8b\node_modules\winston-transport\modern.js:103:17)
    at doWrite (C:\Users\Nuruzzaman\AppData\Local\npm-cache\_npx\7750544ccf494d8b\node_modules\winston-transport\node_modules\readable-stream\lib\_stream_writable.js:390:139)
    at writeOrBuffer (C:\Users\Nuruzzaman\AppData\Local\npm-cache\_npx\7750544ccf494d8b\node_modules\winston-transport\node_modules\readable-stream\lib\_stream_writable.js:381:5)
    at Writable.write (C:\Users\Nuruzzaman\AppData\Local\npm-cache\_npx\7750544ccf494d8b\node_modules\winston-transport\node_modules\readable-stream\lib\_stream_writable.js:302:11)
    at DerivedLogger.ondata (C:\Users\Nuruzzaman\AppData\Local\npm-cache\_npx\7750544ccf494d8b\node_modules\winston\node_modules\readable-stream\lib\_stream_readable.js:629:20)
[error] 
[error] Error: An unexpected error has occurred.
[debug] [2026-06-09T09:11:43.525Z] Error: EPIPE: broken pipe, write
    at Socket._write (node:internal/net:63:18)
    at writeOrBuffer (node:internal/streams/writable:572:12)
    at _write (node:internal/streams/writable:501:10)
    at Writable.write (node:internal/streams/writable:510:10)
    at Console.log (C:\Users\Nuruzzaman\AppData\Local\npm-cache\_npx\7750544ccf494d8b\node_modules\winston\lib\winston\transports\console.js:87:23)
    at Console._write (C:\Users\Nuruzzaman\AppData\Local\npm-cache\_npx\7750544ccf494d8b\node_modules\winston-transport\modern.js:103:17)
    at doWrite (C:\Users\Nuruzzaman\AppData\Local\npm-cache\_npx\7750544ccf494d8b\node_modules\winston-transport\node_modules\readable-stream\lib\_stream_writable.js:390:139)
    at writeOrBuffer (C:\Users\Nuruzzaman\AppData\Local\npm-cache\_npx\7750544ccf494d8b\node_modules\winston-transport\node_modules\readable-stream\lib\_stream_writable.js:381:5)
    at Writable.write (C:\Users\Nuruzzaman\AppData\Local\npm-cache\_npx\7750544ccf494d8b\node_modules\winston-transport\node_modules\readable-stream\lib\_stream_writable.js:302:11)
    at DerivedLogger.ondata (C:\Users\Nuruzzaman\AppData\Local\npm-cache\_npx\7750544ccf494d8b\node_modules\winston\node_modules\readable-stream\lib\_stream_readable.js:629:20)
[error] 
[error] Error: An unexpected error has occurred.
[debug] [2026-06-09T09:11:43.525Z] Error: EPIPE: broken pipe, write
    at Socket._write (node:internal/net:63:18)
    at writeOrBuffer (node:internal/streams/writable:572:12)
    at _write (node:internal/streams/writable:501:10)
    at Writable.write (node:internal/streams/writable:510:10)
    at Console.log (C:\Users\Nuruzzaman\AppData\Local\npm-cache\_npx\7750544ccf494d8b\node_modules\winston\lib\winston\transports\console.js:87:23)
    at Console._write (C:\Users\Nuruzzaman\AppData\Local\npm-cache\_npx\7750544ccf494d8b\node_modules\winston-transport\modern.js:103:17)
    at doWrite (C:\Users\Nuruzzaman\AppData\Local\npm-cache\_npx\7750544ccf494d8b\node_modules\winston-transport\node_modules\readable-stream\lib\_stream_writable.js:390:139)
    at writeOrBuffer (C:\Users\Nuruzzaman\AppData\Local\npm-cache\_npx\7750544ccf494d8b\node_modules\winston-transport\node_modules\readable-stream\lib\_stream_writable.js:381:5)
    at Writable.write (C:\Users\Nuruzzaman\AppData\Local\npm-cache\_npx\7750544ccf494d8b\node_modules\winston-transport\node_modules\readable-stream\lib\_stream_writable.js:302:11)
    at DerivedLogger.ondata (C:\Users\Nuruzzaman\AppData\Local\npm-cache\_npx\7750544ccf494d8b\node_modules\winston\node_modules\readable-stream\lib\_stream_readable.js:629:20)
[error] 
[error] Error: An unexpected error has occurred.
[debug] [2026-06-09T09:11:43.525Z] Error: EPIPE: broken pipe, write
    at Socket._write (node:internal/net:63:18)
    at writeOrBuffer (node:internal/streams/writable:572:12)
    at _write (node:internal/streams/writable:501:10)
    at Writable.write (node:internal/streams/writable:510:10)
    at Console.log (C:\Users\Nuruzzaman\AppData\Local\npm-cache\_npx\7750544ccf494d8b\node_modules\winston\lib\winston\transports\console.js:87:23)
    at Console._write (C:\Users\Nuruzzaman\AppData\Local\npm-cache\_npx\7750544ccf494d8b\node_modules\winston-transport\modern.js:103:17)
    at doWrite (C:\Users\Nuruzzaman\AppData\Local\npm-cache\_npx\7750544ccf494d8b\node_modules\winston-transport\node_modules\readable-stream\lib\_stream_writable.js:390:139)
    at writeOrBuffer (C:\Users\Nuruzzaman\AppData\Local\npm-cache\_npx\7750544ccf494d8b\node_modules\winston-transport\node_modules\readable-stream\lib\_stream_writable.js:381:5)
    at Writable.write (C:\Users\Nuruzzaman\AppData\Local\npm-cache\_npx\7750544ccf494d8b\node_modules\winston-transport\node_modules\readable-stream\lib\_stream_writable.js:302:11)
    at DerivedLogger.ondata (C:\Users\Nuruzzaman\AppData\Local\npm-cache\_npx\7750544ccf494d8b\node_modules\winston\node_modules\readable-stream\lib\_stream_readable.js:629:20)
[error] 
[error] Error: An unexpected error has occurred.
[debug] [2026-06-09T09:11:43.525Z] Error: EPIPE: broken pipe, write
    at Socket._write (node:internal/net:63:18)
    at writeOrBuffer (node:internal/streams/writable:572:12)
    at _write (node:internal/streams/writable:501:10)
    at Writable.write (node:internal/streams/writable:510:10)
    at Console.log (C:\Users\Nuruzzaman\AppData\Local\npm-cache\_npx\7750544ccf494d8b\node_modules\winston\lib\winston\transports\console.js:87:23)
    at Console._write (C:\Users\Nuruzzaman\AppData\Local\npm-cache\_npx\7750544ccf494d8b\node_modules\winston-transport\modern.js:103:17)
    at doWrite (C:\Users\Nuruzzaman\AppData\Local\npm-cache\_npx\7750544ccf494d8b\node_modules\winston-transport\node_modules\readable-stream\lib\_stream_writable.js:390:139)
    at writeOrBuffer (C:\Users\Nuruzzaman\AppData\Local\npm-cache\_npx\7750544ccf494d8b\node_modules\winston-transport\node_modules\readable-stream\lib\_stream_writable.js:381:5)
    at Writable.write (C:\Users\Nuruzzaman\AppData\Local\npm-cache\_npx\7750544ccf494d8b\node_modules\winston-transport\node_modules\readable-stream\lib\_stream_writable.js:302:11)
    at DerivedLogger.ondata (C:\Users\Nuruzzaman\AppData\Local\npm-cache\_npx\7750544ccf494d8b\node_modules\winston\node_modules\readable-stream\lib\_stream_readable.js:629:20)
[error] 
[error] Error: An unexpected error has occurred.
[debug] [2026-06-09T09:11:43.525Z] Error: EPIPE: broken pipe, write
    at Socket._write (node:internal/net:63:18)
    at writeOrBuffer (node:internal/streams/writable:572:12)
    at _write (node:internal/streams/writable:501:10)
    at Writable.write (node:internal/streams/writable:510:10)
    at Console.log (C:\Users\Nuruzzaman\AppData\Local\npm-cache\_npx\7750544ccf494d8b\node_modules\winston\lib\winston\transports\console.js:87:23)
    at Console._write (C:\Users\Nuruzzaman\AppData\Local\npm-cache\_npx\7750544ccf494d8b\node_modules\winston-transport\modern.js:103:17)
    at doWrite (C:\Users\Nuruzzaman\AppData\Local\npm-cache\_npx\7750544ccf494d8b\node_modules\winston-transport\node_modules\readable-stream\lib\_stream_writable.js:390:139)
    at writeOrBuffer (C:\Users\Nuruzzaman\AppData\Local\npm-cache\_npx\7750544ccf494d8b\node_modules\winston-transport\node_modules\readable-stream\lib\_stream_writable.js:381:5)
    at Writable.write (C:\Users\Nuruzzaman\AppData\Local\npm-cache\_npx\7750544ccf494d8b\node_modules\winston-transport\node_modules\readable-stream\lib\_stream_writable.js:302:11)
    at DerivedLogger.ondata (C:\Users\Nuruzzaman\AppData\Local\npm-cache\_npx\7750544ccf494d8b\node_modules\winston\node_modules\readable-stream\lib\_stream_readable.js:629:20)
[error] 
[error] Error: An unexpected error has occurred.
[debug] [2026-06-09T09:11:43.525Z] Error: EPIPE: broken pipe, write
    at Socket._write (node:internal/net:63:18)
    at writeOrBuffer (node:internal/streams/writable:572:12)
    at _write (node:internal/streams/writable:501:10)
    at Writable.write (node:internal/streams/writable:510:10)
    at Console.log (C:\Users\Nuruzzaman\AppData\Local\npm-cache\_npx\7750544ccf494d8b\node_modules\winston\lib\winston\transports\console.js:87:23)
    at Console._write (C:\Users\Nuruzzaman\AppData\Local\npm-cache\_npx\7750544ccf494d8b\node_modules\winston-transport\modern.js:103:17)
    at doWrite (C:\Users\Nuruzzaman\AppData\Local\npm-cache\_npx\7750544ccf494d8b\node_modules\winston-transport\node_modules\readable-stream\lib\_stream_writable.js:390:139)
    at writeOrBuffer (C:\Users\Nuruzzaman\AppData\Local\npm-cache\_npx\7750544ccf494d8b\node_modules\winston-transport\node_modules\readable-stream\lib\_stream_writable.js:381:5)
    at Writable.write (C:\Users\Nuruzzaman\AppData\Local\npm-cache\_npx\7750544ccf494d8b\node_modules\winston-transport\node_modules\readable-stream\lib\_stream_writable.js:302:11)
    at DerivedLogger.ondata (C:\Users\Nuruzzaman\AppData\Local\npm-cache\_npx\7750544ccf494d8b\node_modules\winston\node_modules\readable-stream\lib\_stream_readable.js:629:20)
[error] 
[error] Error: An unexpected error has occurred.
[debug] [2026-06-09T09:11:43.527Z] Error: EPIPE: broken pipe, write
    at Socket._write (node:internal/net:63:18)
    at writeOrBuffer (node:internal/streams/writable:572:12)
    at _write (node:internal/streams/writable:501:10)
    at Writable.write (node:internal/streams/writable:510:10)
    at Console.log (C:\Users\Nuruzzaman\AppData\Local\npm-cache\_npx\7750544ccf494d8b\node_modules\winston\lib\winston\transports\console.js:87:23)
    at Console._write (C:\Users\Nuruzzaman\AppData\Local\npm-cache\_npx\7750544ccf494d8b\node_modules\winston-transport\modern.js:103:17)
    at doWrite (C:\Users\Nuruzzaman\AppData\Local\npm-cache\_npx\7750544ccf494d8b\node_modules\winston-transport\node_modules\readable-stream\lib\_stream_writable.js:390:139)
    at writeOrBuffer (C:\Users\Nuruzzaman\AppData\Local\npm-cache\_npx\7750544ccf494d8b\node_modules\winston-transport\node_modules\readable-stream\lib\_stream_writable.js:381:5)
    at Writable.write (C:\Users\Nuruzzaman\AppData\Local\npm-cache\_npx\7750544ccf494d8b\node_modules\winston-transport\node_modules\readable-stream\lib\_stream_writable.js:302:11)
    at DerivedLogger.ondata (C:\Users\Nuruzzaman\AppData\Local\npm-cache\_npx\7750544ccf494d8b\node_modules\winston\node_modules\readable-stream\lib\_stream_readable.js:629:20)
[error] 
[error] Error: An unexpected error has occurred.
[debug] [2026-06-09T09:11:43.527Z] Error: EPIPE: broken pipe, write
    at Socket._write (node:internal/net:63:18)
    at writeOrBuffer (node:internal/streams/writable:572:12)
    at _write (node:internal/streams/writable:501:10)
    at Writable.write (node:internal/streams/writable:510:10)
    at Console.log (C:\Users\Nuruzzaman\AppData\Local\npm-cache\_npx\7750544ccf494d8b\node_modules\winston\lib\winston\transports\console.js:87:23)
    at Console._write (C:\Users\Nuruzzaman\AppData\Local\npm-cache\_npx\7750544ccf494d8b\node_modules\winston-transport\modern.js:103:17)
    at doWrite (C:\Users\Nuruzzaman\AppData\Local\npm-cache\_npx\7750544ccf494d8b\node_modules\winston-transport\node_modules\readable-stream\lib\_stream_writable.js:390:139)
    at writeOrBuffer (C:\Users\Nuruzzaman\AppData\Local\npm-cache\_npx\7750544ccf494d8b\node_modules\winston-transport\node_modules\readable-stream\lib\_stream_writable.js:381:5)
    at Writable.write (C:\Users\Nuruzzaman\AppData\Local\npm-cache\_npx\7750544ccf494d8b\node_modules\winston-transport\node_modules\readable-stream\lib\_stream_writable.js:302:11)
    at DerivedLogger.ondata (C:\Users\Nuruzzaman\AppData\Local\npm-cache\_npx\7750544ccf494d8b\node_modules\winston\node_modules\readable-stream\lib\_stream_readable.js:629:20)
[error] 
[error] Error: An unexpected error has occurred.
[debug] [2026-06-09T09:11:43.527Z] Error: EPIPE: broken pipe, write
    at Socket._write (node:internal/net:63:18)
    at writeOrBuffer (node:internal/streams/writable:572:12)
    at _write (node:internal/streams/writable:501:10)
    at Writable.write (node:internal/streams/writable:510:10)
    at Console.log (C:\Users\Nuruzzaman\AppData\Local\npm-cache\_npx\7750544ccf494d8b\node_modules\winston\lib\winston\transports\console.js:87:23)
    at Console._write (C:\Users\Nuruzzaman\AppData\Local\npm-cache\_npx\7750544ccf494d8b\node_modules\winston-transport\modern.js:103:17)
    at doWrite (C:\Users\Nuruzzaman\AppData\Local\npm-cache\_npx\7750544ccf494d8b\node_modules\winston-transport\node_modules\readable-stream\lib\_stream_writable.js:390:139)
    at writeOrBuffer (C:\Users\Nuruzzaman\AppData\Local\npm-cache\_npx\7750544ccf494d8b\node_modules\winston-transport\node_modules\readable-stream\lib\_stream_writable.js:381:5)
    at Writable.write (C:\Users\Nuruzzaman\AppData\Local\npm-cache\_npx\7750544ccf494d8b\node_modules\winston-transport\node_modules\readable-stream\lib\_stream_writable.js:302:11)
    at DerivedLogger.ondata (C:\Users\Nuruzzaman\AppData\Local\npm-cache\_npx\7750544ccf494d8b\node_modules\winston\node_modules\readable-stream\lib\_stream_readable.js:629:20)
[error] 
[error] Error: An unexpected error has occurred.
[debug] [2026-06-09T09:11:43.528Z] Error: EPIPE: broken pipe, write
    at Socket._write (node:internal/net:63:18)
    at writeOrBuffer (node:internal/streams/writable:572:12)
    at _write (node:internal/streams/writable:501:10)
    at Writable.write (node:internal/streams/writable:510:10)
    at Console.log (C:\Users\Nuruzzaman\AppData\Local\npm-cache\_npx\7750544ccf494d8b\node_modules\winston\lib\winston\transports\console.js:87:23)
    at Console._write (C:\Users\Nuruzzaman\AppData\Local\npm-cache\_npx\7750544ccf494d8b\node_modules\winston-transport\modern.js:103:17)
    at doWrite (C:\Users\Nuruzzaman\AppData\Local\npm-cache\_npx\7750544ccf494d8b\node_modules\winston-transport\node_modules\readable-stream\lib\_stream_writable.js:390:139)
    at writeOrBuffer (C:\Users\Nuruzzaman\AppData\Local\npm-cache\_npx\7750544ccf494d8b\node_modules\winston-transport\node_modules\readable-stream\lib\_stream_writable.js:381:5)
    at Writable.write (C:\Users\Nuruzzaman\AppData\Local\npm-cache\_npx\7750544ccf494d8b\node_modules\winston-transport\node_modules\readable-stream\lib\_stream_writable.js:302:11)
    at DerivedLogger.ondata (C:\Users\Nuruzzaman\AppData\Local\npm-cache\_npx\7750544ccf494d8b\node_modules\winston\node_modules\readable-stream\lib\_stream_readable.js:629:20)
[error] 
[error] Error: An unexpected error has occurred.
[debug] [2026-06-09T09:11:43.528Z] Error: EPIPE: broken pipe, write
    at Socket._write (node:internal/net:63:18)
    at writeOrBuffer (node:internal/streams/writable:572:12)
    at _write (node:internal/streams/writable:501:10)
    at Writable.write (node:internal/streams/writable:510:10)
    at Console.log (C:\Users\Nuruzzaman\AppData\Local\npm-cache\_npx\7750544ccf494d8b\node_modules\winston\lib\winston\transports\console.js:87:23)
    at Console._write (C:\Users\Nuruzzaman\AppData\Local\npm-cache\_npx\7750544ccf494d8b\node_modules\winston-transport\modern.js:103:17)
    at doWrite (C:\Users\Nuruzzaman\AppData\Local\npm-cache\_npx\7750544ccf494d8b\node_modules\winston-transport\node_modules\readable-stream\lib\_stream_writable.js:390:139)
    at writeOrBuffer (C:\Users\Nuruzzaman\AppData\Local\npm-cache\_npx\7750544ccf494d8b\node_modules\winston-transport\node_modules\readable-stream\lib\_stream_writable.js:381:5)
    at Writable.write (C:\Users\Nuruzzaman\AppData\Local\npm-cache\_npx\7750544ccf494d8b\node_modules\winston-transport\node_modules\readable-stream\lib\_stream_writable.js:302:11)
    at DerivedLogger.ondata (C:\Users\Nuruzzaman\AppData\Local\npm-cache\_npx\7750544ccf494d8b\node_modules\winston\node_modules\readable-stream\lib\_stream_readable.js:629:20)
[error] 
[error] Error: An unexpected error has occurred.
[debug] [2026-06-09T09:11:43.528Z] Error: EPIPE: broken pipe, write
    at Socket._write (node:internal/net:63:18)
    at writeOrBuffer (node:internal/streams/writable:572:12)
    at _write (node:internal/streams/writable:501:10)
    at Writable.write (node:internal/streams/writable:510:10)
    at Console.log (C:\Users\Nuruzzaman\AppData\Local\npm-cache\_npx\7750544ccf494d8b\node_modules\winston\lib\winston\transports\console.js:87:23)
    at Console._write (C:\Users\Nuruzzaman\AppData\Local\npm-cache\_npx\7750544ccf494d8b\node_modules\winston-transport\modern.js:103:17)
    at doWrite (C:\Users\Nuruzzaman\AppData\Local\npm-cache\_npx\7750544ccf494d8b\node_modules\winston-transport\node_modules\readable-stream\lib\_stream_writable.js:390:139)
    at writeOrBuffer (C:\Users\Nuruzzaman\AppData\Local\npm-cache\_npx\7750544ccf494d8b\node_modules\winston-transport\node_modules\readable-stream\lib\_stream_writable.js:381:5)
    at Writable.write (C:\Users\Nuruzzaman\AppData\Local\npm-cache\_npx\7750544ccf494d8b\node_modules\winston-transport\node_modules\readable-stream\lib\_stream_writable.js:302:11)
    at DerivedLogger.ondata (C:\Users\Nuruzzaman\AppData\Local\npm-cache\_npx\7750544ccf494d8b\node_modules\winston\node_modules\readable-stream\lib\_stream_readable.js:629:20)
[error] 
[error] Error: An unexpected error has occurred.
[debug] [2026-06-09T09:11:43.528Z] Error: EPIPE: broken pipe, write
    at Socket._write (node:internal/net:63:18)
    at writeOrBuffer (node:internal/streams/writable:572:12)
    at _write (node:internal/streams/writable:501:10)
    at Writable.write (node:internal/streams/writable:510:10)
    at Console.log (C:\Users\Nuruzzaman\AppData\Local\npm-cache\_npx\7750544ccf494d8b\node_modules\winston\lib\winston\transports\console.js:87:23)
    at Console._write (C:\Users\Nuruzzaman\AppData\Local\npm-cache\_npx\7750544ccf494d8b\node_modules\winston-transport\modern.js:103:17)
    at doWrite (C:\Users\Nuruzzaman\AppData\Local\npm-cache\_npx\7750544ccf494d8b\node_modules\winston-transport\node_modules\readable-stream\lib\_stream_writable.js:390:139)
    at writeOrBuffer (C:\Users\Nuruzzaman\AppData\Local\npm-cache\_npx\7750544ccf494d8b\node_modules\winston-transport\node_modules\readable-stream\lib\_stream_writable.js:381:5)
    at Writable.write (C:\Users\Nuruzzaman\AppData\Local\npm-cache\_npx\7750544ccf494d8b\node_modules\winston-transport\node_modules\readable-stream\lib\_stream_writable.js:302:11)
    at DerivedLogger.ondata (C:\Users\Nuruzzaman\AppData\Local\npm-cache\_npx\7750544ccf494d8b\node_modules\winston\node_modules\readable-stream\lib\_stream_readable.js:629:20)
[error] 
[error] Error: An unexpected error has occurred.
[debug] [2026-06-09T09:11:43.528Z] Error: EPIPE: broken pipe, write
    at Socket._write (node:internal/net:63:18)
    at writeOrBuffer (node:internal/streams/writable:572:12)
    at _write (node:internal/streams/writable:501:10)
    at Writable.write (node:internal/streams/writable:510:10)
    at Console.log (C:\Users\Nuruzzaman\AppData\Local\npm-cache\_npx\7750544ccf494d8b\node_modules\winston\lib\winston\transports\console.js:87:23)
    at Console._write (C:\Users\Nuruzzaman\AppData\Local\npm-cache\_npx\7750544ccf494d8b\node_modules\winston-transport\modern.js:103:17)
    at doWrite (C:\Users\Nuruzzaman\AppData\Local\npm-cache\_npx\7750544ccf494d8b\node_modules\winston-transport\node_modules\readable-stream\lib\_stream_writable.js:390:139)
    at writeOrBuffer (C:\Users\Nuruzzaman\AppData\Local\npm-cache\_npx\7750544ccf494d8b\node_modules\winston-transport\node_modules\readable-stream\lib\_stream_writable.js:381:5)
    at Writable.write (C:\Users\Nuruzzaman\AppData\Local\npm-cache\_npx\7750544ccf494d8b\node_modules\winston-transport\node_modules\readable-stream\lib\_stream_writable.js:302:11)
    at DerivedLogger.ondata (C:\Users\Nuruzzaman\AppData\Local\npm-cache\_npx\7750544ccf494d8b\node_modules\winston\node_modules\readable-stream\lib\_stream_readable.js:629:20)
[error] 
[error] Error: An unexpected error has occurred.
[debug] [2026-06-09T09:11:43.529Z] Error: EPIPE: broken pipe, write
    at Socket._write (node:internal/net:63:18)
    at writeOrBuffer (node:internal/streams/writable:572:12)
    at _write (node:internal/streams/writable:501:10)
    at Writable.write (node:internal/streams/writable:510:10)
    at Console.log (C:\Users\Nuruzzaman\AppData\Local\npm-cache\_npx\7750544ccf494d8b\node_modules\winston\lib\winston\transports\console.js:87:23)
    at Console._write (C:\Users\Nuruzzaman\AppData\Local\npm-cache\_npx\7750544ccf494d8b\node_modules\winston-transport\modern.js:103:17)
    at doWrite (C:\Users\Nuruzzaman\AppData\Local\npm-cache\_npx\7750544ccf494d8b\node_modules\winston-transport\node_modules\readable-stream\lib\_stream_writable.js:390:139)
    at writeOrBuffer (C:\Users\Nuruzzaman\AppData\Local\npm-cache\_npx\7750544ccf494d8b\node_modules\winston-transport\node_modules\readable-stream\lib\_stream_writable.js:381:5)
    at Writable.write (C:\Users\Nuruzzaman\AppData\Local\npm-cache\_npx\7750544ccf494d8b\node_modules\winston-transport\node_modules\readable-stream\lib\_stream_writable.js:302:11)
    at DerivedLogger.ondata (C:\Users\Nuruzzaman\AppData\Local\npm-cache\_npx\7750544ccf494d8b\node_modules\winston\node_modules\readable-stream\lib\_stream_readable.js:629:20)
[error] 
[error] Error: An unexpected error has occurred.
[debug] [2026-06-09T09:11:43.529Z] Error: EPIPE: broken pipe, write
    at Socket._write (node:internal/net:63:18)
    at writeOrBuffer (node:internal/streams/writable:572:12)
    at _write (node:internal/streams/writable:501:10)
    at Writable.write (node:internal/streams/writable:510:10)
    at Console.log (C:\Users\Nuruzzaman\AppData\Local\npm-cache\_npx\7750544ccf494d8b\node_modules\winston\lib\winston\transports\console.js:87:23)
    at Console._write (C:\Users\Nuruzzaman\AppData\Local\npm-cache\_npx\7750544ccf494d8b\node_modules\winston-transport\modern.js:103:17)
    at doWrite (C:\Users\Nuruzzaman\AppData\Local\npm-cache\_npx\7750544ccf494d8b\node_modules\winston-transport\node_modules\readable-stream\lib\_stream_writable.js:390:139)
    at writeOrBuffer (C:\Users\Nuruzzaman\AppData\Local\npm-cache\_npx\7750544ccf494d8b\node_modules\winston-transport\node_modules\readable-stream\lib\_stream_writable.js:381:5)
    at Writable.write (C:\Users\Nuruzzaman\AppData\Local\npm-cache\_npx\7750544ccf494d8b\node_modules\winston-transport\node_modules\readable-stream\lib\_stream_writable.js:302:11)
    at DerivedLogger.ondata (C:\Users\Nuruzzaman\AppData\Local\npm-cache\_npx\7750544ccf494d8b\node_modules\winston\node_modules\readable-stream\lib\_stream_readable.js:629:20)
[error] 
[error] Error: An unexpected error has occurred.
[debug] [2026-06-09T09:11:43.529Z] Error: EPIPE: broken pipe, write
    at Socket._write (node:internal/net:63:18)
    at writeOrBuffer (node:internal/streams/writable:572:12)
    at _write (node:internal/streams/writable:501:10)
    at Writable.write (node:internal/streams/writable:510:10)
    at Console.log (C:\Users\Nuruzzaman\AppData\Local\npm-cache\_npx\7750544ccf494d8b\node_modules\winston\lib\winston\transports\console.js:87:23)
    at Console._write (C:\Users\Nuruzzaman\AppData\Local\npm-cache\_npx\7750544ccf494d8b\node_modules\winston-transport\modern.js:103:17)
    at doWrite (C:\Users\Nuruzzaman\AppData\Local\npm-cache\_npx\7750544ccf494d8b\node_modules\winston-transport\node_modules\readable-stream\lib\_stream_writable.js:390:139)
    at writeOrBuffer (C:\Users\Nuruzzaman\AppData\Local\npm-cache\_npx\7750544ccf494d8b\node_modules\winston-transport\node_modules\readable-stream\lib\_stream_writable.js:381:5)
    at Writable.write (C:\Users\Nuruzzaman\AppData\Local\npm-cache\_npx\7750544ccf494d8b\node_modules\winston-transport\node_modules\readable-stream\lib\_stream_writable.js:302:11)
    at DerivedLogger.ondata (C:\Users\Nuruzzaman\AppData\Local\npm-cache\_npx\7750544ccf494d8b\node_modules\winston\node_modules\readable-stream\lib\_stream_readable.js:629:20)
[error] 
[error] Error: An unexpected error has occurred.
[debug] [2026-06-09T09:11:43.529Z] Error: EPIPE: broken pipe, write
    at Socket._write (node:internal/net:63:18)
    at writeOrBuffer (node:internal/streams/writable:572:12)
    at _write (node:internal/streams/writable:501:10)
    at Writable.write (node:internal/streams/writable:510:10)
    at Console.log (C:\Users\Nuruzzaman\AppData\Local\npm-cache\_npx\7750544ccf494d8b\node_modules\winston\lib\winston\transports\console.js:87:23)
    at Console._write (C:\Users\Nuruzzaman\AppData\Local\npm-cache\_npx\7750544ccf494d8b\node_modules\winston-transport\modern.js:103:17)
    at doWrite (C:\Users\Nuruzzaman\AppData\Local\npm-cache\_npx\7750544ccf494d8b\node_modules\winston-transport\node_modules\readable-stream\lib\_stream_writable.js:390:139)
    at writeOrBuffer (C:\Users\Nuruzzaman\AppData\Local\npm-cache\_npx\7750544ccf494d8b\node_modules\winston-transport\node_modules\readable-stream\lib\_stream_writable.js:381:5)
    at Writable.write (C:\Users\Nuruzzaman\AppData\Local\npm-cache\_npx\7750544ccf494d8b\node_modules\winston-transport\node_modules\readable-stream\lib\_stream_writable.js:302:11)
    at DerivedLogger.ondata (C:\Users\Nuruzzaman\AppData\Local\npm-cache\_npx\7750544ccf494d8b\node_modules\winston\node_modules\readable-stream\lib\_stream_readable.js:629:20)
[error] 
[error] Error: An unexpected error has occurred.
[debug] [2026-06-09T09:11:43.529Z] Error: EPIPE: broken pipe, write
    at Socket._write (node:internal/net:63:18)
    at writeOrBuffer (node:internal/streams/writable:572:12)
    at _write (node:internal/streams/writable:501:10)
    at Writable.write (node:internal/streams/writable:510:10)
    at Console.log (C:\Users\Nuruzzaman\AppData\Local\npm-cache\_npx\7750544ccf494d8b\node_modules\winston\lib\winston\transports\console.js:87:23)
    at Console._write (C:\Users\Nuruzzaman\AppData\Local\npm-cache\_npx\7750544ccf494d8b\node_modules\winston-transport\modern.js:103:17)
    at doWrite (C:\Users\Nuruzzaman\AppData\Local\npm-cache\_npx\7750544ccf494d8b\node_modules\winston-transport\node_modules\readable-stream\lib\_stream_writable.js:390:139)
    at writeOrBuffer (C:\Users\Nuruzzaman\AppData\Local\npm-cache\_npx\7750544ccf494d8b\node_modules\winston-transport\node_modules\readable-stream\lib\_stream_writable.js:381:5)
    at Writable.write (C:\Users\Nuruzzaman\AppData\Local\npm-cache\_npx\7750544ccf494d8b\node_modules\winston-transport\node_modules\readable-stream\lib\_stream_writable.js:302:11)
    at DerivedLogger.ondata (C:\Users\Nuruzzaman\AppData\Local\npm-cache\_npx\7750544ccf494d8b\node_modules\winston\node_modules\readable-stream\lib\_stream_readable.js:629:20)
[error] 
[error] Error: An unexpected error has occurred.
[debug] [2026-06-09T09:11:43.530Z] Error: EPIPE: broken pipe, write
    at Socket._write (node:internal/net:63:18)
    at writeOrBuffer (node:internal/streams/writable:572:12)
    at _write (node:internal/streams/writable:501:10)
    at Writable.write (node:internal/streams/writable:510:10)
    at Console.log (C:\Users\Nuruzzaman\AppData\Local\npm-cache\_npx\7750544ccf494d8b\node_modules\winston\lib\winston\transports\console.js:87:23)
    at Console._write (C:\Users\Nuruzzaman\AppData\Local\npm-cache\_npx\7750544ccf494d8b\node_modules\winston-transport\modern.js:103:17)
    at doWrite (C:\Users\Nuruzzaman\AppData\Local\npm-cache\_npx\7750544ccf494d8b\node_modules\winston-transport\node_modules\readable-stream\lib\_stream_writable.js:390:139)
    at writeOrBuffer (C:\Users\Nuruzzaman\AppData\Local\npm-cache\_npx\7750544ccf494d8b\node_modules\winston-transport\node_modules\readable-stream\lib\_stream_writable.js:381:5)
    at Writable.write (C:\Users\Nuruzzaman\AppData\Local\npm-cache\_npx\7750544ccf494d8b\node_modules\winston-transport\node_modules\readable-stream\lib\_stream_writable.js:302:11)
    at DerivedLogger.ondata (C:\Users\Nuruzzaman\AppData\Local\npm-cache\_npx\7750544ccf494d8b\node_modules\winston\node_modules\readable-stream\lib\_stream_readable.js:629:20)
[error] 
[error] Error: An unexpected error has occurred.
[debug] [2026-06-09T09:11:43.530Z] Error: EPIPE: broken pipe, write
    at Socket._write (node:internal/net:63:18)
    at writeOrBuffer (node:internal/streams/writable:572:12)
    at _write (node:internal/streams/writable:501:10)
    at Writable.write (node:internal/streams/writable:510:10)
    at Console.log (C:\Users\Nuruzzaman\AppData\Local\npm-cache\_npx\7750544ccf494d8b\node_modules\winston\lib\winston\transports\console.js:87:23)
    at Console._write (C:\Users\Nuruzzaman\AppData\Local\npm-cache\_npx\7750544ccf494d8b\node_modules\winston-transport\modern.js:103:17)
    at doWrite (C:\Users\Nuruzzaman\AppData\Local\npm-cache\_npx\7750544ccf494d8b\node_modules\winston-transport\node_modules\readable-stream\lib\_stream_writable.js:390:139)
    at writeOrBuffer (C:\Users\Nuruzzaman\AppData\Local\npm-cache\_npx\7750544ccf494d8b\node_modules\winston-transport\node_modules\readable-stream\lib\_stream_writable.js:381:5)
    at Writable.write (C:\Users\Nuruzzaman\AppData\Local\npm-cache\_npx\7750544ccf494d8b\node_modules\winston-transport\node_modules\readable-stream\lib\_stream_writable.js:302:11)
    at DerivedLogger.ondata (C:\Users\Nuruzzaman\AppData\Local\npm-cache\_npx\7750544ccf494d8b\node_modules\winston\node_modules\readable-stream\lib\_stream_readable.js:629:20)
[error] 
[error] Error: An unexpected error has occurred.
[debug] [2026-06-09T09:11:43.530Z] Error: EPIPE: broken pipe, write
    at Socket._write (node:internal/net:63:18)
    at writeOrBuffer (node:internal/streams/writable:572:12)
    at _write (node:internal/streams/writable:501:10)
    at Writable.write (node:internal/streams/writable:510:10)
    at Console.log (C:\Users\Nuruzzaman\AppData\Local\npm-cache\_npx\7750544ccf494d8b\node_modules\winston\lib\winston\transports\console.js:87:23)
    at Console._write (C:\Users\Nuruzzaman\AppData\Local\npm-cache\_npx\7750544ccf494d8b\node_modules\winston-transport\modern.js:103:17)
    at doWrite (C:\Users\Nuruzzaman\AppData\Local\npm-cache\_npx\7750544ccf494d8b\node_modules\winston-transport\node_modules\readable-stream\lib\_stream_writable.js:390:139)
    at writeOrBuffer (C:\Users\Nuruzzaman\AppData\Local\npm-cache\_npx\7750544ccf494d8b\node_modules\winston-transport\node_modules\readable-stream\lib\_stream_writable.js:381:5)
    at Writable.write (C:\Users\Nuruzzaman\AppData\Local\npm-cache\_npx\7750544ccf494d8b\node_modules\winston-transport\node_modules\readable-stream\lib\_stream_writable.js:302:11)
    at DerivedLogger.ondata (C:\Users\Nuruzzaman\AppData\Local\npm-cache\_npx\7750544ccf494d8b\node_modules\winston\node_modules\readable-stream\lib\_stream_readable.js:629:20)
[error] 
[error] Error: An unexpected error has occurred.
[debug] [2026-06-09T09:11:43.531Z] Error: EPIPE: broken pipe, write
    at Socket._write (node:internal/net:63:18)
    at writeOrBuffer (node:internal/streams/writable:572:12)
    at _write (node:internal/streams/writable:501:10)
    at Writable.write (node:internal/streams/writable:510:10)
    at Console.log (C:\Users\Nuruzzaman\AppData\Local\npm-cache\_npx\7750544ccf494d8b\node_modules\winston\lib\winston\transports\console.js:87:23)
    at Console._write (C:\Users\Nuruzzaman\AppData\Local\npm-cache\_npx\7750544ccf494d8b\node_modules\winston-transport\modern.js:103:17)
    at doWrite (C:\Users\Nuruzzaman\AppData\Local\npm-cache\_npx\7750544ccf494d8b\node_modules\winston-transport\node_modules\readable-stream\lib\_stream_writable.js:390:139)
    at writeOrBuffer (C:\Users\Nuruzzaman\AppData\Local\npm-cache\_npx\7750544ccf494d8b\node_modules\winston-transport\node_modules\readable-stream\lib\_stream_writable.js:381:5)
    at Writable.write (C:\Users\Nuruzzaman\AppData\Local\npm-cache\_npx\7750544ccf494d8b\node_modules\winston-transport\node_modules\readable-stream\lib\_stream_writable.js:302:11)
    at DerivedLogger.ondata (C:\Users\Nuruzzaman\AppData\Local\npm-cache\_npx\7750544ccf494d8b\node_modules\winston\node_modules\readable-stream\lib\_stream_readable.js:629:20)
[error] 
[error] Error: An unexpected error has occurred.
[debug] [2026-06-09T09:11:43.531Z] Error: EPIPE: broken pipe, write
    at Socket._write (node:internal/net:63:18)
    at writeOrBuffer (node:internal/streams/writable:572:12)
    at _write (node:internal/streams/writable:501:10)
    at Writable.write (node:internal/streams/writable:510:10)
    at Console.log (C:\Users\Nuruzzaman\AppData\Local\npm-cache\_npx\7750544ccf494d8b\node_modules\winston\lib\winston\transports\console.js:87:23)
    at Console._write (C:\Users\Nuruzzaman\AppData\Local\npm-cache\_npx\7750544ccf494d8b\node_modules\winston-transport\modern.js:103:17)
    at doWrite (C:\Users\Nuruzzaman\AppData\Local\npm-cache\_npx\7750544ccf494d8b\node_modules\winston-transport\node_modules\readable-stream\lib\_stream_writable.js:390:139)
    at writeOrBuffer (C:\Users\Nuruzzaman\AppData\Local\npm-cache\_npx\7750544ccf494d8b\node_modules\winston-transport\node_modules\readable-stream\lib\_stream_writable.js:381:5)
    at Writable.write (C:\Users\Nuruzzaman\AppData\Local\npm-cache\_npx\7750544ccf494d8b\node_modules\winston-transport\node_modules\readable-stream\lib\_stream_writable.js:302:11)
    at DerivedLogger.ondata (C:\Users\Nuruzzaman\AppData\Local\npm-cache\_npx\7750544ccf494d8b\node_modules\winston\node_modules\readable-stream\lib\_stream_readable.js:629:20)
[error] 
[error] Error: An unexpected error has occurred.
[debug] [2026-06-09T09:11:43.531Z] Error: EPIPE: broken pipe, write
    at Socket._write (node:internal/net:63:18)
    at writeOrBuffer (node:internal/streams/writable:572:12)
    at _write (node:internal/streams/writable:501:10)
    at Writable.write (node:internal/streams/writable:510:10)
    at Console.log (C:\Users\Nuruzzaman\AppData\Local\npm-cache\_npx\7750544ccf494d8b\node_modules\winston\lib\winston\transports\console.js:87:23)
    at Console._write (C:\Users\Nuruzzaman\AppData\Local\npm-cache\_npx\7750544ccf494d8b\node_modules\winston-transport\modern.js:103:17)
    at doWrite (C:\Users\Nuruzzaman\AppData\Local\npm-cache\_npx\7750544ccf494d8b\node_modules\winston-transport\node_modules\readable-stream\lib\_stream_writable.js:390:139)
    at writeOrBuffer (C:\Users\Nuruzzaman\AppData\Local\npm-cache\_npx\7750544ccf494d8b\node_modules\winston-transport\node_modules\readable-stream\lib\_stream_writable.js:381:5)
    at Writable.write (C:\Users\Nuruzzaman\AppData\Local\npm-cache\_npx\7750544ccf494d8b\node_modules\winston-transport\node_modules\readable-stream\lib\_stream_writable.js:302:11)
    at DerivedLogger.ondata (C:\Users\Nuruzzaman\AppData\Local\npm-cache\_npx\7750544ccf494d8b\node_modules\winston\node_modules\readable-stream\lib\_stream_readable.js:629:20)
[error] 
[error] Error: An unexpected error has occurred.
[debug] [2026-06-09T09:11:43.531Z] Error: EPIPE: broken pipe, write
    at Socket._write (node:internal/net:63:18)
    at writeOrBuffer (node:internal/streams/writable:572:12)
    at _write (node:internal/streams/writable:501:10)
    at Writable.write (node:internal/streams/writable:510:10)
    at Console.log (C:\Users\Nuruzzaman\AppData\Local\npm-cache\_npx\7750544ccf494d8b\node_modules\winston\lib\winston\transports\console.js:87:23)
    at Console._write (C:\Users\Nuruzzaman\AppData\Local\npm-cache\_npx\7750544ccf494d8b\node_modules\winston-transport\modern.js:103:17)
    at doWrite (C:\Users\Nuruzzaman\AppData\Local\npm-cache\_npx\7750544ccf494d8b\node_modules\winston-transport\node_modules\readable-stream\lib\_stream_writable.js:390:139)
    at writeOrBuffer (C:\Users\Nuruzzaman\AppData\Local\npm-cache\_npx\7750544ccf494d8b\node_modules\winston-transport\node_modules\readable-stream\lib\_stream_writable.js:381:5)
    at Writable.write (C:\Users\Nuruzzaman\AppData\Local\npm-cache\_npx\7750544ccf494d8b\node_modules\winston-transport\node_modules\readable-stream\lib\_stream_writable.js:302:11)
    at DerivedLogger.ondata (C:\Users\Nuruzzaman\AppData\Local\npm-cache\_npx\7750544ccf494d8b\node_modules\winston\node_modules\readable-stream\lib\_stream_readable.js:629:20)
[error] 
[error] Error: An unexpected error has occurred.
[debug] [2026-06-09T09:11:43.531Z] Error: EPIPE: broken pipe, write
    at Socket._write (node:internal/net:63:18)
    at writeOrBuffer (node:internal/streams/writable:572:12)
    at _write (node:internal/streams/writable:501:10)
    at Writable.write (node:internal/streams/writable:510:10)
    at Console.log (C:\Users\Nuruzzaman\AppData\Local\npm-cache\_npx\7750544ccf494d8b\node_modules\winston\lib\winston\transports\console.js:87:23)
    at Console._write (C:\Users\Nuruzzaman\AppData\Local\npm-cache\_npx\7750544ccf494d8b\node_modules\winston-transport\modern.js:103:17)
    at doWrite (C:\Users\Nuruzzaman\AppData\Local\npm-cache\_npx\7750544ccf494d8b\node_modules\winston-transport\node_modules\readable-stream\lib\_stream_writable.js:390:139)
    at writeOrBuffer (C:\Users\Nuruzzaman\AppData\Local\npm-cache\_npx\7750544ccf494d8b\node_modules\winston-transport\node_modules\readable-stream\lib\_stream_writable.js:381:5)
    at Writable.write (C:\Users\Nuruzzaman\AppData\Local\npm-cache\_npx\7750544ccf494d8b\node_modules\winston-transport\node_modules\readable-stream\lib\_stream_writable.js:302:11)
    at DerivedLogger.ondata (C:\Users\Nuruzzaman\AppData\Local\npm-cache\_npx\7750544ccf494d8b\node_modules\winston\node_modules\readable-stream\lib\_stream_readable.js:629:20)
[error] 
[error] Error: An unexpected error has occurred.
[debug] [2026-06-09T09:11:43.532Z] Error: EPIPE: broken pipe, write
    at Socket._write (node:internal/net:63:18)
    at writeOrBuffer (node:internal/streams/writable:572:12)
    at _write (node:internal/streams/writable:501:10)
    at Writable.write (node:internal/streams/writable:510:10)
    at Console.log (C:\Users\Nuruzzaman\AppData\Local\npm-cache\_npx\7750544ccf494d8b\node_modules\winston\lib\winston\transports\console.js:87:23)
    at Console._write (C:\Users\Nuruzzaman\AppData\Local\npm-cache\_npx\7750544ccf494d8b\node_modules\winston-transport\modern.js:103:17)
    at doWrite (C:\Users\Nuruzzaman\AppData\Local\npm-cache\_npx\7750544ccf494d8b\node_modules\winston-transport\node_modules\readable-stream\lib\_stream_writable.js:390:139)
    at writeOrBuffer (C:\Users\Nuruzzaman\AppData\Local\npm-cache\_npx\7750544ccf494d8b\node_modules\winston-transport\node_modules\readable-stream\lib\_stream_writable.js:381:5)
    at Writable.write (C:\Users\Nuruzzaman\AppData\Local\npm-cache\_npx\7750544ccf494d8b\node_modules\winston-transport\node_modules\readable-stream\lib\_stream_writable.js:302:11)
    at DerivedLogger.ondata (C:\Users\Nuruzzaman\AppData\Local\npm-cache\_npx\7750544ccf494d8b\node_modules\winston\node_modules\readable-stream\lib\_stream_readable.js:629:20)
[error] 
[error] Error: An unexpected error has occurred.
[debug] [2026-06-09T09:11:43.532Z] Error: EPIPE: broken pipe, write
    at Socket._write (node:internal/net:63:18)
    at writeOrBuffer (node:internal/streams/writable:572:12)
    at _write (node:internal/streams/writable:501:10)
    at Writable.write (node:internal/streams/writable:510:10)
    at Console.log (C:\Users\Nuruzzaman\AppData\Local\npm-cache\_npx\7750544ccf494d8b\node_modules\winston\lib\winston\transports\console.js:87:23)
    at Console._write (C:\Users\Nuruzzaman\AppData\Local\npm-cache\_npx\7750544ccf494d8b\node_modules\winston-transport\modern.js:103:17)
    at doWrite (C:\Users\Nuruzzaman\AppData\Local\npm-cache\_npx\7750544ccf494d8b\node_modules\winston-transport\node_modules\readable-stream\lib\_stream_writable.js:390:139)
    at writeOrBuffer (C:\Users\Nuruzzaman\AppData\Local\npm-cache\_npx\7750544ccf494d8b\node_modules\winston-transport\node_modules\readable-stream\lib\_stream_writable.js:381:5)
    at Writable.write (C:\Users\Nuruzzaman\AppData\Local\npm-cache\_npx\7750544ccf494d8b\node_modules\winston-transport\node_modules\readable-stream\lib\_stream_writable.js:302:11)
    at DerivedLogger.ondata (C:\Users\Nuruzzaman\AppData\Local\npm-cache\_npx\7750544ccf494d8b\node_modules\winston\node_modules\readable-stream\lib\_stream_readable.js:629:20)
[error] 
[error] Error: An unexpected error has occurred.
[debug] [2026-06-09T09:11:43.532Z] Error: EPIPE: broken pipe, write
    at Socket._write (node:internal/net:63:18)
    at writeOrBuffer (node:internal/streams/writable:572:12)
    at _write (node:internal/streams/writable:501:10)
    at Writable.write (node:internal/streams/writable:510:10)
    at Console.log (C:\Users\Nuruzzaman\AppData\Local\npm-cache\_npx\7750544ccf494d8b\node_modules\winston\lib\winston\transports\console.js:87:23)
    at Console._write (C:\Users\Nuruzzaman\AppData\Local\npm-cache\_npx\7750544ccf494d8b\node_modules\winston-transport\modern.js:103:17)
    at doWrite (C:\Users\Nuruzzaman\AppData\Local\npm-cache\_npx\7750544ccf494d8b\node_modules\winston-transport\node_modules\readable-stream\lib\_stream_writable.js:390:139)
    at writeOrBuffer (C:\Users\Nuruzzaman\AppData\Local\npm-cache\_npx\7750544ccf494d8b\node_modules\winston-transport\node_modules\readable-stream\lib\_stream_writable.js:381:5)
    at Writable.write (C:\Users\Nuruzzaman\AppData\Local\npm-cache\_npx\7750544ccf494d8b\node_modules\winston-transport\node_modules\readable-stream\lib\_stream_writable.js:302:11)
    at DerivedLogger.ondata (C:\Users\Nuruzzaman\AppData\Local\npm-cache\_npx\7750544ccf494d8b\node_modules\winston\node_modules\readable-stream\lib\_stream_readable.js:629:20)
[error] 
[error] Error: An unexpected error has occurred.
[debug] [2026-06-09T09:11:43.532Z] Error: EPIPE: broken pipe, write
    at Socket._write (node:internal/net:63:18)
    at writeOrBuffer (node:internal/streams/writable:572:12)
    at _write (node:internal/streams/writable:501:10)
    at Writable.write (node:internal/streams/writable:510:10)
    at Console.log (C:\Users\Nuruzzaman\AppData\Local\npm-cache\_npx\7750544ccf494d8b\node_modules\winston\lib\winston\transports\console.js:87:23)
    at Console._write (C:\Users\Nuruzzaman\AppData\Local\npm-cache\_npx\7750544ccf494d8b\node_modules\winston-transport\modern.js:103:17)
    at doWrite (C:\Users\Nuruzzaman\AppData\Local\npm-cache\_npx\7750544ccf494d8b\node_modules\winston-transport\node_modules\readable-stream\lib\_stream_writable.js:390:139)
    at writeOrBuffer (C:\Users\Nuruzzaman\AppData\Local\npm-cache\_npx\7750544ccf494d8b\node_modules\winston-transport\node_modules\readable-stream\lib\_stream_writable.js:381:5)
    at Writable.write (C:\Users\Nuruzzaman\AppData\Local\npm-cache\_npx\7750544ccf494d8b\node_modules\winston-transport\node_modules\readable-stream\lib\_stream_writable.js:302:11)
    at DerivedLogger.ondata (C:\Users\Nuruzzaman\AppData\Local\npm-cache\_npx\7750544ccf494d8b\node_modules\winston\node_modules\readable-stream\lib\_stream_readable.js:629:20)
[error] 
[error] Error: An unexpected error has occurred.
[debug] [2026-06-09T09:11:43.532Z] Error: EPIPE: broken pipe, write
    at Socket._write (node:internal/net:63:18)
    at writeOrBuffer (node:internal/streams/writable:572:12)
    at _write (node:internal/streams/writable:501:10)
    at Writable.write (node:internal/streams/writable:510:10)
    at Console.log (C:\Users\Nuruzzaman\AppData\Local\npm-cache\_npx\7750544ccf494d8b\node_modules\winston\lib\winston\transports\console.js:87:23)
    at Console._write (C:\Users\Nuruzzaman\AppData\Local\npm-cache\_npx\7750544ccf494d8b\node_modules\winston-transport\modern.js:103:17)
    at doWrite (C:\Users\Nuruzzaman\AppData\Local\npm-cache\_npx\7750544ccf494d8b\node_modules\winston-transport\node_modules\readable-stream\lib\_stream_writable.js:390:139)
    at writeOrBuffer (C:\Users\Nuruzzaman\AppData\Local\npm-cache\_npx\7750544ccf494d8b\node_modules\winston-transport\node_modules\readable-stream\lib\_stream_writable.js:381:5)
    at Writable.write (C:\Users\Nuruzzaman\AppData\Local\npm-cache\_npx\7750544ccf494d8b\node_modules\winston-transport\node_modules\readable-stream\lib\_stream_writable.js:302:11)
    at DerivedLogger.ondata (C:\Users\Nuruzzaman\AppData\Local\npm-cache\_npx\7750544ccf494d8b\node_modules\winston\node_modules\readable-stream\lib\_stream_readable.js:629:20)
[error] 
[error] Error: An unexpected error has occurred.
[debug] [2026-06-09T09:11:43.533Z] Error: EPIPE: broken pipe, write
    at Socket._write (node:internal/net:63:18)
    at writeOrBuffer (node:internal/streams/writable:572:12)
    at _write (node:internal/streams/writable:501:10)
    at Writable.write (node:internal/streams/writable:510:10)
    at Console.log (C:\Users\Nuruzzaman\AppData\Local\npm-cache\_npx\7750544ccf494d8b\node_modules\winston\lib\winston\transports\console.js:87:23)
    at Console._write (C:\Users\Nuruzzaman\AppData\Local\npm-cache\_npx\7750544ccf494d8b\node_modules\winston-transport\modern.js:103:17)
    at doWrite (C:\Users\Nuruzzaman\AppData\Local\npm-cache\_npx\7750544ccf494d8b\node_modules\winston-transport\node_modules\readable-stream\lib\_stream_writable.js:390:139)
    at writeOrBuffer (C:\Users\Nuruzzaman\AppData\Local\npm-cache\_npx\7750544ccf494d8b\node_modules\winston-transport\node_modules\readable-stream\lib\_stream_writable.js:381:5)
    at Writable.write (C:\Users\Nuruzzaman\AppData\Local\npm-cache\_npx\7750544ccf494d8b\node_modules\winston-transport\node_modules\readable-stream\lib\_stream_writable.js:302:11)
    at DerivedLogger.ondata (C:\Users\Nuruzzaman\AppData\Local\npm-cache\_npx\7750544ccf494d8b\node_modules\winston\node_modules\readable-stream\lib\_stream_readable.js:629:20)
[error] 
[error] Error: An unexpected error has occurred.
[debug] [2026-06-09T09:11:43.533Z] Error: EPIPE: broken pipe, write
    at Socket._write (node:internal/net:63:18)
    at writeOrBuffer (node:internal/streams/writable:572:12)
    at _write (node:internal/streams/writable:501:10)
    at Writable.write (node:internal/streams/writable:510:10)
    at Console.log (C:\Users\Nuruzzaman\AppData\Local\npm-cache\_npx\7750544ccf494d8b\node_modules\winston\lib\winston\transports\console.js:87:23)
    at Console._write (C:\Users\Nuruzzaman\AppData\Local\npm-cache\_npx\7750544ccf494d8b\node_modules\winston-transport\modern.js:103:17)
    at doWrite (C:\Users\Nuruzzaman\AppData\Local\npm-cache\_npx\7750544ccf494d8b\node_modules\winston-transport\node_modules\readable-stream\lib\_stream_writable.js:390:139)
    at writeOrBuffer (C:\Users\Nuruzzaman\AppData\Local\npm-cache\_npx\7750544ccf494d8b\node_modules\winston-transport\node_modules\readable-stream\lib\_stream_writable.js:381:5)
    at Writable.write (C:\Users\Nuruzzaman\AppData\Local\npm-cache\_npx\7750544ccf494d8b\node_modules\winston-transport\node_modules\readable-stream\lib\_stream_writable.js:302:11)
    at DerivedLogger.ondata (C:\Users\Nuruzzaman\AppData\Local\npm-cache\_npx\7750544ccf494d8b\node_modules\winston\node_modules\readable-stream\lib\_stream_readable.js:629:20)
[error] 
[error] Error: An unexpected error has occurred.
[debug] [2026-06-09T09:11:43.533Z] Error: EPIPE: broken pipe, write
    at Socket._write (node:internal/net:63:18)
    at writeOrBuffer (node:internal/streams/writable:572:12)
    at _write (node:internal/streams/writable:501:10)
    at Writable.write (node:internal/streams/writable:510:10)
    at Console.log (C:\Users\Nuruzzaman\AppData\Local\npm-cache\_npx\7750544ccf494d8b\node_modules\winston\lib\winston\transports\console.js:87:23)
    at Console._write (C:\Users\Nuruzzaman\AppData\Local\npm-cache\_npx\7750544ccf494d8b\node_modules\winston-transport\modern.js:103:17)
    at doWrite (C:\Users\Nuruzzaman\AppData\Local\npm-cache\_npx\7750544ccf494d8b\node_modules\winston-transport\node_modules\readable-stream\lib\_stream_writable.js:390:139)
    at writeOrBuffer (C:\Users\Nuruzzaman\AppData\Local\npm-cache\_npx\7750544ccf494d8b\node_modules\winston-transport\node_modules\readable-stream\lib\_stream_writable.js:381:5)
    at Writable.write (C:\Users\Nuruzzaman\AppData\Local\npm-cache\_npx\7750544ccf494d8b\node_modules\winston-transport\node_modules\readable-stream\lib\_stream_writable.js:302:11)
    at DerivedLogger.ondata (C:\Users\Nuruzzaman\AppData\Local\npm-cache\_npx\7750544ccf494d8b\node_modules\winston\node_modules\readable-stream\lib\_stream_readable.js:629:20)
[error] 
[error] Error: An unexpected error has occurred.
[debug] [2026-06-09T09:11:43.534Z] Error: EPIPE: broken pipe, write
    at Socket._write (node:internal/net:63:18)
    at writeOrBuffer (node:internal/streams/writable:572:12)
    at _write (node:internal/streams/writable:501:10)
    at Writable.write (node:internal/streams/writable:510:10)
    at Console.log (C:\Users\Nuruzzaman\AppData\Local\npm-cache\_npx\7750544ccf494d8b\node_modules\winston\lib\winston\transports\console.js:87:23)
    at Console._write (C:\Users\Nuruzzaman\AppData\Local\npm-cache\_npx\7750544ccf494d8b\node_modules\winston-transport\modern.js:103:17)
    at doWrite (C:\Users\Nuruzzaman\AppData\Local\npm-cache\_npx\7750544ccf494d8b\node_modules\winston-transport\node_modules\readable-stream\lib\_stream_writable.js:390:139)
    at writeOrBuffer (C:\Users\Nuruzzaman\AppData\Local\npm-cache\_npx\7750544ccf494d8b\node_modules\winston-transport\node_modules\readable-stream\lib\_stream_writable.js:381:5)
    at Writable.write (C:\Users\Nuruzzaman\AppData\Local\npm-cache\_npx\7750544ccf494d8b\node_modules\winston-transport\node_modules\readable-stream\lib\_stream_writable.js:302:11)
    at DerivedLogger.ondata (C:\Users\Nuruzzaman\AppData\Local\npm-cache\_npx\7750544ccf494d8b\node_modules\winston\node_modules\readable-stream\lib\_stream_readable.js:629:20)
[error] 
[error] Error: An unexpected error has occurred.
[debug] [2026-06-09T09:11:43.534Z] Error: EPIPE: broken pipe, write
    at Socket._write (node:internal/net:63:18)
    at writeOrBuffer (node:internal/streams/writable:572:12)
    at _write (node:internal/streams/writable:501:10)
    at Writable.write (node:internal/streams/writable:510:10)
    at Console.log (C:\Users\Nuruzzaman\AppData\Local\npm-cache\_npx\7750544ccf494d8b\node_modules\winston\lib\winston\transports\console.js:87:23)
    at Console._write (C:\Users\Nuruzzaman\AppData\Local\npm-cache\_npx\7750544ccf494d8b\node_modules\winston-transport\modern.js:103:17)
    at doWrite (C:\Users\Nuruzzaman\AppData\Local\npm-cache\_npx\7750544ccf494d8b\node_modules\winston-transport\node_modules\readable-stream\lib\_stream_writable.js:390:139)
    at writeOrBuffer (C:\Users\Nuruzzaman\AppData\Local\npm-cache\_npx\7750544ccf494d8b\node_modules\winston-transport\node_modules\readable-stream\lib\_stream_writable.js:381:5)
    at Writable.write (C:\Users\Nuruzzaman\AppData\Local\npm-cache\_npx\7750544ccf494d8b\node_modules\winston-transport\node_modules\readable-stream\lib\_stream_writable.js:302:11)
    at DerivedLogger.ondata (C:\Users\Nuruzzaman\AppData\Local\npm-cache\_npx\7750544ccf494d8b\node_modules\winston\node_modules\readable-stream\lib\_stream_readable.js:629:20)
[error] 
[error] Error: An unexpected error has occurred.
[debug] [2026-06-09T09:11:43.534Z] Error: EPIPE: broken pipe, write
    at Socket._write (node:internal/net:63:18)
    at writeOrBuffer (node:internal/streams/writable:572:12)
    at _write (node:internal/streams/writable:501:10)
    at Writable.write (node:internal/streams/writable:510:10)
    at Console.log (C:\Users\Nuruzzaman\AppData\Local\npm-cache\_npx\7750544ccf494d8b\node_modules\winston\lib\winston\transports\console.js:87:23)
    at Console._write (C:\Users\Nuruzzaman\AppData\Local\npm-cache\_npx\7750544ccf494d8b\node_modules\winston-transport\modern.js:103:17)
    at doWrite (C:\Users\Nuruzzaman\AppData\Local\npm-cache\_npx\7750544ccf494d8b\node_modules\winston-transport\node_modules\readable-stream\lib\_stream_writable.js:390:139)
    at writeOrBuffer (C:\Users\Nuruzzaman\AppData\Local\npm-cache\_npx\7750544ccf494d8b\node_modules\winston-transport\node_modules\readable-stream\lib\_stream_writable.js:381:5)
    at Writable.write (C:\Users\Nuruzzaman\AppData\Local\npm-cache\_npx\7750544ccf494d8b\node_modules\winston-transport\node_modules\readable-stream\lib\_stream_writable.js:302:11)
    at DerivedLogger.ondata (C:\Users\Nuruzzaman\AppData\Local\npm-cache\_npx\7750544ccf494d8b\node_modules\winston\node_modules\readable-stream\lib\_stream_readable.js:629:20)
[error] 
[error] Error: An unexpected error has occurred.
[debug] [2026-06-09T09:11:43.534Z] Error: EPIPE: broken pipe, write
    at Socket._write (node:internal/net:63:18)
    at writeOrBuffer (node:internal/streams/writable:572:12)
    at _write (node:internal/streams/writable:501:10)
    at Writable.write (node:internal/streams/writable:510:10)
    at Console.log (C:\Users\Nuruzzaman\AppData\Local\npm-cache\_npx\7750544ccf494d8b\node_modules\winston\lib\winston\transports\console.js:87:23)
    at Console._write (C:\Users\Nuruzzaman\AppData\Local\npm-cache\_npx\7750544ccf494d8b\node_modules\winston-transport\modern.js:103:17)
    at doWrite (C:\Users\Nuruzzaman\AppData\Local\npm-cache\_npx\7750544ccf494d8b\node_modules\winston-transport\node_modules\readable-stream\lib\_stream_writable.js:390:139)
    at writeOrBuffer (C:\Users\Nuruzzaman\AppData\Local\npm-cache\_npx\7750544ccf494d8b\node_modules\winston-transport\node_modules\readable-stream\lib\_stream_writable.js:381:5)
    at Writable.write (C:\Users\Nuruzzaman\AppData\Local\npm-cache\_npx\7750544ccf494d8b\node_modules\winston-transport\node_modules\readable-stream\lib\_stream_writable.js:302:11)
    at DerivedLogger.ondata (C:\Users\Nuruzzaman\AppData\Local\npm-cache\_npx\7750544ccf494d8b\node_modules\winston\node_modules\readable-stream\lib\_stream_readable.js:629:20)
[error] 
[error] Error: An unexpected error has occurred.
[debug] [2026-06-09T09:11:43.534Z] Error: EPIPE: broken pipe, write
    at Socket._write (node:internal/net:63:18)
    at writeOrBuffer (node:internal/streams/writable:572:12)
    at _write (node:internal/streams/writable:501:10)
    at Writable.write (node:internal/streams/writable:510:10)
    at Console.log (C:\Users\Nuruzzaman\AppData\Local\npm-cache\_npx\7750544ccf494d8b\node_modules\winston\lib\winston\transports\console.js:87:23)
    at Console._write (C:\Users\Nuruzzaman\AppData\Local\npm-cache\_npx\7750544ccf494d8b\node_modules\winston-transport\modern.js:103:17)
    at doWrite (C:\Users\Nuruzzaman\AppData\Local\npm-cache\_npx\7750544ccf494d8b\node_modules\winston-transport\node_modules\readable-stream\lib\_stream_writable.js:390:139)
    at writeOrBuffer (C:\Users\Nuruzzaman\AppData\Local\npm-cache\_npx\7750544ccf494d8b\node_modules\winston-transport\node_modules\readable-stream\lib\_stream_writable.js:381:5)
    at Writable.write (C:\Users\Nuruzzaman\AppData\Local\npm-cache\_npx\7750544ccf494d8b\node_modules\winston-transport\node_modules\readable-stream\lib\_stream_writable.js:302:11)
    at DerivedLogger.ondata (C:\Users\Nuruzzaman\AppData\Local\npm-cache\_npx\7750544ccf494d8b\node_modules\winston\node_modules\readable-stream\lib\_stream_readable.js:629:20)
[error] 
[error] Error: An unexpected error has occurred.
[debug] [2026-06-09T09:11:43.534Z] Error: EPIPE: broken pipe, write
    at Socket._write (node:internal/net:63:18)
    at writeOrBuffer (node:internal/streams/writable:572:12)
    at _write (node:internal/streams/writable:501:10)
    at Writable.write (node:internal/streams/writable:510:10)
    at Console.log (C:\Users\Nuruzzaman\AppData\Local\npm-cache\_npx\7750544ccf494d8b\node_modules\winston\lib\winston\transports\console.js:87:23)
    at Console._write (C:\Users\Nuruzzaman\AppData\Local\npm-cache\_npx\7750544ccf494d8b\node_modules\winston-transport\modern.js:103:17)
    at doWrite (C:\Users\Nuruzzaman\AppData\Local\npm-cache\_npx\7750544ccf494d8b\node_modules\winston-transport\node_modules\readable-stream\lib\_stream_writable.js:390:139)
    at writeOrBuffer (C:\Users\Nuruzzaman\AppData\Local\npm-cache\_npx\7750544ccf494d8b\node_modules\winston-transport\node_modules\readable-stream\lib\_stream_writable.js:381:5)
    at Writable.write (C:\Users\Nuruzzaman\AppData\Local\npm-cache\_npx\7750544ccf494d8b\node_modules\winston-transport\node_modules\readable-stream\lib\_stream_writable.js:302:11)
    at DerivedLogger.ondata (C:\Users\Nuruzzaman\AppData\Local\npm-cache\_npx\7750544ccf494d8b\node_modules\winston\node_modules\readable-stream\lib\_stream_readable.js:629:20)
[error] 
[error] Error: An unexpected error has occurred.
[debug] [2026-06-09T09:11:43.535Z] Error: EPIPE: broken pipe, write
    at Socket._write (node:internal/net:63:18)
    at writeOrBuffer (node:internal/streams/writable:572:12)
    at _write (node:internal/streams/writable:501:10)
    at Writable.write (node:internal/streams/writable:510:10)
    at Console.log (C:\Users\Nuruzzaman\AppData\Local\npm-cache\_npx\7750544ccf494d8b\node_modules\winston\lib\winston\transports\console.js:87:23)
    at Console._write (C:\Users\Nuruzzaman\AppData\Local\npm-cache\_npx\7750544ccf494d8b\node_modules\winston-transport\modern.js:103:17)
    at doWrite (C:\Users\Nuruzzaman\AppData\Local\npm-cache\_npx\7750544ccf494d8b\node_modules\winston-transport\node_modules\readable-stream\lib\_stream_writable.js:390:139)
    at writeOrBuffer (C:\Users\Nuruzzaman\AppData\Local\npm-cache\_npx\7750544ccf494d8b\node_modules\winston-transport\node_modules\readable-stream\lib\_stream_writable.js:381:5)
    at Writable.write (C:\Users\Nuruzzaman\AppData\Local\npm-cache\_npx\7750544ccf494d8b\node_modules\winston-transport\node_modules\readable-stream\lib\_stream_writable.js:302:11)
    at DerivedLogger.ondata (C:\Users\Nuruzzaman\AppData\Local\npm-cache\_npx\7750544ccf494d8b\node_modules\winston\node_modules\readable-stream\lib\_stream_readable.js:629:20)
[error] 
[error] Error: An unexpected error has occurred.
[debug] [2026-06-09T09:11:43.535Z] Error: EPIPE: broken pipe, write
    at Socket._write (node:internal/net:63:18)
    at writeOrBuffer (node:internal/streams/writable:572:12)
    at _write (node:internal/streams/writable:501:10)
    at Writable.write (node:internal/streams/writable:510:10)
    at Console.log (C:\Users\Nuruzzaman\AppData\Local\npm-cache\_npx\7750544ccf494d8b\node_modules\winston\lib\winston\transports\console.js:87:23)
    at Console._write (C:\Users\Nuruzzaman\AppData\Local\npm-cache\_npx\7750544ccf494d8b\node_modules\winston-transport\modern.js:103:17)
    at doWrite (C:\Users\Nuruzzaman\AppData\Local\npm-cache\_npx\7750544ccf494d8b\node_modules\winston-transport\node_modules\readable-stream\lib\_stream_writable.js:390:139)
    at writeOrBuffer (C:\Users\Nuruzzaman\AppData\Local\npm-cache\_npx\7750544ccf494d8b\node_modules\winston-transport\node_modules\readable-stream\lib\_stream_writable.js:381:5)
    at Writable.write (C:\Users\Nuruzzaman\AppData\Local\npm-cache\_npx\7750544ccf494d8b\node_modules\winston-transport\node_modules\readable-stream\lib\_stream_writable.js:302:11)
    at DerivedLogger.ondata (C:\Users\Nuruzzaman\AppData\Local\npm-cache\_npx\7750544ccf494d8b\node_modules\winston\node_modules\readable-stream\lib\_stream_readable.js:629:20)
[error] 
[error] Error: An unexpected error has occurred.
[debug] [2026-06-09T09:11:43.535Z] Error: EPIPE: broken pipe, write
    at Socket._write (node:internal/net:63:18)
    at writeOrBuffer (node:internal/streams/writable:572:12)
    at _write (node:internal/streams/writable:501:10)
    at Writable.write (node:internal/streams/writable:510:10)
    at Console.log (C:\Users\Nuruzzaman\AppData\Local\npm-cache\_npx\7750544ccf494d8b\node_modules\winston\lib\winston\transports\console.js:87:23)
    at Console._write (C:\Users\Nuruzzaman\AppData\Local\npm-cache\_npx\7750544ccf494d8b\node_modules\winston-transport\modern.js:103:17)
    at doWrite (C:\Users\Nuruzzaman\AppData\Local\npm-cache\_npx\7750544ccf494d8b\node_modules\winston-transport\node_modules\readable-stream\lib\_stream_writable.js:390:139)
    at writeOrBuffer (C:\Users\Nuruzzaman\AppData\Local\npm-cache\_npx\7750544ccf494d8b\node_modules\winston-transport\node_modules\readable-stream\lib\_stream_writable.js:381:5)
    at Writable.write (C:\Users\Nuruzzaman\AppData\Local\npm-cache\_npx\7750544ccf494d8b\node_modules\winston-transport\node_modules\readable-stream\lib\_stream_writable.js:302:11)
    at DerivedLogger.ondata (C:\Users\Nuruzzaman\AppData\Local\npm-cache\_npx\7750544ccf494d8b\node_modules\winston\node_modules\readable-stream\lib\_stream_readable.js:629:20)
[error] 
[error] Error: An unexpected error has occurred.
[debug] [2026-06-09T09:11:43.535Z] Error: EPIPE: broken pipe, write
    at Socket._write (node:internal/net:63:18)
    at writeOrBuffer (node:internal/streams/writable:572:12)
    at _write (node:internal/streams/writable:501:10)
    at Writable.write (node:internal/streams/writable:510:10)
    at Console.log (C:\Users\Nuruzzaman\AppData\Local\npm-cache\_npx\7750544ccf494d8b\node_modules\winston\lib\winston\transports\console.js:87:23)
    at Console._write (C:\Users\Nuruzzaman\AppData\Local\npm-cache\_npx\7750544ccf494d8b\node_modules\winston-transport\modern.js:103:17)
    at doWrite (C:\Users\Nuruzzaman\AppData\Local\npm-cache\_npx\7750544ccf494d8b\node_modules\winston-transport\node_modules\readable-stream\lib\_stream_writable.js:390:139)
    at writeOrBuffer (C:\Users\Nuruzzaman\AppData\Local\npm-cache\_npx\7750544ccf494d8b\node_modules\winston-transport\node_modules\readable-stream\lib\_stream_writable.js:381:5)
    at Writable.write (C:\Users\Nuruzzaman\AppData\Local\npm-cache\_npx\7750544ccf494d8b\node_modules\winston-transport\node_modules\readable-stream\lib\_stream_writable.js:302:11)
    at DerivedLogger.ondata (C:\Users\Nuruzzaman\AppData\Local\npm-cache\_npx\7750544ccf494d8b\node_modules\winston\node_modules\readable-stream\lib\_stream_readable.js:629:20)
[error] 
[error] Error: An unexpected error has occurred.
[debug] [2026-06-09T09:11:43.536Z] Error: EPIPE: broken pipe, write
    at Socket._write (node:internal/net:63:18)
    at writeOrBuffer (node:internal/streams/writable:572:12)
    at _write (node:internal/streams/writable:501:10)
    at Writable.write (node:internal/streams/writable:510:10)
    at Console.log (C:\Users\Nuruzzaman\AppData\Local\npm-cache\_npx\7750544ccf494d8b\node_modules\winston\lib\winston\transports\console.js:87:23)
    at Console._write (C:\Users\Nuruzzaman\AppData\Local\npm-cache\_npx\7750544ccf494d8b\node_modules\winston-transport\modern.js:103:17)
    at doWrite (C:\Users\Nuruzzaman\AppData\Local\npm-cache\_npx\7750544ccf494d8b\node_modules\winston-transport\node_modules\readable-stream\lib\_stream_writable.js:390:139)
    at writeOrBuffer (C:\Users\Nuruzzaman\AppData\Local\npm-cache\_npx\7750544ccf494d8b\node_modules\winston-transport\node_modules\readable-stream\lib\_stream_writable.js:381:5)
    at Writable.write (C:\Users\Nuruzzaman\AppData\Local\npm-cache\_npx\7750544ccf494d8b\node_modules\winston-transport\node_modules\readable-stream\lib\_stream_writable.js:302:11)
    at DerivedLogger.ondata (C:\Users\Nuruzzaman\AppData\Local\npm-cache\_npx\7750544ccf494d8b\node_modules\winston\node_modules\readable-stream\lib\_stream_readable.js:629:20)
[error] 
[error] Error: An unexpected error has occurred.
[debug] [2026-06-09T09:11:43.536Z] Error: EPIPE: broken pipe, write
    at Socket._write (node:internal/net:63:18)
    at writeOrBuffer (node:internal/streams/writable:572:12)
    at _write (node:internal/streams/writable:501:10)
    at Writable.write (node:internal/streams/writable:510:10)
    at Console.log (C:\Users\Nuruzzaman\AppData\Local\npm-cache\_npx\7750544ccf494d8b\node_modules\winston\lib\winston\transports\console.js:87:23)
    at Console._write (C:\Users\Nuruzzaman\AppData\Local\npm-cache\_npx\7750544ccf494d8b\node_modules\winston-transport\modern.js:103:17)
    at doWrite (C:\Users\Nuruzzaman\AppData\Local\npm-cache\_npx\7750544ccf494d8b\node_modules\winston-transport\node_modules\readable-stream\lib\_stream_writable.js:390:139)
    at writeOrBuffer (C:\Users\Nuruzzaman\AppData\Local\npm-cache\_npx\7750544ccf494d8b\node_modules\winston-transport\node_modules\readable-stream\lib\_stream_writable.js:381:5)
    at Writable.write (C:\Users\Nuruzzaman\AppData\Local\npm-cache\_npx\7750544ccf494d8b\node_modules\winston-transport\node_modules\readable-stream\lib\_stream_writable.js:302:11)
    at DerivedLogger.ondata (C:\Users\Nuruzzaman\AppData\Local\npm-cache\_npx\7750544ccf494d8b\node_modules\winston\node_modules\readable-stream\lib\_stream_readable.js:629:20)
[error] 
[error] Error: An unexpected error has occurred.
[debug] [2026-06-09T09:11:43.536Z] Error: EPIPE: broken pipe, write
    at Socket._write (node:internal/net:63:18)
    at writeOrBuffer (node:internal/streams/writable:572:12)
    at _write (node:internal/streams/writable:501:10)
    at Writable.write (node:internal/streams/writable:510:10)
    at Console.log (C:\Users\Nuruzzaman\AppData\Local\npm-cache\_npx\7750544ccf494d8b\node_modules\winston\lib\winston\transports\console.js:87:23)
    at Console._write (C:\Users\Nuruzzaman\AppData\Local\npm-cache\_npx\7750544ccf494d8b\node_modules\winston-transport\modern.js:103:17)
    at doWrite (C:\Users\Nuruzzaman\AppData\Local\npm-cache\_npx\7750544ccf494d8b\node_modules\winston-transport\node_modules\readable-stream\lib\_stream_writable.js:390:139)
    at writeOrBuffer (C:\Users\Nuruzzaman\AppData\Local\npm-cache\_npx\7750544ccf494d8b\node_modules\winston-transport\node_modules\readable-stream\lib\_stream_writable.js:381:5)
    at Writable.write (C:\Users\Nuruzzaman\AppData\Local\npm-cache\_npx\7750544ccf494d8b\node_modules\winston-transport\node_modules\readable-stream\lib\_stream_writable.js:302:11)
    at DerivedLogger.ondata (C:\Users\Nuruzzaman\AppData\Local\npm-cache\_npx\7750544ccf494d8b\node_modules\winston\node_modules\readable-stream\lib\_stream_readable.js:629:20)
[error] 
[error] Error: An unexpected error has occurred.
[debug] [2026-06-09T09:11:43.537Z] Error: EPIPE: broken pipe, write
    at Socket._write (node:internal/net:63:18)
    at writeOrBuffer (node:internal/streams/writable:572:12)
    at _write (node:internal/streams/writable:501:10)
    at Writable.write (node:internal/streams/writable:510:10)
    at Console.log (C:\Users\Nuruzzaman\AppData\Local\npm-cache\_npx\7750544ccf494d8b\node_modules\winston\lib\winston\transports\console.js:87:23)
    at Console._write (C:\Users\Nuruzzaman\AppData\Local\npm-cache\_npx\7750544ccf494d8b\node_modules\winston-transport\modern.js:103:17)
    at doWrite (C:\Users\Nuruzzaman\AppData\Local\npm-cache\_npx\7750544ccf494d8b\node_modules\winston-transport\node_modules\readable-stream\lib\_stream_writable.js:390:139)
    at writeOrBuffer (C:\Users\Nuruzzaman\AppData\Local\npm-cache\_npx\7750544ccf494d8b\node_modules\winston-transport\node_modules\readable-stream\lib\_stream_writable.js:381:5)
    at Writable.write (C:\Users\Nuruzzaman\AppData\Local\npm-cache\_npx\7750544ccf494d8b\node_modules\winston-transport\node_modules\readable-stream\lib\_stream_writable.js:302:11)
    at DerivedLogger.ondata (C:\Users\Nuruzzaman\AppData\Local\npm-cache\_npx\7750544ccf494d8b\node_modules\winston\node_modules\readable-stream\lib\_stream_readable.js:629:20)
[error] 
[error] Error: An unexpected error has occurred.
[debug] [2026-06-09T09:11:43.537Z] Error: EPIPE: broken pipe, write
    at Socket._write (node:internal/net:63:18)
    at writeOrBuffer (node:internal/streams/writable:572:12)
    at _write (node:internal/streams/writable:501:10)
    at Writable.write (node:internal/streams/writable:510:10)
    at Console.log (C:\Users\Nuruzzaman\AppData\Local\npm-cache\_npx\7750544ccf494d8b\node_modules\winston\lib\winston\transports\console.js:87:23)
    at Console._write (C:\Users\Nuruzzaman\AppData\Local\npm-cache\_npx\7750544ccf494d8b\node_modules\winston-transport\modern.js:103:17)
    at doWrite (C:\Users\Nuruzzaman\AppData\Local\npm-cache\_npx\7750544ccf494d8b\node_modules\winston-transport\node_modules\readable-stream\lib\_stream_writable.js:390:139)
    at writeOrBuffer (C:\Users\Nuruzzaman\AppData\Local\npm-cache\_npx\7750544ccf494d8b\node_modules\winston-transport\node_modules\readable-stream\lib\_stream_writable.js:381:5)
    at Writable.write (C:\Users\Nuruzzaman\AppData\Local\npm-cache\_npx\7750544ccf494d8b\node_modules\winston-transport\node_modules\readable-stream\lib\_stream_writable.js:302:11)
    at DerivedLogger.ondata (C:\Users\Nuruzzaman\AppData\Local\npm-cache\_npx\7750544ccf494d8b\node_modules\winston\node_modules\readable-stream\lib\_stream_readable.js:629:20)
[error] 
[error] Error: An unexpected error has occurred.
[debug] [2026-06-09T09:11:43.537Z] Error: EPIPE: broken pipe, write
    at Socket._write (node:internal/net:63:18)
    at writeOrBuffer (node:internal/streams/writable:572:12)
    at _write (node:internal/streams/writable:501:10)
    at Writable.write (node:internal/streams/writable:510:10)
    at Console.log (C:\Users\Nuruzzaman\AppData\Local\npm-cache\_npx\7750544ccf494d8b\node_modules\winston\lib\winston\transports\console.js:87:23)
    at Console._write (C:\Users\Nuruzzaman\AppData\Local\npm-cache\_npx\7750544ccf494d8b\node_modules\winston-transport\modern.js:103:17)
    at doWrite (C:\Users\Nuruzzaman\AppData\Local\npm-cache\_npx\7750544ccf494d8b\node_modules\winston-transport\node_modules\readable-stream\lib\_stream_writable.js:390:139)
    at writeOrBuffer (C:\Users\Nuruzzaman\AppData\Local\npm-cache\_npx\7750544ccf494d8b\node_modules\winston-transport\node_modules\readable-stream\lib\_stream_writable.js:381:5)
    at Writable.write (C:\Users\Nuruzzaman\AppData\Local\npm-cache\_npx\7750544ccf494d8b\node_modules\winston-transport\node_modules\readable-stream\lib\_stream_writable.js:302:11)
    at DerivedLogger.ondata (C:\Users\Nuruzzaman\AppData\Local\npm-cache\_npx\7750544ccf494d8b\node_modules\winston\node_modules\readable-stream\lib\_stream_readable.js:629:20)
[error] 
[error] Error: An unexpected error has occurred.
[debug] [2026-06-09T09:11:43.537Z] Error: EPIPE: broken pipe, write
    at Socket._write (node:internal/net:63:18)
    at writeOrBuffer (node:internal/streams/writable:572:12)
    at _write (node:internal/streams/writable:501:10)
    at Writable.write (node:internal/streams/writable:510:10)
    at Console.log (C:\Users\Nuruzzaman\AppData\Local\npm-cache\_npx\7750544ccf494d8b\node_modules\winston\lib\winston\transports\console.js:87:23)
    at Console._write (C:\Users\Nuruzzaman\AppData\Local\npm-cache\_npx\7750544ccf494d8b\node_modules\winston-transport\modern.js:103:17)
    at doWrite (C:\Users\Nuruzzaman\AppData\Local\npm-cache\_npx\7750544ccf494d8b\node_modules\winston-transport\node_modules\readable-stream\lib\_stream_writable.js:390:139)
    at writeOrBuffer (C:\Users\Nuruzzaman\AppData\Local\npm-cache\_npx\7750544ccf494d8b\node_modules\winston-transport\node_modules\readable-stream\lib\_stream_writable.js:381:5)
    at Writable.write (C:\Users\Nuruzzaman\AppData\Local\npm-cache\_npx\7750544ccf494d8b\node_modules\winston-transport\node_modules\readable-stream\lib\_stream_writable.js:302:11)
    at DerivedLogger.ondata (C:\Users\Nuruzzaman\AppData\Local\npm-cache\_npx\7750544ccf494d8b\node_modules\winston\node_modules\readable-stream\lib\_stream_readable.js:629:20)
[error] 
[error] Error: An unexpected error has occurred.
[debug] [2026-06-09T09:11:43.537Z] Error: EPIPE: broken pipe, write
    at Socket._write (node:internal/net:63:18)
    at writeOrBuffer (node:internal/streams/writable:572:12)
    at _write (node:internal/streams/writable:501:10)
    at Writable.write (node:internal/streams/writable:510:10)
    at Console.log (C:\Users\Nuruzzaman\AppData\Local\npm-cache\_npx\7750544ccf494d8b\node_modules\winston\lib\winston\transports\console.js:87:23)
    at Console._write (C:\Users\Nuruzzaman\AppData\Local\npm-cache\_npx\7750544ccf494d8b\node_modules\winston-transport\modern.js:103:17)
    at doWrite (C:\Users\Nuruzzaman\AppData\Local\npm-cache\_npx\7750544ccf494d8b\node_modules\winston-transport\node_modules\readable-stream\lib\_stream_writable.js:390:139)
    at writeOrBuffer (C:\Users\Nuruzzaman\AppData\Local\npm-cache\_npx\7750544ccf494d8b\node_modules\winston-transport\node_modules\readable-stream\lib\_stream_writable.js:381:5)
    at Writable.write (C:\Users\Nuruzzaman\AppData\Local\npm-cache\_npx\7750544ccf494d8b\node_modules\winston-transport\node_modules\readable-stream\lib\_stream_writable.js:302:11)
    at DerivedLogger.ondata (C:\Users\Nuruzzaman\AppData\Local\npm-cache\_npx\7750544ccf494d8b\node_modules\winston\node_modules\readable-stream\lib\_stream_readable.js:629:20)
[error] 
[error] Error: An unexpected error has occurred.
[debug] [2026-06-09T09:11:43.537Z] Error: EPIPE: broken pipe, write
    at Socket._write (node:internal/net:63:18)
    at writeOrBuffer (node:internal/streams/writable:572:12)
    at _write (node:internal/streams/writable:501:10)
    at Writable.write (node:internal/streams/writable:510:10)
    at Console.log (C:\Users\Nuruzzaman\AppData\Local\npm-cache\_npx\7750544ccf494d8b\node_modules\winston\lib\winston\transports\console.js:87:23)
    at Console._write (C:\Users\Nuruzzaman\AppData\Local\npm-cache\_npx\7750544ccf494d8b\node_modules\winston-transport\modern.js:103:17)
    at doWrite (C:\Users\Nuruzzaman\AppData\Local\npm-cache\_npx\7750544ccf494d8b\node_modules\winston-transport\node_modules\readable-stream\lib\_stream_writable.js:390:139)
    at writeOrBuffer (C:\Users\Nuruzzaman\AppData\Local\npm-cache\_npx\7750544ccf494d8b\node_modules\winston-transport\node_modules\readable-stream\lib\_stream_writable.js:381:5)
    at Writable.write (C:\Users\Nuruzzaman\AppData\Local\npm-cache\_npx\7750544ccf494d8b\node_modules\winston-transport\node_modules\readable-stream\lib\_stream_writable.js:302:11)
    at DerivedLogger.ondata (C:\Users\Nuruzzaman\AppData\Local\npm-cache\_npx\7750544ccf494d8b\node_modules\winston\node_modules\readable-stream\lib\_stream_readable.js:629:20)
[error] 
[error] Error: An unexpected error has occurred.
[debug] [2026-06-09T09:11:43.538Z] Error: EPIPE: broken pipe, write
    at Socket._write (node:internal/net:63:18)
    at writeOrBuffer (node:internal/streams/writable:572:12)
    at _write (node:internal/streams/writable:501:10)
    at Writable.write (node:internal/streams/writable:510:10)
    at Console.log (C:\Users\Nuruzzaman\AppData\Local\npm-cache\_npx\7750544ccf494d8b\node_modules\winston\lib\winston\transports\console.js:87:23)
    at Console._write (C:\Users\Nuruzzaman\AppData\Local\npm-cache\_npx\7750544ccf494d8b\node_modules\winston-transport\modern.js:103:17)
    at doWrite (C:\Users\Nuruzzaman\AppData\Local\npm-cache\_npx\7750544ccf494d8b\node_modules\winston-transport\node_modules\readable-stream\lib\_stream_writable.js:390:139)
    at writeOrBuffer (C:\Users\Nuruzzaman\AppData\Local\npm-cache\_npx\7750544ccf494d8b\node_modules\winston-transport\node_modules\readable-stream\lib\_stream_writable.js:381:5)
    at Writable.write (C:\Users\Nuruzzaman\AppData\Local\npm-cache\_npx\7750544ccf494d8b\node_modules\winston-transport\node_modules\readable-stream\lib\_stream_writable.js:302:11)
    at DerivedLogger.ondata (C:\Users\Nuruzzaman\AppData\Local\npm-cache\_npx\7750544ccf494d8b\node_modules\winston\node_modules\readable-stream\lib\_stream_readable.js:629:20)
[error] 
[error] Error: An unexpected error has occurred.
[debug] [2026-06-09T09:11:43.538Z] Error: EPIPE: broken pipe, write
    at Socket._write (node:internal/net:63:18)
    at writeOrBuffer (node:internal/streams/writable:572:12)
    at _write (node:internal/streams/writable:501:10)
    at Writable.write (node:internal/streams/writable:510:10)
    at Console.log (C:\Users\Nuruzzaman\AppData\Local\npm-cache\_npx\7750544ccf494d8b\node_modules\winston\lib\winston\transports\console.js:87:23)
    at Console._write (C:\Users\Nuruzzaman\AppData\Local\npm-cache\_npx\7750544ccf494d8b\node_modules\winston-transport\modern.js:103:17)
    at doWrite (C:\Users\Nuruzzaman\AppData\Local\npm-cache\_npx\7750544ccf494d8b\node_modules\winston-transport\node_modules\readable-stream\lib\_stream_writable.js:390:139)
    at writeOrBuffer (C:\Users\Nuruzzaman\AppData\Local\npm-cache\_npx\7750544ccf494d8b\node_modules\winston-transport\node_modules\readable-stream\lib\_stream_writable.js:381:5)
    at Writable.write (C:\Users\Nuruzzaman\AppData\Local\npm-cache\_npx\7750544ccf494d8b\node_modules\winston-transport\node_modules\readable-stream\lib\_stream_writable.js:302:11)
    at DerivedLogger.ondata (C:\Users\Nuruzzaman\AppData\Local\npm-cache\_npx\7750544ccf494d8b\node_modules\winston\node_modules\readable-stream\lib\_stream_readable.js:629:20)
[error] 
[error] Error: An unexpected error has occurred.
[debug] [2026-06-09T09:11:43.538Z] Error: EPIPE: broken pipe, write
    at Socket._write (node:internal/net:63:18)
    at writeOrBuffer (node:internal/streams/writable:572:12)
    at _write (node:internal/streams/writable:501:10)
    at Writable.write (node:internal/streams/writable:510:10)
    at Console.log (C:\Users\Nuruzzaman\AppData\Local\npm-cache\_npx\7750544ccf494d8b\node_modules\winston\lib\winston\transports\console.js:87:23)
    at Console._write (C:\Users\Nuruzzaman\AppData\Local\npm-cache\_npx\7750544ccf494d8b\node_modules\winston-transport\modern.js:103:17)
    at doWrite (C:\Users\Nuruzzaman\AppData\Local\npm-cache\_npx\7750544ccf494d8b\node_modules\winston-transport\node_modules\readable-stream\lib\_stream_writable.js:390:139)
    at writeOrBuffer (C:\Users\Nuruzzaman\AppData\Local\npm-cache\_npx\7750544ccf494d8b\node_modules\winston-transport\node_modules\readable-stream\lib\_stream_writable.js:381:5)
    at Writable.write (C:\Users\Nuruzzaman\AppData\Local\npm-cache\_npx\7750544ccf494d8b\node_modules\winston-transport\node_modules\readable-stream\lib\_stream_writable.js:302:11)
    at DerivedLogger.ondata (C:\Users\Nuruzzaman\AppData\Local\npm-cache\_npx\7750544ccf494d8b\node_modules\winston\node_modules\readable-stream\lib\_stream_readable.js:629:20)
[error] 
[error] Error: An unexpected error has occurred.
[debug] [2026-06-09T09:11:43.538Z] Error: EPIPE: broken pipe, write
    at Socket._write (node:internal/net:63:18)
    at writeOrBuffer (node:internal/streams/writable:572:12)
    at _write (node:internal/streams/writable:501:10)
    at Writable.write (node:internal/streams/writable:510:10)
    at Console.log (C:\Users\Nuruzzaman\AppData\Local\npm-cache\_npx\7750544ccf494d8b\node_modules\winston\lib\winston\transports\console.js:87:23)
    at Console._write (C:\Users\Nuruzzaman\AppData\Local\npm-cache\_npx\7750544ccf494d8b\node_modules\winston-transport\modern.js:103:17)
    at doWrite (C:\Users\Nuruzzaman\AppData\Local\npm-cache\_npx\7750544ccf494d8b\node_modules\winston-transport\node_modules\readable-stream\lib\_stream_writable.js:390:139)
    at writeOrBuffer (C:\Users\Nuruzzaman\AppData\Local\npm-cache\_npx\7750544ccf494d8b\node_modules\winston-transport\node_modules\readable-stream\lib\_stream_writable.js:381:5)
    at Writable.write (C:\Users\Nuruzzaman\AppData\Local\npm-cache\_npx\7750544ccf494d8b\node_modules\winston-transport\node_modules\readable-stream\lib\_stream_writable.js:302:11)
    at DerivedLogger.ondata (C:\Users\Nuruzzaman\AppData\Local\npm-cache\_npx\7750544ccf494d8b\node_modules\winston\node_modules\readable-stream\lib\_stream_readable.js:629:20)
[error] 
[error] Error: An unexpected error has occurred.
[debug] [2026-06-09T09:11:43.539Z] Error: EPIPE: broken pipe, write
    at Socket._write (node:internal/net:63:18)
    at writeOrBuffer (node:internal/streams/writable:572:12)
    at _write (node:internal/streams/writable:501:10)
    at Writable.write (node:internal/streams/writable:510:10)
    at Console.log (C:\Users\Nuruzzaman\AppData\Local\npm-cache\_npx\7750544ccf494d8b\node_modules\winston\lib\winston\transports\console.js:87:23)
    at Console._write (C:\Users\Nuruzzaman\AppData\Local\npm-cache\_npx\7750544ccf494d8b\node_modules\winston-transport\modern.js:103:17)
    at doWrite (C:\Users\Nuruzzaman\AppData\Local\npm-cache\_npx\7750544ccf494d8b\node_modules\winston-transport\node_modules\readable-stream\lib\_stream_writable.js:390:139)
    at writeOrBuffer (C:\Users\Nuruzzaman\AppData\Local\npm-cache\_npx\7750544ccf494d8b\node_modules\winston-transport\node_modules\readable-stream\lib\_stream_writable.js:381:5)
    at Writable.write (C:\Users\Nuruzzaman\AppData\Local\npm-cache\_npx\7750544ccf494d8b\node_modules\winston-transport\node_modules\readable-stream\lib\_stream_writable.js:302:11)
    at DerivedLogger.ondata (C:\Users\Nuruzzaman\AppData\Local\npm-cache\_npx\7750544ccf494d8b\node_modules\winston\node_modules\readable-stream\lib\_stream_readable.js:629:20)
[error] 
[error] Error: An unexpected error has occurred.
[debug] [2026-06-09T09:11:43.539Z] Error: EPIPE: broken pipe, write
    at Socket._write (node:internal/net:63:18)
    at writeOrBuffer (node:internal/streams/writable:572:12)
    at _write (node:internal/streams/writable:501:10)
    at Writable.write (node:internal/streams/writable:510:10)
    at Console.log (C:\Users\Nuruzzaman\AppData\Local\npm-cache\_npx\7750544ccf494d8b\node_modules\winston\lib\winston\transports\console.js:87:23)
    at Console._write (C:\Users\Nuruzzaman\AppData\Local\npm-cache\_npx\7750544ccf494d8b\node_modules\winston-transport\modern.js:103:17)
    at doWrite (C:\Users\Nuruzzaman\AppData\Local\npm-cache\_npx\7750544ccf494d8b\node_modules\winston-transport\node_modules\readable-stream\lib\_stream_writable.js:390:139)
    at writeOrBuffer (C:\Users\Nuruzzaman\AppData\Local\npm-cache\_npx\7750544ccf494d8b\node_modules\winston-transport\node_modules\readable-stream\lib\_stream_writable.js:381:5)
    at Writable.write (C:\Users\Nuruzzaman\AppData\Local\npm-cache\_npx\7750544ccf494d8b\node_modules\winston-transport\node_modules\readable-stream\lib\_stream_writable.js:302:11)
    at DerivedLogger.ondata (C:\Users\Nuruzzaman\AppData\Local\npm-cache\_npx\7750544ccf494d8b\node_modules\winston\node_modules\readable-stream\lib\_stream_readable.js:629:20)
[error] 
[error] Error: An unexpected error has occurred.
[debug] [2026-06-09T09:11:43.540Z] Error: EPIPE: broken pipe, write
    at Socket._write (node:internal/net:63:18)
    at writeOrBuffer (node:internal/streams/writable:572:12)
    at _write (node:internal/streams/writable:501:10)
    at Writable.write (node:internal/streams/writable:510:10)
    at Console.log (C:\Users\Nuruzzaman\AppData\Local\npm-cache\_npx\7750544ccf494d8b\node_modules\winston\lib\winston\transports\console.js:87:23)
    at Console._write (C:\Users\Nuruzzaman\AppData\Local\npm-cache\_npx\7750544ccf494d8b\node_modules\winston-transport\modern.js:103:17)
    at doWrite (C:\Users\Nuruzzaman\AppData\Local\npm-cache\_npx\7750544ccf494d8b\node_modules\winston-transport\node_modules\readable-stream\lib\_stream_writable.js:390:139)
    at writeOrBuffer (C:\Users\Nuruzzaman\AppData\Local\npm-cache\_npx\7750544ccf494d8b\node_modules\winston-transport\node_modules\readable-stream\lib\_stream_writable.js:381:5)
    at Writable.write (C:\Users\Nuruzzaman\AppData\Local\npm-cache\_npx\7750544ccf494d8b\node_modules\winston-transport\node_modules\readable-stream\lib\_stream_writable.js:302:11)
    at DerivedLogger.ondata (C:\Users\Nuruzzaman\AppData\Local\npm-cache\_npx\7750544ccf494d8b\node_modules\winston\node_modules\readable-stream\lib\_stream_readable.js:629:20)
[error] 
[error] Error: An unexpected error has occurred.
[debug] [2026-06-09T09:11:43.540Z] Error: EPIPE: broken pipe, write
    at Socket._write (node:internal/net:63:18)
    at writeOrBuffer (node:internal/streams/writable:572:12)
    at _write (node:internal/streams/writable:501:10)
    at Writable.write (node:internal/streams/writable:510:10)
    at Console.log (C:\Users\Nuruzzaman\AppData\Local\npm-cache\_npx\7750544ccf494d8b\node_modules\winston\lib\winston\transports\console.js:87:23)
    at Console._write (C:\Users\Nuruzzaman\AppData\Local\npm-cache\_npx\7750544ccf494d8b\node_modules\winston-transport\modern.js:103:17)
    at doWrite (C:\Users\Nuruzzaman\AppData\Local\npm-cache\_npx\7750544ccf494d8b\node_modules\winston-transport\node_modules\readable-stream\lib\_stream_writable.js:390:139)
    at writeOrBuffer (C:\Users\Nuruzzaman\AppData\Local\npm-cache\_npx\7750544ccf494d8b\node_modules\winston-transport\node_modules\readable-stream\lib\_stream_writable.js:381:5)
    at Writable.write (C:\Users\Nuruzzaman\AppData\Local\npm-cache\_npx\7750544ccf494d8b\node_modules\winston-transport\node_modules\readable-stream\lib\_stream_writable.js:302:11)
    at DerivedLogger.ondata (C:\Users\Nuruzzaman\AppData\Local\npm-cache\_npx\7750544ccf494d8b\node_modules\winston\node_modules\readable-stream\lib\_stream_readable.js:629:20)
[error] 
[error] Error: An unexpected error has occurred.
[debug] [2026-06-09T09:11:43.540Z] Error: EPIPE: broken pipe, write
    at Socket._write (node:internal/net:63:18)
    at writeOrBuffer (node:internal/streams/writable:572:12)
    at _write (node:internal/streams/writable:501:10)
    at Writable.write (node:internal/streams/writable:510:10)
    at Console.log (C:\Users\Nuruzzaman\AppData\Local\npm-cache\_npx\7750544ccf494d8b\node_modules\winston\lib\winston\transports\console.js:87:23)
    at Console._write (C:\Users\Nuruzzaman\AppData\Local\npm-cache\_npx\7750544ccf494d8b\node_modules\winston-transport\modern.js:103:17)
    at doWrite (C:\Users\Nuruzzaman\AppData\Local\npm-cache\_npx\7750544ccf494d8b\node_modules\winston-transport\node_modules\readable-stream\lib\_stream_writable.js:390:139)
    at writeOrBuffer (C:\Users\Nuruzzaman\AppData\Local\npm-cache\_npx\7750544ccf494d8b\node_modules\winston-transport\node_modules\readable-stream\lib\_stream_writable.js:381:5)
    at Writable.write (C:\Users\Nuruzzaman\AppData\Local\npm-cache\_npx\7750544ccf494d8b\node_modules\winston-transport\node_modules\readable-stream\lib\_stream_writable.js:302:11)
    at DerivedLogger.ondata (C:\Users\Nuruzzaman\AppData\Local\npm-cache\_npx\7750544ccf494d8b\node_modules\winston\node_modules\readable-stream\lib\_stream_readable.js:629:20)
[error] 
[error] Error: An unexpected error has occurred.
[debug] [2026-06-09T09:11:43.540Z] Error: EPIPE: broken pipe, write
    at Socket._write (node:internal/net:63:18)
    at writeOrBuffer (node:internal/streams/writable:572:12)
    at _write (node:internal/streams/writable:501:10)
    at Writable.write (node:internal/streams/writable:510:10)
    at Console.log (C:\Users\Nuruzzaman\AppData\Local\npm-cache\_npx\7750544ccf494d8b\node_modules\winston\lib\winston\transports\console.js:87:23)
    at Console._write (C:\Users\Nuruzzaman\AppData\Local\npm-cache\_npx\7750544ccf494d8b\node_modules\winston-transport\modern.js:103:17)
    at doWrite (C:\Users\Nuruzzaman\AppData\Local\npm-cache\_npx\7750544ccf494d8b\node_modules\winston-transport\node_modules\readable-stream\lib\_stream_writable.js:390:139)
    at writeOrBuffer (C:\Users\Nuruzzaman\AppData\Local\npm-cache\_npx\7750544ccf494d8b\node_modules\winston-transport\node_modules\readable-stream\lib\_stream_writable.js:381:5)
    at Writable.write (C:\Users\Nuruzzaman\AppData\Local\npm-cache\_npx\7750544ccf494d8b\node_modules\winston-transport\node_modules\readable-stream\lib\_stream_writable.js:302:11)
    at DerivedLogger.ondata (C:\Users\Nuruzzaman\AppData\Local\npm-cache\_npx\7750544ccf494d8b\node_modules\winston\node_modules\readable-stream\lib\_stream_readable.js:629:20)
[error] 
[error] Error: An unexpected error has occurred.
[debug] [2026-06-09T09:11:43.540Z] Error: EPIPE: broken pipe, write
    at Socket._write (node:internal/net:63:18)
    at writeOrBuffer (node:internal/streams/writable:572:12)
    at _write (node:internal/streams/writable:501:10)
    at Writable.write (node:internal/streams/writable:510:10)
    at Console.log (C:\Users\Nuruzzaman\AppData\Local\npm-cache\_npx\7750544ccf494d8b\node_modules\winston\lib\winston\transports\console.js:87:23)
    at Console._write (C:\Users\Nuruzzaman\AppData\Local\npm-cache\_npx\7750544ccf494d8b\node_modules\winston-transport\modern.js:103:17)
    at doWrite (C:\Users\Nuruzzaman\AppData\Local\npm-cache\_npx\7750544ccf494d8b\node_modules\winston-transport\node_modules\readable-stream\lib\_stream_writable.js:390:139)
    at writeOrBuffer (C:\Users\Nuruzzaman\AppData\Local\npm-cache\_npx\7750544ccf494d8b\node_modules\winston-transport\node_modules\readable-stream\lib\_stream_writable.js:381:5)
    at Writable.write (C:\Users\Nuruzzaman\AppData\Local\npm-cache\_npx\7750544ccf494d8b\node_modules\winston-transport\node_modules\readable-stream\lib\_stream_writable.js:302:11)
    at DerivedLogger.ondata (C:\Users\Nuruzzaman\AppData\Local\npm-cache\_npx\7750544ccf494d8b\node_modules\winston\node_modules\readable-stream\lib\_stream_readable.js:629:20)
[error] 
[error] Error: An unexpected error has occurred.
[debug] [2026-06-09T09:11:43.541Z] Error: EPIPE: broken pipe, write
    at Socket._write (node:internal/net:63:18)
    at writeOrBuffer (node:internal/streams/writable:572:12)
    at _write (node:internal/streams/writable:501:10)
    at Writable.write (node:internal/streams/writable:510:10)
    at Console.log (C:\Users\Nuruzzaman\AppData\Local\npm-cache\_npx\7750544ccf494d8b\node_modules\winston\lib\winston\transports\console.js:87:23)
    at Console._write (C:\Users\Nuruzzaman\AppData\Local\npm-cache\_npx\7750544ccf494d8b\node_modules\winston-transport\modern.js:103:17)
    at doWrite (C:\Users\Nuruzzaman\AppData\Local\npm-cache\_npx\7750544ccf494d8b\node_modules\winston-transport\node_modules\readable-stream\lib\_stream_writable.js:390:139)
    at writeOrBuffer (C:\Users\Nuruzzaman\AppData\Local\npm-cache\_npx\7750544ccf494d8b\node_modules\winston-transport\node_modules\readable-stream\lib\_stream_writable.js:381:5)
    at Writable.write (C:\Users\Nuruzzaman\AppData\Local\npm-cache\_npx\7750544ccf494d8b\node_modules\winston-transport\node_modules\readable-stream\lib\_stream_writable.js:302:11)
    at DerivedLogger.ondata (C:\Users\Nuruzzaman\AppData\Local\npm-cache\_npx\7750544ccf494d8b\node_modules\winston\node_modules\readable-stream\lib\_stream_readable.js:629:20)
[error] 
[error] Error: An unexpected error has occurred.
[debug] [2026-06-09T09:11:43.541Z] Error: EPIPE: broken pipe, write
    at Socket._write (node:internal/net:63:18)
    at writeOrBuffer (node:internal/streams/writable:572:12)
    at _write (node:internal/streams/writable:501:10)
    at Writable.write (node:internal/streams/writable:510:10)
    at Console.log (C:\Users\Nuruzzaman\AppData\Local\npm-cache\_npx\7750544ccf494d8b\node_modules\winston\lib\winston\transports\console.js:87:23)
    at Console._write (C:\Users\Nuruzzaman\AppData\Local\npm-cache\_npx\7750544ccf494d8b\node_modules\winston-transport\modern.js:103:17)
    at doWrite (C:\Users\Nuruzzaman\AppData\Local\npm-cache\_npx\7750544ccf494d8b\node_modules\winston-transport\node_modules\readable-stream\lib\_stream_writable.js:390:139)
    at writeOrBuffer (C:\Users\Nuruzzaman\AppData\Local\npm-cache\_npx\7750544ccf494d8b\node_modules\winston-transport\node_modules\readable-stream\lib\_stream_writable.js:381:5)
    at Writable.write (C:\Users\Nuruzzaman\AppData\Local\npm-cache\_npx\7750544ccf494d8b\node_modules\winston-transport\node_modules\readable-stream\lib\_stream_writable.js:302:11)
    at DerivedLogger.ondata (C:\Users\Nuruzzaman\AppData\Local\npm-cache\_npx\7750544ccf494d8b\node_modules\winston\node_modules\readable-stream\lib\_stream_readable.js:629:20)
[error] 
[error] Error: An unexpected error has occurred.
[debug] [2026-06-09T09:11:43.541Z] Error: EPIPE: broken pipe, write
    at Socket._write (node:internal/net:63:18)
    at writeOrBuffer (node:internal/streams/writable:572:12)
    at _write (node:internal/streams/writable:501:10)
    at Writable.write (node:internal/streams/writable:510:10)
    at Console.log (C:\Users\Nuruzzaman\AppData\Local\npm-cache\_npx\7750544ccf494d8b\node_modules\winston\lib\winston\transports\console.js:87:23)
    at Console._write (C:\Users\Nuruzzaman\AppData\Local\npm-cache\_npx\7750544ccf494d8b\node_modules\winston-transport\modern.js:103:17)
    at doWrite (C:\Users\Nuruzzaman\AppData\Local\npm-cache\_npx\7750544ccf494d8b\node_modules\winston-transport\node_modules\readable-stream\lib\_stream_writable.js:390:139)
    at writeOrBuffer (C:\Users\Nuruzzaman\AppData\Local\npm-cache\_npx\7750544ccf494d8b\node_modules\winston-transport\node_modules\readable-stream\lib\_stream_writable.js:381:5)
    at Writable.write (C:\Users\Nuruzzaman\AppData\Local\npm-cache\_npx\7750544ccf494d8b\node_modules\winston-transport\node_modules\readable-stream\lib\_stream_writable.js:302:11)
    at DerivedLogger.ondata (C:\Users\Nuruzzaman\AppData\Local\npm-cache\_npx\7750544ccf494d8b\node_modules\winston\node_modules\readable-stream\lib\_stream_readable.js:629:20)
[error] 
[error] Error: An unexpected error has occurred.
[debug] [2026-06-09T09:11:43.541Z] Error: EPIPE: broken pipe, write
    at Socket._write (node:internal/net:63:18)
    at writeOrBuffer (node:internal/streams/writable:572:12)
    at _write (node:internal/streams/writable:501:10)
    at Writable.write (node:internal/streams/writable:510:10)
    at Console.log (C:\Users\Nuruzzaman\AppData\Local\npm-cache\_npx\7750544ccf494d8b\node_modules\winston\lib\winston\transports\console.js:87:23)
    at Console._write (C:\Users\Nuruzzaman\AppData\Local\npm-cache\_npx\7750544ccf494d8b\node_modules\winston-transport\modern.js:103:17)
    at doWrite (C:\Users\Nuruzzaman\AppData\Local\npm-cache\_npx\7750544ccf494d8b\node_modules\winston-transport\node_modules\readable-stream\lib\_stream_writable.js:390:139)
    at writeOrBuffer (C:\Users\Nuruzzaman\AppData\Local\npm-cache\_npx\7750544ccf494d8b\node_modules\winston-transport\node_modules\readable-stream\lib\_stream_writable.js:381:5)
    at Writable.write (C:\Users\Nuruzzaman\AppData\Local\npm-cache\_npx\7750544ccf494d8b\node_modules\winston-transport\node_modules\readable-stream\lib\_stream_writable.js:302:11)
    at DerivedLogger.ondata (C:\Users\Nuruzzaman\AppData\Local\npm-cache\_npx\7750544ccf494d8b\node_modules\winston\node_modules\readable-stream\lib\_stream_readable.js:629:20)
[error] 
[error] Error: An unexpected error has occurred.
[debug] [2026-06-09T09:11:43.541Z] Error: EPIPE: broken pipe, write
    at Socket._write (node:internal/net:63:18)
    at writeOrBuffer (node:internal/streams/writable:572:12)
    at _write (node:internal/streams/writable:501:10)
    at Writable.write (node:internal/streams/writable:510:10)
    at Console.log (C:\Users\Nuruzzaman\AppData\Local\npm-cache\_npx\7750544ccf494d8b\node_modules\winston\lib\winston\transports\console.js:87:23)
    at Console._write (C:\Users\Nuruzzaman\AppData\Local\npm-cache\_npx\7750544ccf494d8b\node_modules\winston-transport\modern.js:103:17)
    at doWrite (C:\Users\Nuruzzaman\AppData\Local\npm-cache\_npx\7750544ccf494d8b\node_modules\winston-transport\node_modules\readable-stream\lib\_stream_writable.js:390:139)
    at writeOrBuffer (C:\Users\Nuruzzaman\AppData\Local\npm-cache\_npx\7750544ccf494d8b\node_modules\winston-transport\node_modules\readable-stream\lib\_stream_writable.js:381:5)
    at Writable.write (C:\Users\Nuruzzaman\AppData\Local\npm-cache\_npx\7750544ccf494d8b\node_modules\winston-transport\node_modules\readable-stream\lib\_stream_writable.js:302:11)
    at DerivedLogger.ondata (C:\Users\Nuruzzaman\AppData\Local\npm-cache\_npx\7750544ccf494d8b\node_modules\winston\node_modules\readable-stream\lib\_stream_readable.js:629:20)
[error] 
[error] Error: An unexpected error has occurred.
[debug] [2026-06-09T09:11:43.541Z] Error: EPIPE: broken pipe, write
    at Socket._write (node:internal/net:63:18)
    at writeOrBuffer (node:internal/streams/writable:572:12)
    at _write (node:internal/streams/writable:501:10)
    at Writable.write (node:internal/streams/writable:510:10)
    at Console.log (C:\Users\Nuruzzaman\AppData\Local\npm-cache\_npx\7750544ccf494d8b\node_modules\winston\lib\winston\transports\console.js:87:23)
    at Console._write (C:\Users\Nuruzzaman\AppData\Local\npm-cache\_npx\7750544ccf494d8b\node_modules\winston-transport\modern.js:103:17)
    at doWrite (C:\Users\Nuruzzaman\AppData\Local\npm-cache\_npx\7750544ccf494d8b\node_modules\winston-transport\node_modules\readable-stream\lib\_stream_writable.js:390:139)
    at writeOrBuffer (C:\Users\Nuruzzaman\AppData\Local\npm-cache\_npx\7750544ccf494d8b\node_modules\winston-transport\node_modules\readable-stream\lib\_stream_writable.js:381:5)
    at Writable.write (C:\Users\Nuruzzaman\AppData\Local\npm-cache\_npx\7750544ccf494d8b\node_modules\winston-transport\node_modules\readable-stream\lib\_stream_writable.js:302:11)
    at DerivedLogger.ondata (C:\Users\Nuruzzaman\AppData\Local\npm-cache\_npx\7750544ccf494d8b\node_modules\winston\node_modules\readable-stream\lib\_stream_readable.js:629:20)
[error] 
[error] Error: An unexpected error has occurred.
[debug] [2026-06-09T09:11:43.542Z] Error: EPIPE: broken pipe, write
    at Socket._write (node:internal/net:63:18)
    at writeOrBuffer (node:internal/streams/writable:572:12)
    at _write (node:internal/streams/writable:501:10)
    at Writable.write (node:internal/streams/writable:510:10)
    at Console.log (C:\Users\Nuruzzaman\AppData\Local\npm-cache\_npx\7750544ccf494d8b\node_modules\winston\lib\winston\transports\console.js:87:23)
    at Console._write (C:\Users\Nuruzzaman\AppData\Local\npm-cache\_npx\7750544ccf494d8b\node_modules\winston-transport\modern.js:103:17)
    at doWrite (C:\Users\Nuruzzaman\AppData\Local\npm-cache\_npx\7750544ccf494d8b\node_modules\winston-transport\node_modules\readable-stream\lib\_stream_writable.js:390:139)
    at writeOrBuffer (C:\Users\Nuruzzaman\AppData\Local\npm-cache\_npx\7750544ccf494d8b\node_modules\winston-transport\node_modules\readable-stream\lib\_stream_writable.js:381:5)
    at Writable.write (C:\Users\Nuruzzaman\AppData\Local\npm-cache\_npx\7750544ccf494d8b\node_modules\winston-transport\node_modules\readable-stream\lib\_stream_writable.js:302:11)
    at DerivedLogger.ondata (C:\Users\Nuruzzaman\AppData\Local\npm-cache\_npx\7750544ccf494d8b\node_modules\winston\node_modules\readable-stream\lib\_stream_readable.js:629:20)
[error] 
[error] Error: An unexpected error has occurred.
[debug] [2026-06-09T09:11:43.543Z] Error: EPIPE: broken pipe, write
    at Socket._write (node:internal/net:63:18)
    at writeOrBuffer (node:internal/streams/writable:572:12)
    at _write (node:internal/streams/writable:501:10)
    at Writable.write (node:internal/streams/writable:510:10)
    at Console.log (C:\Users\Nuruzzaman\AppData\Local\npm-cache\_npx\7750544ccf494d8b\node_modules\winston\lib\winston\transports\console.js:87:23)
    at Console._write (C:\Users\Nuruzzaman\AppData\Local\npm-cache\_npx\7750544ccf494d8b\node_modules\winston-transport\modern.js:103:17)
    at doWrite (C:\Users\Nuruzzaman\AppData\Local\npm-cache\_npx\7750544ccf494d8b\node_modules\winston-transport\node_modules\readable-stream\lib\_stream_writable.js:390:139)
    at writeOrBuffer (C:\Users\Nuruzzaman\AppData\Local\npm-cache\_npx\7750544ccf494d8b\node_modules\winston-transport\node_modules\readable-stream\lib\_stream_writable.js:381:5)
    at Writable.write (C:\Users\Nuruzzaman\AppData\Local\npm-cache\_npx\7750544ccf494d8b\node_modules\winston-transport\node_modules\readable-stream\lib\_stream_writable.js:302:11)
    at DerivedLogger.ondata (C:\Users\Nuruzzaman\AppData\Local\npm-cache\_npx\7750544ccf494d8b\node_modules\winston\node_modules\readable-stream\lib\_stream_readable.js:629:20)
[error] 
[error] Error: An unexpected error has occurred.
[debug] [2026-06-09T09:11:43.543Z] Error: EPIPE: broken pipe, write
    at Socket._write (node:internal/net:63:18)
    at writeOrBuffer (node:internal/streams/writable:572:12)
    at _write (node:internal/streams/writable:501:10)
    at Writable.write (node:internal/streams/writable:510:10)
    at Console.log (C:\Users\Nuruzzaman\AppData\Local\npm-cache\_npx\7750544ccf494d8b\node_modules\winston\lib\winston\transports\console.js:87:23)
    at Console._write (C:\Users\Nuruzzaman\AppData\Local\npm-cache\_npx\7750544ccf494d8b\node_modules\winston-transport\modern.js:103:17)
    at doWrite (C:\Users\Nuruzzaman\AppData\Local\npm-cache\_npx\7750544ccf494d8b\node_modules\winston-transport\node_modules\readable-stream\lib\_stream_writable.js:390:139)
    at writeOrBuffer (C:\Users\Nuruzzaman\AppData\Local\npm-cache\_npx\7750544ccf494d8b\node_modules\winston-transport\node_modules\readable-stream\lib\_stream_writable.js:381:5)
    at Writable.write (C:\Users\Nuruzzaman\AppData\Local\npm-cache\_npx\7750544ccf494d8b\node_modules\winston-transport\node_modules\readable-stream\lib\_stream_writable.js:302:11)
    at DerivedLogger.ondata (C:\Users\Nuruzzaman\AppData\Local\npm-cache\_npx\7750544ccf494d8b\node_modules\winston\node_modules\readable-stream\lib\_stream_readable.js:629:20)
[error] 
[error] Error: An unexpected error has occurred.
[debug] [2026-06-09T09:11:43.543Z] Error: EPIPE: broken pipe, write
    at Socket._write (node:internal/net:63:18)
    at writeOrBuffer (node:internal/streams/writable:572:12)
    at _write (node:internal/streams/writable:501:10)
    at Writable.write (node:internal/streams/writable:510:10)
    at Console.log (C:\Users\Nuruzzaman\AppData\Local\npm-cache\_npx\7750544ccf494d8b\node_modules\winston\lib\winston\transports\console.js:87:23)
    at Console._write (C:\Users\Nuruzzaman\AppData\Local\npm-cache\_npx\7750544ccf494d8b\node_modules\winston-transport\modern.js:103:17)
    at doWrite (C:\Users\Nuruzzaman\AppData\Local\npm-cache\_npx\7750544ccf494d8b\node_modules\winston-transport\node_modules\readable-stream\lib\_stream_writable.js:390:139)
    at writeOrBuffer (C:\Users\Nuruzzaman\AppData\Local\npm-cache\_npx\7750544ccf494d8b\node_modules\winston-transport\node_modules\readable-stream\lib\_stream_writable.js:381:5)
    at Writable.write (C:\Users\Nuruzzaman\AppData\Local\npm-cache\_npx\7750544ccf494d8b\node_modules\winston-transport\node_modules\readable-stream\lib\_stream_writable.js:302:11)
    at DerivedLogger.ondata (C:\Users\Nuruzzaman\AppData\Local\npm-cache\_npx\7750544ccf494d8b\node_modules\winston\node_modules\readable-stream\lib\_stream_readable.js:629:20)
[error] 
[error] Error: An unexpected error has occurred.
[debug] [2026-06-09T09:11:43.544Z] Error: EPIPE: broken pipe, write
    at Socket._write (node:internal/net:63:18)
    at writeOrBuffer (node:internal/streams/writable:572:12)
    at _write (node:internal/streams/writable:501:10)
    at Writable.write (node:internal/streams/writable:510:10)
    at Console.log (C:\Users\Nuruzzaman\AppData\Local\npm-cache\_npx\7750544ccf494d8b\node_modules\winston\lib\winston\transports\console.js:87:23)
    at Console._write (C:\Users\Nuruzzaman\AppData\Local\npm-cache\_npx\7750544ccf494d8b\node_modules\winston-transport\modern.js:103:17)
    at doWrite (C:\Users\Nuruzzaman\AppData\Local\npm-cache\_npx\7750544ccf494d8b\node_modules\winston-transport\node_modules\readable-stream\lib\_stream_writable.js:390:139)
    at writeOrBuffer (C:\Users\Nuruzzaman\AppData\Local\npm-cache\_npx\7750544ccf494d8b\node_modules\winston-transport\node_modules\readable-stream\lib\_stream_writable.js:381:5)
    at Writable.write (C:\Users\Nuruzzaman\AppData\Local\npm-cache\_npx\7750544ccf494d8b\node_modules\winston-transport\node_modules\readable-stream\lib\_stream_writable.js:302:11)
    at DerivedLogger.ondata (C:\Users\Nuruzzaman\AppData\Local\npm-cache\_npx\7750544ccf494d8b\node_modules\winston\node_modules\readable-stream\lib\_stream_readable.js:629:20)
[error] 
[error] Error: An unexpected error has occurred.
[debug] [2026-06-09T09:11:43.544Z] Error: EPIPE: broken pipe, write
    at Socket._write (node:internal/net:63:18)
    at writeOrBuffer (node:internal/streams/writable:572:12)
    at _write (node:internal/streams/writable:501:10)
    at Writable.write (node:internal/streams/writable:510:10)
    at Console.log (C:\Users\Nuruzzaman\AppData\Local\npm-cache\_npx\7750544ccf494d8b\node_modules\winston\lib\winston\transports\console.js:87:23)
    at Console._write (C:\Users\Nuruzzaman\AppData\Local\npm-cache\_npx\7750544ccf494d8b\node_modules\winston-transport\modern.js:103:17)
    at doWrite (C:\Users\Nuruzzaman\AppData\Local\npm-cache\_npx\7750544ccf494d8b\node_modules\winston-transport\node_modules\readable-stream\lib\_stream_writable.js:390:139)
    at writeOrBuffer (C:\Users\Nuruzzaman\AppData\Local\npm-cache\_npx\7750544ccf494d8b\node_modules\winston-transport\node_modules\readable-stream\lib\_stream_writable.js:381:5)
    at Writable.write (C:\Users\Nuruzzaman\AppData\Local\npm-cache\_npx\7750544ccf494d8b\node_modules\winston-transport\node_modules\readable-stream\lib\_stream_writable.js:302:11)
    at DerivedLogger.ondata (C:\Users\Nuruzzaman\AppData\Local\npm-cache\_npx\7750544ccf494d8b\node_modules\winston\node_modules\readable-stream\lib\_stream_readable.js:629:20)
[error] 
[error] Error: An unexpected error has occurred.
[debug] [2026-06-09T09:11:43.544Z] Error: EPIPE: broken pipe, write
    at Socket._write (node:internal/net:63:18)
    at writeOrBuffer (node:internal/streams/writable:572:12)
    at _write (node:internal/streams/writable:501:10)
    at Writable.write (node:internal/streams/writable:510:10)
    at Console.log (C:\Users\Nuruzzaman\AppData\Local\npm-cache\_npx\7750544ccf494d8b\node_modules\winston\lib\winston\transports\console.js:87:23)
    at Console._write (C:\Users\Nuruzzaman\AppData\Local\npm-cache\_npx\7750544ccf494d8b\node_modules\winston-transport\modern.js:103:17)
    at doWrite (C:\Users\Nuruzzaman\AppData\Local\npm-cache\_npx\7750544ccf494d8b\node_modules\winston-transport\node_modules\readable-stream\lib\_stream_writable.js:390:139)
    at writeOrBuffer (C:\Users\Nuruzzaman\AppData\Local\npm-cache\_npx\7750544ccf494d8b\node_modules\winston-transport\node_modules\readable-stream\lib\_stream_writable.js:381:5)
    at Writable.write (C:\Users\Nuruzzaman\AppData\Local\npm-cache\_npx\7750544ccf494d8b\node_modules\winston-transport\node_modules\readable-stream\lib\_stream_writable.js:302:11)
    at DerivedLogger.ondata (C:\Users\Nuruzzaman\AppData\Local\npm-cache\_npx\7750544ccf494d8b\node_modules\winston\node_modules\readable-stream\lib\_stream_readable.js:629:20)
[error] 
[error] Error: An unexpected error has occurred.
[debug] [2026-06-09T09:11:43.544Z] Error: EPIPE: broken pipe, write
    at Socket._write (node:internal/net:63:18)
    at writeOrBuffer (node:internal/streams/writable:572:12)
    at _write (node:internal/streams/writable:501:10)
    at Writable.write (node:internal/streams/writable:510:10)
    at Console.log (C:\Users\Nuruzzaman\AppData\Local\npm-cache\_npx\7750544ccf494d8b\node_modules\winston\lib\winston\transports\console.js:87:23)
    at Console._write (C:\Users\Nuruzzaman\AppData\Local\npm-cache\_npx\7750544ccf494d8b\node_modules\winston-transport\modern.js:103:17)
    at doWrite (C:\Users\Nuruzzaman\AppData\Local\npm-cache\_npx\7750544ccf494d8b\node_modules\winston-transport\node_modules\readable-stream\lib\_stream_writable.js:390:139)
    at writeOrBuffer (C:\Users\Nuruzzaman\AppData\Local\npm-cache\_npx\7750544ccf494d8b\node_modules\winston-transport\node_modules\readable-stream\lib\_stream_writable.js:381:5)
    at Writable.write (C:\Users\Nuruzzaman\AppData\Local\npm-cache\_npx\7750544ccf494d8b\node_modules\winston-transport\node_modules\readable-stream\lib\_stream_writable.js:302:11)
    at DerivedLogger.ondata (C:\Users\Nuruzzaman\AppData\Local\npm-cache\_npx\7750544ccf494d8b\node_modules\winston\node_modules\readable-stream\lib\_stream_readable.js:629:20)
[error] 
[error] Error: An unexpected error has occurred.
[debug] [2026-06-09T09:11:43.545Z] Error: EPIPE: broken pipe, write
    at Socket._write (node:internal/net:63:18)
    at writeOrBuffer (node:internal/streams/writable:572:12)
    at _write (node:internal/streams/writable:501:10)
    at Writable.write (node:internal/streams/writable:510:10)
    at Console.log (C:\Users\Nuruzzaman\AppData\Local\npm-cache\_npx\7750544ccf494d8b\node_modules\winston\lib\winston\transports\console.js:87:23)
    at Console._write (C:\Users\Nuruzzaman\AppData\Local\npm-cache\_npx\7750544ccf494d8b\node_modules\winston-transport\modern.js:103:17)
    at doWrite (C:\Users\Nuruzzaman\AppData\Local\npm-cache\_npx\7750544ccf494d8b\node_modules\winston-transport\node_modules\readable-stream\lib\_stream_writable.js:390:139)
    at writeOrBuffer (C:\Users\Nuruzzaman\AppData\Local\npm-cache\_npx\7750544ccf494d8b\node_modules\winston-transport\node_modules\readable-stream\lib\_stream_writable.js:381:5)
    at Writable.write (C:\Users\Nuruzzaman\AppData\Local\npm-cache\_npx\7750544ccf494d8b\node_modules\winston-transport\node_modules\readable-stream\lib\_stream_writable.js:302:11)
    at DerivedLogger.ondata (C:\Users\Nuruzzaman\AppData\Local\npm-cache\_npx\7750544ccf494d8b\node_modules\winston\node_modules\readable-stream\lib\_stream_readable.js:629:20)
[error] 
[error] Error: An unexpected error has occurred.
[debug] [2026-06-09T09:11:43.545Z] Error: EPIPE: broken pipe, write
    at Socket._write (node:internal/net:63:18)
    at writeOrBuffer (node:internal/streams/writable:572:12)
    at _write (node:internal/streams/writable:501:10)
    at Writable.write (node:internal/streams/writable:510:10)
    at Console.log (C:\Users\Nuruzzaman\AppData\Local\npm-cache\_npx\7750544ccf494d8b\node_modules\winston\lib\winston\transports\console.js:87:23)
    at Console._write (C:\Users\Nuruzzaman\AppData\Local\npm-cache\_npx\7750544ccf494d8b\node_modules\winston-transport\modern.js:103:17)
    at doWrite (C:\Users\Nuruzzaman\AppData\Local\npm-cache\_npx\7750544ccf494d8b\node_modules\winston-transport\node_modules\readable-stream\lib\_stream_writable.js:390:139)
    at writeOrBuffer (C:\Users\Nuruzzaman\AppData\Local\npm-cache\_npx\7750544ccf494d8b\node_modules\winston-transport\node_modules\readable-stream\lib\_stream_writable.js:381:5)
    at Writable.write (C:\Users\Nuruzzaman\AppData\Local\npm-cache\_npx\7750544ccf494d8b\node_modules\winston-transport\node_modules\readable-stream\lib\_stream_writable.js:302:11)
    at DerivedLogger.ondata (C:\Users\Nuruzzaman\AppData\Local\npm-cache\_npx\7750544ccf494d8b\node_modules\winston\node_modules\readable-stream\lib\_stream_readable.js:629:20)
[error] 
[error] Error: An unexpected error has occurred.
[debug] [2026-06-09T09:11:43.545Z] Error: EPIPE: broken pipe, write
    at Socket._write (node:internal/net:63:18)
    at writeOrBuffer (node:internal/streams/writable:572:12)
    at _write (node:internal/streams/writable:501:10)
    at Writable.write (node:internal/streams/writable:510:10)
    at Console.log (C:\Users\Nuruzzaman\AppData\Local\npm-cache\_npx\7750544ccf494d8b\node_modules\winston\lib\winston\transports\console.js:87:23)
    at Console._write (C:\Users\Nuruzzaman\AppData\Local\npm-cache\_npx\7750544ccf494d8b\node_modules\winston-transport\modern.js:103:17)
    at doWrite (C:\Users\Nuruzzaman\AppData\Local\npm-cache\_npx\7750544ccf494d8b\node_modules\winston-transport\node_modules\readable-stream\lib\_stream_writable.js:390:139)
    at writeOrBuffer (C:\Users\Nuruzzaman\AppData\Local\npm-cache\_npx\7750544ccf494d8b\node_modules\winston-transport\node_modules\readable-stream\lib\_stream_writable.js:381:5)
    at Writable.write (C:\Users\Nuruzzaman\AppData\Local\npm-cache\_npx\7750544ccf494d8b\node_modules\winston-transport\node_modules\readable-stream\lib\_stream_writable.js:302:11)
    at DerivedLogger.ondata (C:\Users\Nuruzzaman\AppData\Local\npm-cache\_npx\7750544ccf494d8b\node_modules\winston\node_modules\readable-stream\lib\_stream_readable.js:629:20)
[error] 
[error] Error: An unexpected error has occurred.
[debug] [2026-06-09T09:11:43.545Z] Error: EPIPE: broken pipe, write
    at Socket._write (node:internal/net:63:18)
    at writeOrBuffer (node:internal/streams/writable:572:12)
    at _write (node:internal/streams/writable:501:10)
    at Writable.write (node:internal/streams/writable:510:10)
    at Console.log (C:\Users\Nuruzzaman\AppData\Local\npm-cache\_npx\7750544ccf494d8b\node_modules\winston\lib\winston\transports\console.js:87:23)
    at Console._write (C:\Users\Nuruzzaman\AppData\Local\npm-cache\_npx\7750544ccf494d8b\node_modules\winston-transport\modern.js:103:17)
    at doWrite (C:\Users\Nuruzzaman\AppData\Local\npm-cache\_npx\7750544ccf494d8b\node_modules\winston-transport\node_modules\readable-stream\lib\_stream_writable.js:390:139)
    at writeOrBuffer (C:\Users\Nuruzzaman\AppData\Local\npm-cache\_npx\7750544ccf494d8b\node_modules\winston-transport\node_modules\readable-stream\lib\_stream_writable.js:381:5)
    at Writable.write (C:\Users\Nuruzzaman\AppData\Local\npm-cache\_npx\7750544ccf494d8b\node_modules\winston-transport\node_modules\readable-stream\lib\_stream_writable.js:302:11)
    at DerivedLogger.ondata (C:\Users\Nuruzzaman\AppData\Local\npm-cache\_npx\7750544ccf494d8b\node_modules\winston\node_modules\readable-stream\lib\_stream_readable.js:629:20)
[error] 
[error] Error: An unexpected error has occurred.
[debug] [2026-06-09T09:11:43.546Z] Error: EPIPE: broken pipe, write
    at Socket._write (node:internal/net:63:18)
    at writeOrBuffer (node:internal/streams/writable:572:12)
    at _write (node:internal/streams/writable:501:10)
    at Writable.write (node:internal/streams/writable:510:10)
    at Console.log (C:\Users\Nuruzzaman\AppData\Local\npm-cache\_npx\7750544ccf494d8b\node_modules\winston\lib\winston\transports\console.js:87:23)
    at Console._write (C:\Users\Nuruzzaman\AppData\Local\npm-cache\_npx\7750544ccf494d8b\node_modules\winston-transport\modern.js:103:17)
    at doWrite (C:\Users\Nuruzzaman\AppData\Local\npm-cache\_npx\7750544ccf494d8b\node_modules\winston-transport\node_modules\readable-stream\lib\_stream_writable.js:390:139)
    at writeOrBuffer (C:\Users\Nuruzzaman\AppData\Local\npm-cache\_npx\7750544ccf494d8b\node_modules\winston-transport\node_modules\readable-stream\lib\_stream_writable.js:381:5)
    at Writable.write (C:\Users\Nuruzzaman\AppData\Local\npm-cache\_npx\7750544ccf494d8b\node_modules\winston-transport\node_modules\readable-stream\lib\_stream_writable.js:302:11)
    at DerivedLogger.ondata (C:\Users\Nuruzzaman\AppData\Local\npm-cache\_npx\7750544ccf494d8b\node_modules\winston\node_modules\readable-stream\lib\_stream_readable.js:629:20)
[error] 
[error] Error: An unexpected error has occurred.
[debug] [2026-06-09T09:11:43.547Z] Error: EPIPE: broken pipe, write
    at Socket._write (node:internal/net:63:18)
    at writeOrBuffer (node:internal/streams/writable:572:12)
    at _write (node:internal/streams/writable:501:10)
    at Writable.write (node:internal/streams/writable:510:10)
    at Console.log (C:\Users\Nuruzzaman\AppData\Local\npm-cache\_npx\7750544ccf494d8b\node_modules\winston\lib\winston\transports\console.js:87:23)
    at Console._write (C:\Users\Nuruzzaman\AppData\Local\npm-cache\_npx\7750544ccf494d8b\node_modules\winston-transport\modern.js:103:17)
    at doWrite (C:\Users\Nuruzzaman\AppData\Local\npm-cache\_npx\7750544ccf494d8b\node_modules\winston-transport\node_modules\readable-stream\lib\_stream_writable.js:390:139)
    at writeOrBuffer (C:\Users\Nuruzzaman\AppData\Local\npm-cache\_npx\7750544ccf494d8b\node_modules\winston-transport\node_modules\readable-stream\lib\_stream_writable.js:381:5)
    at Writable.write (C:\Users\Nuruzzaman\AppData\Local\npm-cache\_npx\7750544ccf494d8b\node_modules\winston-transport\node_modules\readable-stream\lib\_stream_writable.js:302:11)
    at DerivedLogger.ondata (C:\Users\Nuruzzaman\AppData\Local\npm-cache\_npx\7750544ccf494d8b\node_modules\winston\node_modules\readable-stream\lib\_stream_readable.js:629:20)
[error] 
[error] Error: An unexpected error has occurred.
[debug] [2026-06-09T09:11:43.547Z] Error: EPIPE: broken pipe, write
    at Socket._write (node:internal/net:63:18)
    at writeOrBuffer (node:internal/streams/writable:572:12)
    at _write (node:internal/streams/writable:501:10)
    at Writable.write (node:internal/streams/writable:510:10)
    at Console.log (C:\Users\Nuruzzaman\AppData\Local\npm-cache\_npx\7750544ccf494d8b\node_modules\winston\lib\winston\transports\console.js:87:23)
    at Console._write (C:\Users\Nuruzzaman\AppData\Local\npm-cache\_npx\7750544ccf494d8b\node_modules\winston-transport\modern.js:103:17)
    at doWrite (C:\Users\Nuruzzaman\AppData\Local\npm-cache\_npx\7750544ccf494d8b\node_modules\winston-transport\node_modules\readable-stream\lib\_stream_writable.js:390:139)
    at writeOrBuffer (C:\Users\Nuruzzaman\AppData\Local\npm-cache\_npx\7750544ccf494d8b\node_modules\winston-transport\node_modules\readable-stream\lib\_stream_writable.js:381:5)
    at Writable.write (C:\Users\Nuruzzaman\AppData\Local\npm-cache\_npx\7750544ccf494d8b\node_modules\winston-transport\node_modules\readable-stream\lib\_stream_writable.js:302:11)
    at DerivedLogger.ondata (C:\Users\Nuruzzaman\AppData\Local\npm-cache\_npx\7750544ccf494d8b\node_modules\winston\node_modules\readable-stream\lib\_stream_readable.js:629:20)
[error] 
[error] Error: An unexpected error has occurred.
[debug] [2026-06-09T09:11:43.547Z] Error: EPIPE: broken pipe, write
    at Socket._write (node:internal/net:63:18)
    at writeOrBuffer (node:internal/streams/writable:572:12)
    at _write (node:internal/streams/writable:501:10)
    at Writable.write (node:internal/streams/writable:510:10)
    at Console.log (C:\Users\Nuruzzaman\AppData\Local\npm-cache\_npx\7750544ccf494d8b\node_modules\winston\lib\winston\transports\console.js:87:23)
    at Console._write (C:\Users\Nuruzzaman\AppData\Local\npm-cache\_npx\7750544ccf494d8b\node_modules\winston-transport\modern.js:103:17)
    at doWrite (C:\Users\Nuruzzaman\AppData\Local\npm-cache\_npx\7750544ccf494d8b\node_modules\winston-transport\node_modules\readable-stream\lib\_stream_writable.js:390:139)
    at writeOrBuffer (C:\Users\Nuruzzaman\AppData\Local\npm-cache\_npx\7750544ccf494d8b\node_modules\winston-transport\node_modules\readable-stream\lib\_stream_writable.js:381:5)
    at Writable.write (C:\Users\Nuruzzaman\AppData\Local\npm-cache\_npx\7750544ccf494d8b\node_modules\winston-transport\node_modules\readable-stream\lib\_stream_writable.js:302:11)
    at DerivedLogger.ondata (C:\Users\Nuruzzaman\AppData\Local\npm-cache\_npx\7750544ccf494d8b\node_modules\winston\node_modules\readable-stream\lib\_stream_readable.js:629:20)
[error] 
[error] Error: An unexpected error has occurred.
[debug] [2026-06-09T09:11:43.547Z] Error: EPIPE: broken pipe, write
    at Socket._write (node:internal/net:63:18)
    at writeOrBuffer (node:internal/streams/writable:572:12)
    at _write (node:internal/streams/writable:501:10)
    at Writable.write (node:internal/streams/writable:510:10)
    at Console.log (C:\Users\Nuruzzaman\AppData\Local\npm-cache\_npx\7750544ccf494d8b\node_modules\winston\lib\winston\transports\console.js:87:23)
    at Console._write (C:\Users\Nuruzzaman\AppData\Local\npm-cache\_npx\7750544ccf494d8b\node_modules\winston-transport\modern.js:103:17)
    at doWrite (C:\Users\Nuruzzaman\AppData\Local\npm-cache\_npx\7750544ccf494d8b\node_modules\winston-transport\node_modules\readable-stream\lib\_stream_writable.js:390:139)
    at writeOrBuffer (C:\Users\Nuruzzaman\AppData\Local\npm-cache\_npx\7750544ccf494d8b\node_modules\winston-transport\node_modules\readable-stream\lib\_stream_writable.js:381:5)
    at Writable.write (C:\Users\Nuruzzaman\AppData\Local\npm-cache\_npx\7750544ccf494d8b\node_modules\winston-transport\node_modules\readable-stream\lib\_stream_writable.js:302:11)
    at DerivedLogger.ondata (C:\Users\Nuruzzaman\AppData\Local\npm-cache\_npx\7750544ccf494d8b\node_modules\winston\node_modules\readable-stream\lib\_stream_readable.js:629:20)
[error] 
[error] Error: An unexpected error has occurred.
[debug] [2026-06-09T09:11:43.547Z] Error: EPIPE: broken pipe, write
    at Socket._write (node:internal/net:63:18)
    at writeOrBuffer (node:internal/streams/writable:572:12)
    at _write (node:internal/streams/writable:501:10)
    at Writable.write (node:internal/streams/writable:510:10)
    at Console.log (C:\Users\Nuruzzaman\AppData\Local\npm-cache\_npx\7750544ccf494d8b\node_modules\winston\lib\winston\transports\console.js:87:23)
    at Console._write (C:\Users\Nuruzzaman\AppData\Local\npm-cache\_npx\7750544ccf494d8b\node_modules\winston-transport\modern.js:103:17)
    at doWrite (C:\Users\Nuruzzaman\AppData\Local\npm-cache\_npx\7750544ccf494d8b\node_modules\winston-transport\node_modules\readable-stream\lib\_stream_writable.js:390:139)
    at writeOrBuffer (C:\Users\Nuruzzaman\AppData\Local\npm-cache\_npx\7750544ccf494d8b\node_modules\winston-transport\node_modules\readable-stream\lib\_stream_writable.js:381:5)
    at Writable.write (C:\Users\Nuruzzaman\AppData\Local\npm-cache\_npx\7750544ccf494d8b\node_modules\winston-transport\node_modules\readable-stream\lib\_stream_writable.js:302:11)
    at DerivedLogger.ondata (C:\Users\Nuruzzaman\AppData\Local\npm-cache\_npx\7750544ccf494d8b\node_modules\winston\node_modules\readable-stream\lib\_stream_readable.js:629:20)
[error] 
[error] Error: An unexpected error has occurred.
[debug] [2026-06-09T09:11:43.548Z] Error: EPIPE: broken pipe, write
    at Socket._write (node:internal/net:63:18)
    at writeOrBuffer (node:internal/streams/writable:572:12)
    at _write (node:internal/streams/writable:501:10)
    at Writable.write (node:internal/streams/writable:510:10)
    at Console.log (C:\Users\Nuruzzaman\AppData\Local\npm-cache\_npx\7750544ccf494d8b\node_modules\winston\lib\winston\transports\console.js:87:23)
    at Console._write (C:\Users\Nuruzzaman\AppData\Local\npm-cache\_npx\7750544ccf494d8b\node_modules\winston-transport\modern.js:103:17)
    at doWrite (C:\Users\Nuruzzaman\AppData\Local\npm-cache\_npx\7750544ccf494d8b\node_modules\winston-transport\node_modules\readable-stream\lib\_stream_writable.js:390:139)
    at writeOrBuffer (C:\Users\Nuruzzaman\AppData\Local\npm-cache\_npx\7750544ccf494d8b\node_modules\winston-transport\node_modules\readable-stream\lib\_stream_writable.js:381:5)
    at Writable.write (C:\Users\Nuruzzaman\AppData\Local\npm-cache\_npx\7750544ccf494d8b\node_modules\winston-transport\node_modules\readable-stream\lib\_stream_writable.js:302:11)
    at DerivedLogger.ondata (C:\Users\Nuruzzaman\AppData\Local\npm-cache\_npx\7750544ccf494d8b\node_modules\winston\node_modules\readable-stream\lib\_stream_readable.js:629:20)
[error] 
[error] Error: An unexpected error has occurred.
[debug] [2026-06-09T09:11:43.548Z] Error: EPIPE: broken pipe, write
    at Socket._write (node:internal/net:63:18)
    at writeOrBuffer (node:internal/streams/writable:572:12)
    at _write (node:internal/streams/writable:501:10)
    at Writable.write (node:internal/streams/writable:510:10)
    at Console.log (C:\Users\Nuruzzaman\AppData\Local\npm-cache\_npx\7750544ccf494d8b\node_modules\winston\lib\winston\transports\console.js:87:23)
    at Console._write (C:\Users\Nuruzzaman\AppData\Local\npm-cache\_npx\7750544ccf494d8b\node_modules\winston-transport\modern.js:103:17)
    at doWrite (C:\Users\Nuruzzaman\AppData\Local\npm-cache\_npx\7750544ccf494d8b\node_modules\winston-transport\node_modules\readable-stream\lib\_stream_writable.js:390:139)
    at writeOrBuffer (C:\Users\Nuruzzaman\AppData\Local\npm-cache\_npx\7750544ccf494d8b\node_modules\winston-transport\node_modules\readable-stream\lib\_stream_writable.js:381:5)
    at Writable.write (C:\Users\Nuruzzaman\AppData\Local\npm-cache\_npx\7750544ccf494d8b\node_modules\winston-transport\node_modules\readable-stream\lib\_stream_writable.js:302:11)
    at DerivedLogger.ondata (C:\Users\Nuruzzaman\AppData\Local\npm-cache\_npx\7750544ccf494d8b\node_modules\winston\node_modules\readable-stream\lib\_stream_readable.js:629:20)
[error] 
[error] Error: An unexpected error has occurred.
[debug] [2026-06-09T09:11:43.548Z] Error: EPIPE: broken pipe, write
    at Socket._write (node:internal/net:63:18)
    at writeOrBuffer (node:internal/streams/writable:572:12)
    at _write (node:internal/streams/writable:501:10)
    at Writable.write (node:internal/streams/writable:510:10)
    at Console.log (C:\Users\Nuruzzaman\AppData\Local\npm-cache\_npx\7750544ccf494d8b\node_modules\winston\lib\winston\transports\console.js:87:23)
    at Console._write (C:\Users\Nuruzzaman\AppData\Local\npm-cache\_npx\7750544ccf494d8b\node_modules\winston-transport\modern.js:103:17)
    at doWrite (C:\Users\Nuruzzaman\AppData\Local\npm-cache\_npx\7750544ccf494d8b\node_modules\winston-transport\node_modules\readable-stream\lib\_stream_writable.js:390:139)
    at writeOrBuffer (C:\Users\Nuruzzaman\AppData\Local\npm-cache\_npx\7750544ccf494d8b\node_modules\winston-transport\node_modules\readable-stream\lib\_stream_writable.js:381:5)
    at Writable.write (C:\Users\Nuruzzaman\AppData\Local\npm-cache\_npx\7750544ccf494d8b\node_modules\winston-transport\node_modules\readable-stream\lib\_stream_writable.js:302:11)
    at DerivedLogger.ondata (C:\Users\Nuruzzaman\AppData\Local\npm-cache\_npx\7750544ccf494d8b\node_modules\winston\node_modules\readable-stream\lib\_stream_readable.js:629:20)
[error] 
[error] Error: An unexpected error has occurred.
[debug] [2026-06-09T09:11:43.548Z] Error: EPIPE: broken pipe, write
    at Socket._write (node:internal/net:63:18)
    at writeOrBuffer (node:internal/streams/writable:572:12)
    at _write (node:internal/streams/writable:501:10)
    at Writable.write (node:internal/streams/writable:510:10)
    at Console.log (C:\Users\Nuruzzaman\AppData\Local\npm-cache\_npx\7750544ccf494d8b\node_modules\winston\lib\winston\transports\console.js:87:23)
    at Console._write (C:\Users\Nuruzzaman\AppData\Local\npm-cache\_npx\7750544ccf494d8b\node_modules\winston-transport\modern.js:103:17)
    at doWrite (C:\Users\Nuruzzaman\AppData\Local\npm-cache\_npx\7750544ccf494d8b\node_modules\winston-transport\node_modules\readable-stream\lib\_stream_writable.js:390:139)
    at writeOrBuffer (C:\Users\Nuruzzaman\AppData\Local\npm-cache\_npx\7750544ccf494d8b\node_modules\winston-transport\node_modules\readable-stream\lib\_stream_writable.js:381:5)
    at Writable.write (C:\Users\Nuruzzaman\AppData\Local\npm-cache\_npx\7750544ccf494d8b\node_modules\winston-transport\node_modules\readable-stream\lib\_stream_writable.js:302:11)
    at DerivedLogger.ondata (C:\Users\Nuruzzaman\AppData\Local\npm-cache\_npx\7750544ccf494d8b\node_modules\winston\node_modules\readable-stream\lib\_stream_readable.js:629:20)
[error] 
[error] Error: An unexpected error has occurred.
[debug] [2026-06-09T09:11:43.548Z] Error: EPIPE: broken pipe, write
    at Socket._write (node:internal/net:63:18)
    at writeOrBuffer (node:internal/streams/writable:572:12)
    at _write (node:internal/streams/writable:501:10)
    at Writable.write (node:internal/streams/writable:510:10)
    at Console.log (C:\Users\Nuruzzaman\AppData\Local\npm-cache\_npx\7750544ccf494d8b\node_modules\winston\lib\winston\transports\console.js:87:23)
    at Console._write (C:\Users\Nuruzzaman\AppData\Local\npm-cache\_npx\7750544ccf494d8b\node_modules\winston-transport\modern.js:103:17)
    at doWrite (C:\Users\Nuruzzaman\AppData\Local\npm-cache\_npx\7750544ccf494d8b\node_modules\winston-transport\node_modules\readable-stream\lib\_stream_writable.js:390:139)
    at writeOrBuffer (C:\Users\Nuruzzaman\AppData\Local\npm-cache\_npx\7750544ccf494d8b\node_modules\winston-transport\node_modules\readable-stream\lib\_stream_writable.js:381:5)
    at Writable.write (C:\Users\Nuruzzaman\AppData\Local\npm-cache\_npx\7750544ccf494d8b\node_modules\winston-transport\node_modules\readable-stream\lib\_stream_writable.js:302:11)
    at DerivedLogger.ondata (C:\Users\Nuruzzaman\AppData\Local\npm-cache\_npx\7750544ccf494d8b\node_modules\winston\node_modules\readable-stream\lib\_stream_readable.js:629:20)
[error] 
[error] Error: An unexpected error has occurred.
[debug] [2026-06-09T09:11:43.548Z] Error: EPIPE: broken pipe, write
    at Socket._write (node:internal/net:63:18)
    at writeOrBuffer (node:internal/streams/writable:572:12)
    at _write (node:internal/streams/writable:501:10)
    at Writable.write (node:internal/streams/writable:510:10)
    at Console.log (C:\Users\Nuruzzaman\AppData\Local\npm-cache\_npx\7750544ccf494d8b\node_modules\winston\lib\winston\transports\console.js:87:23)
    at Console._write (C:\Users\Nuruzzaman\AppData\Local\npm-cache\_npx\7750544ccf494d8b\node_modules\winston-transport\modern.js:103:17)
    at doWrite (C:\Users\Nuruzzaman\AppData\Local\npm-cache\_npx\7750544ccf494d8b\node_modules\winston-transport\node_modules\readable-stream\lib\_stream_writable.js:390:139)
    at writeOrBuffer (C:\Users\Nuruzzaman\AppData\Local\npm-cache\_npx\7750544ccf494d8b\node_modules\winston-transport\node_modules\readable-stream\lib\_stream_writable.js:381:5)
    at Writable.write (C:\Users\Nuruzzaman\AppData\Local\npm-cache\_npx\7750544ccf494d8b\node_modules\winston-transport\node_modules\readable-stream\lib\_stream_writable.js:302:11)
    at DerivedLogger.ondata (C:\Users\Nuruzzaman\AppData\Local\npm-cache\_npx\7750544ccf494d8b\node_modules\winston\node_modules\readable-stream\lib\_stream_readable.js:629:20)
[error] 
[error] Error: An unexpected error has occurred.
[debug] [2026-06-09T09:11:43.549Z] Error: EPIPE: broken pipe, write
    at Socket._write (node:internal/net:63:18)
    at writeOrBuffer (node:internal/streams/writable:572:12)
    at _write (node:internal/streams/writable:501:10)
    at Writable.write (node:internal/streams/writable:510:10)
    at Console.log (C:\Users\Nuruzzaman\AppData\Local\npm-cache\_npx\7750544ccf494d8b\node_modules\winston\lib\winston\transports\console.js:87:23)
    at Console._write (C:\Users\Nuruzzaman\AppData\Local\npm-cache\_npx\7750544ccf494d8b\node_modules\winston-transport\modern.js:103:17)
    at doWrite (C:\Users\Nuruzzaman\AppData\Local\npm-cache\_npx\7750544ccf494d8b\node_modules\winston-transport\node_modules\readable-stream\lib\_stream_writable.js:390:139)
    at writeOrBuffer (C:\Users\Nuruzzaman\AppData\Local\npm-cache\_npx\7750544ccf494d8b\node_modules\winston-transport\node_modules\readable-stream\lib\_stream_writable.js:381:5)
    at Writable.write (C:\Users\Nuruzzaman\AppData\Local\npm-cache\_npx\7750544ccf494d8b\node_modules\winston-transport\node_modules\readable-stream\lib\_stream_writable.js:302:11)
    at DerivedLogger.ondata (C:\Users\Nuruzzaman\AppData\Local\npm-cache\_npx\7750544ccf494d8b\node_modules\winston\node_modules\readable-stream\lib\_stream_readable.js:629:20)
[error] 
[error] Error: An unexpected error has occurred.
[debug] [2026-06-09T09:11:43.549Z] Error: EPIPE: broken pipe, write
    at Socket._write (node:internal/net:63:18)
    at writeOrBuffer (node:internal/streams/writable:572:12)
    at _write (node:internal/streams/writable:501:10)
    at Writable.write (node:internal/streams/writable:510:10)
    at Console.log (C:\Users\Nuruzzaman\AppData\Local\npm-cache\_npx\7750544ccf494d8b\node_modules\winston\lib\winston\transports\console.js:87:23)
    at Console._write (C:\Users\Nuruzzaman\AppData\Local\npm-cache\_npx\7750544ccf494d8b\node_modules\winston-transport\modern.js:103:17)
    at doWrite (C:\Users\Nuruzzaman\AppData\Local\npm-cache\_npx\7750544ccf494d8b\node_modules\winston-transport\node_modules\readable-stream\lib\_stream_writable.js:390:139)
    at writeOrBuffer (C:\Users\Nuruzzaman\AppData\Local\npm-cache\_npx\7750544ccf494d8b\node_modules\winston-transport\node_modules\readable-stream\lib\_stream_writable.js:381:5)
    at Writable.write (C:\Users\Nuruzzaman\AppData\Local\npm-cache\_npx\7750544ccf494d8b\node_modules\winston-transport\node_modules\readable-stream\lib\_stream_writable.js:302:11)
    at DerivedLogger.ondata (C:\Users\Nuruzzaman\AppData\Local\npm-cache\_npx\7750544ccf494d8b\node_modules\winston\node_modules\readable-stream\lib\_stream_readable.js:629:20)
[error] 
[error] Error: An unexpected error has occurred.
[debug] [2026-06-09T09:11:43.550Z] Error: EPIPE: broken pipe, write
    at Socket._write (node:internal/net:63:18)
    at writeOrBuffer (node:internal/streams/writable:572:12)
    at _write (node:internal/streams/writable:501:10)
    at Writable.write (node:internal/streams/writable:510:10)
    at Console.log (C:\Users\Nuruzzaman\AppData\Local\npm-cache\_npx\7750544ccf494d8b\node_modules\winston\lib\winston\transports\console.js:87:23)
    at Console._write (C:\Users\Nuruzzaman\AppData\Local\npm-cache\_npx\7750544ccf494d8b\node_modules\winston-transport\modern.js:103:17)
    at doWrite (C:\Users\Nuruzzaman\AppData\Local\npm-cache\_npx\7750544ccf494d8b\node_modules\winston-transport\node_modules\readable-stream\lib\_stream_writable.js:390:139)
    at writeOrBuffer (C:\Users\Nuruzzaman\AppData\Local\npm-cache\_npx\7750544ccf494d8b\node_modules\winston-transport\node_modules\readable-stream\lib\_stream_writable.js:381:5)
    at Writable.write (C:\Users\Nuruzzaman\AppData\Local\npm-cache\_npx\7750544ccf494d8b\node_modules\winston-transport\node_modules\readable-stream\lib\_stream_writable.js:302:11)
    at DerivedLogger.ondata (C:\Users\Nuruzzaman\AppData\Local\npm-cache\_npx\7750544ccf494d8b\node_modules\winston\node_modules\readable-stream\lib\_stream_readable.js:629:20)
[error] 
[error] Error: An unexpected error has occurred.
[debug] [2026-06-09T09:11:43.551Z] Error: EPIPE: broken pipe, write
    at Socket._write (node:internal/net:63:18)
    at writeOrBuffer (node:internal/streams/writable:572:12)
    at _write (node:internal/streams/writable:501:10)
    at Writable.write (node:internal/streams/writable:510:10)
    at Console.log (C:\Users\Nuruzzaman\AppData\Local\npm-cache\_npx\7750544ccf494d8b\node_modules\winston\lib\winston\transports\console.js:87:23)
    at Console._write (C:\Users\Nuruzzaman\AppData\Local\npm-cache\_npx\7750544ccf494d8b\node_modules\winston-transport\modern.js:103:17)
    at doWrite (C:\Users\Nuruzzaman\AppData\Local\npm-cache\_npx\7750544ccf494d8b\node_modules\winston-transport\node_modules\readable-stream\lib\_stream_writable.js:390:139)
    at writeOrBuffer (C:\Users\Nuruzzaman\AppData\Local\npm-cache\_npx\7750544ccf494d8b\node_modules\winston-transport\node_modules\readable-stream\lib\_stream_writable.js:381:5)
    at Writable.write (C:\Users\Nuruzzaman\AppData\Local\npm-cache\_npx\7750544ccf494d8b\node_modules\winston-transport\node_modules\readable-stream\lib\_stream_writable.js:302:11)
    at DerivedLogger.ondata (C:\Users\Nuruzzaman\AppData\Local\npm-cache\_npx\7750544ccf494d8b\node_modules\winston\node_modules\readable-stream\lib\_stream_readable.js:629:20)
[error] 
[error] Error: An unexpected error has occurred.
[debug] [2026-06-09T09:11:43.551Z] Error: EPIPE: broken pipe, write
    at Socket._write (node:internal/net:63:18)
    at writeOrBuffer (node:internal/streams/writable:572:12)
    at _write (node:internal/streams/writable:501:10)
    at Writable.write (node:internal/streams/writable:510:10)
    at Console.log (C:\Users\Nuruzzaman\AppData\Local\npm-cache\_npx\7750544ccf494d8b\node_modules\winston\lib\winston\transports\console.js:87:23)
    at Console._write (C:\Users\Nuruzzaman\AppData\Local\npm-cache\_npx\7750544ccf494d8b\node_modules\winston-transport\modern.js:103:17)
    at doWrite (C:\Users\Nuruzzaman\AppData\Local\npm-cache\_npx\7750544ccf494d8b\node_modules\winston-transport\node_modules\readable-stream\lib\_stream_writable.js:390:139)
    at writeOrBuffer (C:\Users\Nuruzzaman\AppData\Local\npm-cache\_npx\7750544ccf494d8b\node_modules\winston-transport\node_modules\readable-stream\lib\_stream_writable.js:381:5)
    at Writable.write (C:\Users\Nuruzzaman\AppData\Local\npm-cache\_npx\7750544ccf494d8b\node_modules\winston-transport\node_modules\readable-stream\lib\_stream_writable.js:302:11)
    at DerivedLogger.ondata (C:\Users\Nuruzzaman\AppData\Local\npm-cache\_npx\7750544ccf494d8b\node_modules\winston\node_modules\readable-stream\lib\_stream_readable.js:629:20)
[error] 
[error] Error: An unexpected error has occurred.
[debug] [2026-06-09T09:11:43.551Z] Error: EPIPE: broken pipe, write
    at Socket._write (node:internal/net:63:18)
    at writeOrBuffer (node:internal/streams/writable:572:12)
    at _write (node:internal/streams/writable:501:10)
    at Writable.write (node:internal/streams/writable:510:10)
    at Console.log (C:\Users\Nuruzzaman\AppData\Local\npm-cache\_npx\7750544ccf494d8b\node_modules\winston\lib\winston\transports\console.js:87:23)
    at Console._write (C:\Users\Nuruzzaman\AppData\Local\npm-cache\_npx\7750544ccf494d8b\node_modules\winston-transport\modern.js:103:17)
    at doWrite (C:\Users\Nuruzzaman\AppData\Local\npm-cache\_npx\7750544ccf494d8b\node_modules\winston-transport\node_modules\readable-stream\lib\_stream_writable.js:390:139)
    at writeOrBuffer (C:\Users\Nuruzzaman\AppData\Local\npm-cache\_npx\7750544ccf494d8b\node_modules\winston-transport\node_modules\readable-stream\lib\_stream_writable.js:381:5)
    at Writable.write (C:\Users\Nuruzzaman\AppData\Local\npm-cache\_npx\7750544ccf494d8b\node_modules\winston-transport\node_modules\readable-stream\lib\_stream_writable.js:302:11)
    at DerivedLogger.ondata (C:\Users\Nuruzzaman\AppData\Local\npm-cache\_npx\7750544ccf494d8b\node_modules\winston\node_modules\readable-stream\lib\_stream_readable.js:629:20)
[error] 
[error] Error: An unexpected error has occurred.
[debug] [2026-06-09T09:11:43.552Z] Error: EPIPE: broken pipe, write
    at Socket._write (node:internal/net:63:18)
    at writeOrBuffer (node:internal/streams/writable:572:12)
    at _write (node:internal/streams/writable:501:10)
    at Writable.write (node:internal/streams/writable:510:10)
    at Console.log (C:\Users\Nuruzzaman\AppData\Local\npm-cache\_npx\7750544ccf494d8b\node_modules\winston\lib\winston\transports\console.js:87:23)
    at Console._write (C:\Users\Nuruzzaman\AppData\Local\npm-cache\_npx\7750544ccf494d8b\node_modules\winston-transport\modern.js:103:17)
    at doWrite (C:\Users\Nuruzzaman\AppData\Local\npm-cache\_npx\7750544ccf494d8b\node_modules\winston-transport\node_modules\readable-stream\lib\_stream_writable.js:390:139)
    at writeOrBuffer (C:\Users\Nuruzzaman\AppData\Local\npm-cache\_npx\7750544ccf494d8b\node_modules\winston-transport\node_modules\readable-stream\lib\_stream_writable.js:381:5)
    at Writable.write (C:\Users\Nuruzzaman\AppData\Local\npm-cache\_npx\7750544ccf494d8b\node_modules\winston-transport\node_modules\readable-stream\lib\_stream_writable.js:302:11)
    at DerivedLogger.ondata (C:\Users\Nuruzzaman\AppData\Local\npm-cache\_npx\7750544ccf494d8b\node_modules\winston\node_modules\readable-stream\lib\_stream_readable.js:629:20)
[error] 
[error] Error: An unexpected error has occurred.
[debug] [2026-06-09T09:11:43.552Z] Error: EPIPE: broken pipe, write
    at Socket._write (node:internal/net:63:18)
    at writeOrBuffer (node:internal/streams/writable:572:12)
    at _write (node:internal/streams/writable:501:10)
    at Writable.write (node:internal/streams/writable:510:10)
    at Console.log (C:\Users\Nuruzzaman\AppData\Local\npm-cache\_npx\7750544ccf494d8b\node_modules\winston\lib\winston\transports\console.js:87:23)
    at Console._write (C:\Users\Nuruzzaman\AppData\Local\npm-cache\_npx\7750544ccf494d8b\node_modules\winston-transport\modern.js:103:17)
    at doWrite (C:\Users\Nuruzzaman\AppData\Local\npm-cache\_npx\7750544ccf494d8b\node_modules\winston-transport\node_modules\readable-stream\lib\_stream_writable.js:390:139)
    at writeOrBuffer (C:\Users\Nuruzzaman\AppData\Local\npm-cache\_npx\7750544ccf494d8b\node_modules\winston-transport\node_modules\readable-stream\lib\_stream_writable.js:381:5)
    at Writable.write (C:\Users\Nuruzzaman\AppData\Local\npm-cache\_npx\7750544ccf494d8b\node_modules\winston-transport\node_modules\readable-stream\lib\_stream_writable.js:302:11)
    at DerivedLogger.ondata (C:\Users\Nuruzzaman\AppData\Local\npm-cache\_npx\7750544ccf494d8b\node_modules\winston\node_modules\readable-stream\lib\_stream_readable.js:629:20)
[error] 
[error] Error: An unexpected error has occurred.
[debug] [2026-06-09T09:11:43.552Z] Error: EPIPE: broken pipe, write
    at Socket._write (node:internal/net:63:18)
    at writeOrBuffer (node:internal/streams/writable:572:12)
    at _write (node:internal/streams/writable:501:10)
    at Writable.write (node:internal/streams/writable:510:10)
    at Console.log (C:\Users\Nuruzzaman\AppData\Local\npm-cache\_npx\7750544ccf494d8b\node_modules\winston\lib\winston\transports\console.js:87:23)
    at Console._write (C:\Users\Nuruzzaman\AppData\Local\npm-cache\_npx\7750544ccf494d8b\node_modules\winston-transport\modern.js:103:17)
    at doWrite (C:\Users\Nuruzzaman\AppData\Local\npm-cache\_npx\7750544ccf494d8b\node_modules\winston-transport\node_modules\readable-stream\lib\_stream_writable.js:390:139)
    at writeOrBuffer (C:\Users\Nuruzzaman\AppData\Local\npm-cache\_npx\7750544ccf494d8b\node_modules\winston-transport\node_modules\readable-stream\lib\_stream_writable.js:381:5)
    at Writable.write (C:\Users\Nuruzzaman\AppData\Local\npm-cache\_npx\7750544ccf494d8b\node_modules\winston-transport\node_modules\readable-stream\lib\_stream_writable.js:302:11)
    at DerivedLogger.ondata (C:\Users\Nuruzzaman\AppData\Local\npm-cache\_npx\7750544ccf494d8b\node_modules\winston\node_modules\readable-stream\lib\_stream_readable.js:629:20)
[error] 
[error] Error: An unexpected error has occurred.
[debug] [2026-06-09T09:11:43.552Z] Error: EPIPE: broken pipe, write
    at Socket._write (node:internal/net:63:18)
    at writeOrBuffer (node:internal/streams/writable:572:12)
    at _write (node:internal/streams/writable:501:10)
    at Writable.write (node:internal/streams/writable:510:10)
    at Console.log (C:\Users\Nuruzzaman\AppData\Local\npm-cache\_npx\7750544ccf494d8b\node_modules\winston\lib\winston\transports\console.js:87:23)
    at Console._write (C:\Users\Nuruzzaman\AppData\Local\npm-cache\_npx\7750544ccf494d8b\node_modules\winston-transport\modern.js:103:17)
    at doWrite (C:\Users\Nuruzzaman\AppData\Local\npm-cache\_npx\7750544ccf494d8b\node_modules\winston-transport\node_modules\readable-stream\lib\_stream_writable.js:390:139)
    at writeOrBuffer (C:\Users\Nuruzzaman\AppData\Local\npm-cache\_npx\7750544ccf494d8b\node_modules\winston-transport\node_modules\readable-stream\lib\_stream_writable.js:381:5)
    at Writable.write (C:\Users\Nuruzzaman\AppData\Local\npm-cache\_npx\7750544ccf494d8b\node_modules\winston-transport\node_modules\readable-stream\lib\_stream_writable.js:302:11)
    at DerivedLogger.ondata (C:\Users\Nuruzzaman\AppData\Local\npm-cache\_npx\7750544ccf494d8b\node_modules\winston\node_modules\readable-stream\lib\_stream_readable.js:629:20)
[error] 
[error] Error: An unexpected error has occurred.
[debug] [2026-06-09T09:11:43.552Z] Error: EPIPE: broken pipe, write
    at Socket._write (node:internal/net:63:18)
    at writeOrBuffer (node:internal/streams/writable:572:12)
    at _write (node:internal/streams/writable:501:10)
    at Writable.write (node:internal/streams/writable:510:10)
    at Console.log (C:\Users\Nuruzzaman\AppData\Local\npm-cache\_npx\7750544ccf494d8b\node_modules\winston\lib\winston\transports\console.js:87:23)
    at Console._write (C:\Users\Nuruzzaman\AppData\Local\npm-cache\_npx\7750544ccf494d8b\node_modules\winston-transport\modern.js:103:17)
    at doWrite (C:\Users\Nuruzzaman\AppData\Local\npm-cache\_npx\7750544ccf494d8b\node_modules\winston-transport\node_modules\readable-stream\lib\_stream_writable.js:390:139)
    at writeOrBuffer (C:\Users\Nuruzzaman\AppData\Local\npm-cache\_npx\7750544ccf494d8b\node_modules\winston-transport\node_modules\readable-stream\lib\_stream_writable.js:381:5)
    at Writable.write (C:\Users\Nuruzzaman\AppData\Local\npm-cache\_npx\7750544ccf494d8b\node_modules\winston-transport\node_modules\readable-stream\lib\_stream_writable.js:302:11)
    at DerivedLogger.ondata (C:\Users\Nuruzzaman\AppData\Local\npm-cache\_npx\7750544ccf494d8b\node_modules\winston\node_modules\readable-stream\lib\_stream_readable.js:629:20)
[error] 
[error] Error: An unexpected error has occurred.
[debug] [2026-06-09T09:11:43.552Z] Error: EPIPE: broken pipe, write
    at Socket._write (node:internal/net:63:18)
    at writeOrBuffer (node:internal/streams/writable:572:12)
    at _write (node:internal/streams/writable:501:10)
    at Writable.write (node:internal/streams/writable:510:10)
    at Console.log (C:\Users\Nuruzzaman\AppData\Local\npm-cache\_npx\7750544ccf494d8b\node_modules\winston\lib\winston\transports\console.js:87:23)
    at Console._write (C:\Users\Nuruzzaman\AppData\Local\npm-cache\_npx\7750544ccf494d8b\node_modules\winston-transport\modern.js:103:17)
    at doWrite (C:\Users\Nuruzzaman\AppData\Local\npm-cache\_npx\7750544ccf494d8b\node_modules\winston-transport\node_modules\readable-stream\lib\_stream_writable.js:390:139)
    at writeOrBuffer (C:\Users\Nuruzzaman\AppData\Local\npm-cache\_npx\7750544ccf494d8b\node_modules\winston-transport\node_modules\readable-stream\lib\_stream_writable.js:381:5)
    at Writable.write (C:\Users\Nuruzzaman\AppData\Local\npm-cache\_npx\7750544ccf494d8b\node_modules\winston-transport\node_modules\readable-stream\lib\_stream_writable.js:302:11)
    at DerivedLogger.ondata (C:\Users\Nuruzzaman\AppData\Local\npm-cache\_npx\7750544ccf494d8b\node_modules\winston\node_modules\readable-stream\lib\_stream_readable.js:629:20)
[error] 
[error] Error: An unexpected error has occurred.
[debug] [2026-06-09T09:11:43.553Z] Error: EPIPE: broken pipe, write
    at Socket._write (node:internal/net:63:18)
    at writeOrBuffer (node:internal/streams/writable:572:12)
    at _write (node:internal/streams/writable:501:10)
    at Writable.write (node:internal/streams/writable:510:10)
    at Console.log (C:\Users\Nuruzzaman\AppData\Local\npm-cache\_npx\7750544ccf494d8b\node_modules\winston\lib\winston\transports\console.js:87:23)
    at Console._write (C:\Users\Nuruzzaman\AppData\Local\npm-cache\_npx\7750544ccf494d8b\node_modules\winston-transport\modern.js:103:17)
    at doWrite (C:\Users\Nuruzzaman\AppData\Local\npm-cache\_npx\7750544ccf494d8b\node_modules\winston-transport\node_modules\readable-stream\lib\_stream_writable.js:390:139)
    at writeOrBuffer (C:\Users\Nuruzzaman\AppData\Local\npm-cache\_npx\7750544ccf494d8b\node_modules\winston-transport\node_modules\readable-stream\lib\_stream_writable.js:381:5)
    at Writable.write (C:\Users\Nuruzzaman\AppData\Local\npm-cache\_npx\7750544ccf494d8b\node_modules\winston-transport\node_modules\readable-stream\lib\_stream_writable.js:302:11)
    at DerivedLogger.ondata (C:\Users\Nuruzzaman\AppData\Local\npm-cache\_npx\7750544ccf494d8b\node_modules\winston\node_modules\readable-stream\lib\_stream_readable.js:629:20)
[error] 
[error] Error: An unexpected error has occurred.
[debug] [2026-06-09T09:11:43.553Z] Error: EPIPE: broken pipe, write
    at Socket._write (node:internal/net:63:18)
    at writeOrBuffer (node:internal/streams/writable:572:12)
    at _write (node:internal/streams/writable:501:10)
    at Writable.write (node:internal/streams/writable:510:10)
    at Console.log (C:\Users\Nuruzzaman\AppData\Local\npm-cache\_npx\7750544ccf494d8b\node_modules\winston\lib\winston\transports\console.js:87:23)
    at Console._write (C:\Users\Nuruzzaman\AppData\Local\npm-cache\_npx\7750544ccf494d8b\node_modules\winston-transport\modern.js:103:17)
    at doWrite (C:\Users\Nuruzzaman\AppData\Local\npm-cache\_npx\7750544ccf494d8b\node_modules\winston-transport\node_modules\readable-stream\lib\_stream_writable.js:390:139)
    at writeOrBuffer (C:\Users\Nuruzzaman\AppData\Local\npm-cache\_npx\7750544ccf494d8b\node_modules\winston-transport\node_modules\readable-stream\lib\_stream_writable.js:381:5)
    at Writable.write (C:\Users\Nuruzzaman\AppData\Local\npm-cache\_npx\7750544ccf494d8b\node_modules\winston-transport\node_modules\readable-stream\lib\_stream_writable.js:302:11)
    at DerivedLogger.ondata (C:\Users\Nuruzzaman\AppData\Local\npm-cache\_npx\7750544ccf494d8b\node_modules\winston\node_modules\readable-stream\lib\_stream_readable.js:629:20)
[error] 
[error] Error: An unexpected error has occurred.
[debug] [2026-06-09T09:11:43.553Z] Error: EPIPE: broken pipe, write
    at Socket._write (node:internal/net:63:18)
    at writeOrBuffer (node:internal/streams/writable:572:12)
    at _write (node:internal/streams/writable:501:10)
    at Writable.write (node:internal/streams/writable:510:10)
    at Console.log (C:\Users\Nuruzzaman\AppData\Local\npm-cache\_npx\7750544ccf494d8b\node_modules\winston\lib\winston\transports\console.js:87:23)
    at Console._write (C:\Users\Nuruzzaman\AppData\Local\npm-cache\_npx\7750544ccf494d8b\node_modules\winston-transport\modern.js:103:17)
    at doWrite (C:\Users\Nuruzzaman\AppData\Local\npm-cache\_npx\7750544ccf494d8b\node_modules\winston-transport\node_modules\readable-stream\lib\_stream_writable.js:390:139)
    at writeOrBuffer (C:\Users\Nuruzzaman\AppData\Local\npm-cache\_npx\7750544ccf494d8b\node_modules\winston-transport\node_modules\readable-stream\lib\_stream_writable.js:381:5)
    at Writable.write (C:\Users\Nuruzzaman\AppData\Local\npm-cache\_npx\7750544ccf494d8b\node_modules\winston-transport\node_modules\readable-stream\lib\_stream_writable.js:302:11)
    at DerivedLogger.ondata (C:\Users\Nuruzzaman\AppData\Local\npm-cache\_npx\7750544ccf494d8b\node_modules\winston\node_modules\readable-stream\lib\_stream_readable.js:629:20)
[error] 
[error] Error: An unexpected error has occurred.
[debug] [2026-06-09T09:11:43.554Z] Error: EPIPE: broken pipe, write
    at Socket._write (node:internal/net:63:18)
    at writeOrBuffer (node:internal/streams/writable:572:12)
    at _write (node:internal/streams/writable:501:10)
    at Writable.write (node:internal/streams/writable:510:10)
    at Console.log (C:\Users\Nuruzzaman\AppData\Local\npm-cache\_npx\7750544ccf494d8b\node_modules\winston\lib\winston\transports\console.js:87:23)
    at Console._write (C:\Users\Nuruzzaman\AppData\Local\npm-cache\_npx\7750544ccf494d8b\node_modules\winston-transport\modern.js:103:17)
    at doWrite (C:\Users\Nuruzzaman\AppData\Local\npm-cache\_npx\7750544ccf494d8b\node_modules\winston-transport\node_modules\readable-stream\lib\_stream_writable.js:390:139)
    at writeOrBuffer (C:\Users\Nuruzzaman\AppData\Local\npm-cache\_npx\7750544ccf494d8b\node_modules\winston-transport\node_modules\readable-stream\lib\_stream_writable.js:381:5)
    at Writable.write (C:\Users\Nuruzzaman\AppData\Local\npm-cache\_npx\7750544ccf494d8b\node_modules\winston-transport\node_modules\readable-stream\lib\_stream_writable.js:302:11)
    at DerivedLogger.ondata (C:\Users\Nuruzzaman\AppData\Local\npm-cache\_npx\7750544ccf494d8b\node_modules\winston\node_modules\readable-stream\lib\_stream_readable.js:629:20)
[error] 
[error] Error: An unexpected error has occurred.
[debug] [2026-06-09T09:11:43.555Z] Error: EPIPE: broken pipe, write
    at Socket._write (node:internal/net:63:18)
    at writeOrBuffer (node:internal/streams/writable:572:12)
    at _write (node:internal/streams/writable:501:10)
    at Writable.write (node:internal/streams/writable:510:10)
    at Console.log (C:\Users\Nuruzzaman\AppData\Local\npm-cache\_npx\7750544ccf494d8b\node_modules\winston\lib\winston\transports\console.js:87:23)
    at Console._write (C:\Users\Nuruzzaman\AppData\Local\npm-cache\_npx\7750544ccf494d8b\node_modules\winston-transport\modern.js:103:17)
    at doWrite (C:\Users\Nuruzzaman\AppData\Local\npm-cache\_npx\7750544ccf494d8b\node_modules\winston-transport\node_modules\readable-stream\lib\_stream_writable.js:390:139)
    at writeOrBuffer (C:\Users\Nuruzzaman\AppData\Local\npm-cache\_npx\7750544ccf494d8b\node_modules\winston-transport\node_modules\readable-stream\lib\_stream_writable.js:381:5)
    at Writable.write (C:\Users\Nuruzzaman\AppData\Local\npm-cache\_npx\7750544ccf494d8b\node_modules\winston-transport\node_modules\readable-stream\lib\_stream_writable.js:302:11)
    at DerivedLogger.ondata (C:\Users\Nuruzzaman\AppData\Local\npm-cache\_npx\7750544ccf494d8b\node_modules\winston\node_modules\readable-stream\lib\_stream_readable.js:629:20)
[error] 
[error] Error: An unexpected error has occurred.
[debug] [2026-06-09T09:11:43.555Z] Error: EPIPE: broken pipe, write
    at Socket._write (node:internal/net:63:18)
    at writeOrBuffer (node:internal/streams/writable:572:12)
    at _write (node:internal/streams/writable:501:10)
    at Writable.write (node:internal/streams/writable:510:10)
    at Console.log (C:\Users\Nuruzzaman\AppData\Local\npm-cache\_npx\7750544ccf494d8b\node_modules\winston\lib\winston\transports\console.js:87:23)
    at Console._write (C:\Users\Nuruzzaman\AppData\Local\npm-cache\_npx\7750544ccf494d8b\node_modules\winston-transport\modern.js:103:17)
    at doWrite (C:\Users\Nuruzzaman\AppData\Local\npm-cache\_npx\7750544ccf494d8b\node_modules\winston-transport\node_modules\readable-stream\lib\_stream_writable.js:390:139)
    at writeOrBuffer (C:\Users\Nuruzzaman\AppData\Local\npm-cache\_npx\7750544ccf494d8b\node_modules\winston-transport\node_modules\readable-stream\lib\_stream_writable.js:381:5)
    at Writable.write (C:\Users\Nuruzzaman\AppData\Local\npm-cache\_npx\7750544ccf494d8b\node_modules\winston-transport\node_modules\readable-stream\lib\_stream_writable.js:302:11)
    at DerivedLogger.ondata (C:\Users\Nuruzzaman\AppData\Local\npm-cache\_npx\7750544ccf494d8b\node_modules\winston\node_modules\readable-stream\lib\_stream_readable.js:629:20)
[error] 
[error] Error: An unexpected error has occurred.
[debug] [2026-06-09T09:11:43.555Z] Error: EPIPE: broken pipe, write
    at Socket._write (node:internal/net:63:18)
    at writeOrBuffer (node:internal/streams/writable:572:12)
    at _write (node:internal/streams/writable:501:10)
    at Writable.write (node:internal/streams/writable:510:10)
    at Console.log (C:\Users\Nuruzzaman\AppData\Local\npm-cache\_npx\7750544ccf494d8b\node_modules\winston\lib\winston\transports\console.js:87:23)
    at Console._write (C:\Users\Nuruzzaman\AppData\Local\npm-cache\_npx\7750544ccf494d8b\node_modules\winston-transport\modern.js:103:17)
    at doWrite (C:\Users\Nuruzzaman\AppData\Local\npm-cache\_npx\7750544ccf494d8b\node_modules\winston-transport\node_modules\readable-stream\lib\_stream_writable.js:390:139)
    at writeOrBuffer (C:\Users\Nuruzzaman\AppData\Local\npm-cache\_npx\7750544ccf494d8b\node_modules\winston-transport\node_modules\readable-stream\lib\_stream_writable.js:381:5)
    at Writable.write (C:\Users\Nuruzzaman\AppData\Local\npm-cache\_npx\7750544ccf494d8b\node_modules\winston-transport\node_modules\readable-stream\lib\_stream_writable.js:302:11)
    at DerivedLogger.ondata (C:\Users\Nuruzzaman\AppData\Local\npm-cache\_npx\7750544ccf494d8b\node_modules\winston\node_modules\readable-stream\lib\_stream_readable.js:629:20)
[error] 
[error] Error: An unexpected error has occurred.
[debug] [2026-06-09T09:11:43.555Z] Error: EPIPE: broken pipe, write
    at Socket._write (node:internal/net:63:18)
    at writeOrBuffer (node:internal/streams/writable:572:12)
    at _write (node:internal/streams/writable:501:10)
    at Writable.write (node:internal/streams/writable:510:10)
    at Console.log (C:\Users\Nuruzzaman\AppData\Local\npm-cache\_npx\7750544ccf494d8b\node_modules\winston\lib\winston\transports\console.js:87:23)
    at Console._write (C:\Users\Nuruzzaman\AppData\Local\npm-cache\_npx\7750544ccf494d8b\node_modules\winston-transport\modern.js:103:17)
    at doWrite (C:\Users\Nuruzzaman\AppData\Local\npm-cache\_npx\7750544ccf494d8b\node_modules\winston-transport\node_modules\readable-stream\lib\_stream_writable.js:390:139)
    at writeOrBuffer (C:\Users\Nuruzzaman\AppData\Local\npm-cache\_npx\7750544ccf494d8b\node_modules\winston-transport\node_modules\readable-stream\lib\_stream_writable.js:381:5)
    at Writable.write (C:\Users\Nuruzzaman\AppData\Local\npm-cache\_npx\7750544ccf494d8b\node_modules\winston-transport\node_modules\readable-stream\lib\_stream_writable.js:302:11)
    at DerivedLogger.ondata (C:\Users\Nuruzzaman\AppData\Local\npm-cache\_npx\7750544ccf494d8b\node_modules\winston\node_modules\readable-stream\lib\_stream_readable.js:629:20)
[error] 
[error] Error: An unexpected error has occurred.
[debug] [2026-06-09T09:11:43.556Z] Error: EPIPE: broken pipe, write
    at Socket._write (node:internal/net:63:18)
    at writeOrBuffer (node:internal/streams/writable:572:12)
    at _write (node:internal/streams/writable:501:10)
    at Writable.write (node:internal/streams/writable:510:10)
    at Console.log (C:\Users\Nuruzzaman\AppData\Local\npm-cache\_npx\7750544ccf494d8b\node_modules\winston\lib\winston\transports\console.js:87:23)
    at Console._write (C:\Users\Nuruzzaman\AppData\Local\npm-cache\_npx\7750544ccf494d8b\node_modules\winston-transport\modern.js:103:17)
    at doWrite (C:\Users\Nuruzzaman\AppData\Local\npm-cache\_npx\7750544ccf494d8b\node_modules\winston-transport\node_modules\readable-stream\lib\_stream_writable.js:390:139)
    at writeOrBuffer (C:\Users\Nuruzzaman\AppData\Local\npm-cache\_npx\7750544ccf494d8b\node_modules\winston-transport\node_modules\readable-stream\lib\_stream_writable.js:381:5)
    at Writable.write (C:\Users\Nuruzzaman\AppData\Local\npm-cache\_npx\7750544ccf494d8b\node_modules\winston-transport\node_modules\readable-stream\lib\_stream_writable.js:302:11)
    at DerivedLogger.ondata (C:\Users\Nuruzzaman\AppData\Local\npm-cache\_npx\7750544ccf494d8b\node_modules\winston\node_modules\readable-stream\lib\_stream_readable.js:629:20)
[error] 
[error] Error: An unexpected error has occurred.
[debug] [2026-06-09T09:11:43.556Z] Error: EPIPE: broken pipe, write
    at Socket._write (node:internal/net:63:18)
    at writeOrBuffer (node:internal/streams/writable:572:12)
    at _write (node:internal/streams/writable:501:10)
    at Writable.write (node:internal/streams/writable:510:10)
    at Console.log (C:\Users\Nuruzzaman\AppData\Local\npm-cache\_npx\7750544ccf494d8b\node_modules\winston\lib\winston\transports\console.js:87:23)
    at Console._write (C:\Users\Nuruzzaman\AppData\Local\npm-cache\_npx\7750544ccf494d8b\node_modules\winston-transport\modern.js:103:17)
    at doWrite (C:\Users\Nuruzzaman\AppData\Local\npm-cache\_npx\7750544ccf494d8b\node_modules\winston-transport\node_modules\readable-stream\lib\_stream_writable.js:390:139)
    at writeOrBuffer (C:\Users\Nuruzzaman\AppData\Local\npm-cache\_npx\7750544ccf494d8b\node_modules\winston-transport\node_modules\readable-stream\lib\_stream_writable.js:381:5)
    at Writable.write (C:\Users\Nuruzzaman\AppData\Local\npm-cache\_npx\7750544ccf494d8b\node_modules\winston-transport\node_modules\readable-stream\lib\_stream_writable.js:302:11)
    at DerivedLogger.ondata (C:\Users\Nuruzzaman\AppData\Local\npm-cache\_npx\7750544ccf494d8b\node_modules\winston\node_modules\readable-stream\lib\_stream_readable.js:629:20)
[error] 
[error] Error: An unexpected error has occurred.
[debug] [2026-06-09T09:11:43.556Z] Error: EPIPE: broken pipe, write
    at Socket._write (node:internal/net:63:18)
    at writeOrBuffer (node:internal/streams/writable:572:12)
    at _write (node:internal/streams/writable:501:10)
    at Writable.write (node:internal/streams/writable:510:10)
    at Console.log (C:\Users\Nuruzzaman\AppData\Local\npm-cache\_npx\7750544ccf494d8b\node_modules\winston\lib\winston\transports\console.js:87:23)
    at Console._write (C:\Users\Nuruzzaman\AppData\Local\npm-cache\_npx\7750544ccf494d8b\node_modules\winston-transport\modern.js:103:17)
    at doWrite (C:\Users\Nuruzzaman\AppData\Local\npm-cache\_npx\7750544ccf494d8b\node_modules\winston-transport\node_modules\readable-stream\lib\_stream_writable.js:390:139)
    at writeOrBuffer (C:\Users\Nuruzzaman\AppData\Local\npm-cache\_npx\7750544ccf494d8b\node_modules\winston-transport\node_modules\readable-stream\lib\_stream_writable.js:381:5)
    at Writable.write (C:\Users\Nuruzzaman\AppData\Local\npm-cache\_npx\7750544ccf494d8b\node_modules\winston-transport\node_modules\readable-stream\lib\_stream_writable.js:302:11)
    at DerivedLogger.ondata (C:\Users\Nuruzzaman\AppData\Local\npm-cache\_npx\7750544ccf494d8b\node_modules\winston\node_modules\readable-stream\lib\_stream_readable.js:629:20)
[error] 
[error] Error: An unexpected error has occurred.
[debug] [2026-06-09T09:11:43.556Z] Error: EPIPE: broken pipe, write
    at Socket._write (node:internal/net:63:18)
    at writeOrBuffer (node:internal/streams/writable:572:12)
    at _write (node:internal/streams/writable:501:10)
    at Writable.write (node:internal/streams/writable:510:10)
    at Console.log (C:\Users\Nuruzzaman\AppData\Local\npm-cache\_npx\7750544ccf494d8b\node_modules\winston\lib\winston\transports\console.js:87:23)
    at Console._write (C:\Users\Nuruzzaman\AppData\Local\npm-cache\_npx\7750544ccf494d8b\node_modules\winston-transport\modern.js:103:17)
    at doWrite (C:\Users\Nuruzzaman\AppData\Local\npm-cache\_npx\7750544ccf494d8b\node_modules\winston-transport\node_modules\readable-stream\lib\_stream_writable.js:390:139)
    at writeOrBuffer (C:\Users\Nuruzzaman\AppData\Local\npm-cache\_npx\7750544ccf494d8b\node_modules\winston-transport\node_modules\readable-stream\lib\_stream_writable.js:381:5)
    at Writable.write (C:\Users\Nuruzzaman\AppData\Local\npm-cache\_npx\7750544ccf494d8b\node_modules\winston-transport\node_modules\readable-stream\lib\_stream_writable.js:302:11)
    at DerivedLogger.ondata (C:\Users\Nuruzzaman\AppData\Local\npm-cache\_npx\7750544ccf494d8b\node_modules\winston\node_modules\readable-stream\lib\_stream_readable.js:629:20)
[error] 
[error] Error: An unexpected error has occurred.
[debug] [2026-06-09T09:11:43.556Z] Error: EPIPE: broken pipe, write
    at Socket._write (node:internal/net:63:18)
    at writeOrBuffer (node:internal/streams/writable:572:12)
    at _write (node:internal/streams/writable:501:10)
    at Writable.write (node:internal/streams/writable:510:10)
    at Console.log (C:\Users\Nuruzzaman\AppData\Local\npm-cache\_npx\7750544ccf494d8b\node_modules\winston\lib\winston\transports\console.js:87:23)
    at Console._write (C:\Users\Nuruzzaman\AppData\Local\npm-cache\_npx\7750544ccf494d8b\node_modules\winston-transport\modern.js:103:17)
    at doWrite (C:\Users\Nuruzzaman\AppData\Local\npm-cache\_npx\7750544ccf494d8b\node_modules\winston-transport\node_modules\readable-stream\lib\_stream_writable.js:390:139)
    at writeOrBuffer (C:\Users\Nuruzzaman\AppData\Local\npm-cache\_npx\7750544ccf494d8b\node_modules\winston-transport\node_modules\readable-stream\lib\_stream_writable.js:381:5)
    at Writable.write (C:\Users\Nuruzzaman\AppData\Local\npm-cache\_npx\7750544ccf494d8b\node_modules\winston-transport\node_modules\readable-stream\lib\_stream_writable.js:302:11)
    at DerivedLogger.ondata (C:\Users\Nuruzzaman\AppData\Local\npm-cache\_npx\7750544ccf494d8b\node_modules\winston\node_modules\readable-stream\lib\_stream_readable.js:629:20)
[error] 
[error] Error: An unexpected error has occurred.
[debug] [2026-06-09T09:11:43.556Z] Error: EPIPE: broken pipe, write
    at Socket._write (node:internal/net:63:18)
    at writeOrBuffer (node:internal/streams/writable:572:12)
    at _write (node:internal/streams/writable:501:10)
    at Writable.write (node:internal/streams/writable:510:10)
    at Console.log (C:\Users\Nuruzzaman\AppData\Local\npm-cache\_npx\7750544ccf494d8b\node_modules\winston\lib\winston\transports\console.js:87:23)
    at Console._write (C:\Users\Nuruzzaman\AppData\Local\npm-cache\_npx\7750544ccf494d8b\node_modules\winston-transport\modern.js:103:17)
    at doWrite (C:\Users\Nuruzzaman\AppData\Local\npm-cache\_npx\7750544ccf494d8b\node_modules\winston-transport\node_modules\readable-stream\lib\_stream_writable.js:390:139)
    at writeOrBuffer (C:\Users\Nuruzzaman\AppData\Local\npm-cache\_npx\7750544ccf494d8b\node_modules\winston-transport\node_modules\readable-stream\lib\_stream_writable.js:381:5)
    at Writable.write (C:\Users\Nuruzzaman\AppData\Local\npm-cache\_npx\7750544ccf494d8b\node_modules\winston-transport\node_modules\readable-stream\lib\_stream_writable.js:302:11)
    at DerivedLogger.ondata (C:\Users\Nuruzzaman\AppData\Local\npm-cache\_npx\7750544ccf494d8b\node_modules\winston\node_modules\readable-stream\lib\_stream_readable.js:629:20)
[error] 
[error] Error: An unexpected error has occurred.
[debug] [2026-06-09T09:11:43.557Z] Error: EPIPE: broken pipe, write
    at Socket._write (node:internal/net:63:18)
    at writeOrBuffer (node:internal/streams/writable:572:12)
    at _write (node:internal/streams/writable:501:10)
    at Writable.write (node:internal/streams/writable:510:10)
    at Console.log (C:\Users\Nuruzzaman\AppData\Local\npm-cache\_npx\7750544ccf494d8b\node_modules\winston\lib\winston\transports\console.js:87:23)
    at Console._write (C:\Users\Nuruzzaman\AppData\Local\npm-cache\_npx\7750544ccf494d8b\node_modules\winston-transport\modern.js:103:17)
    at doWrite (C:\Users\Nuruzzaman\AppData\Local\npm-cache\_npx\7750544ccf494d8b\node_modules\winston-transport\node_modules\readable-stream\lib\_stream_writable.js:390:139)
    at writeOrBuffer (C:\Users\Nuruzzaman\AppData\Local\npm-cache\_npx\7750544ccf494d8b\node_modules\winston-transport\node_modules\readable-stream\lib\_stream_writable.js:381:5)
    at Writable.write (C:\Users\Nuruzzaman\AppData\Local\npm-cache\_npx\7750544ccf494d8b\node_modules\winston-transport\node_modules\readable-stream\lib\_stream_writable.js:302:11)
    at DerivedLogger.ondata (C:\Users\Nuruzzaman\AppData\Local\npm-cache\_npx\7750544ccf494d8b\node_modules\winston\node_modules\readable-stream\lib\_stream_readable.js:629:20)
[error] 
[error] Error: An unexpected error has occurred.
[debug] [2026-06-09T09:11:43.557Z] Error: EPIPE: broken pipe, write
    at Socket._write (node:internal/net:63:18)
    at writeOrBuffer (node:internal/streams/writable:572:12)
    at _write (node:internal/streams/writable:501:10)
    at Writable.write (node:internal/streams/writable:510:10)
    at Console.log (C:\Users\Nuruzzaman\AppData\Local\npm-cache\_npx\7750544ccf494d8b\node_modules\winston\lib\winston\transports\console.js:87:23)
    at Console._write (C:\Users\Nuruzzaman\AppData\Local\npm-cache\_npx\7750544ccf494d8b\node_modules\winston-transport\modern.js:103:17)
    at doWrite (C:\Users\Nuruzzaman\AppData\Local\npm-cache\_npx\7750544ccf494d8b\node_modules\winston-transport\node_modules\readable-stream\lib\_stream_writable.js:390:139)
    at writeOrBuffer (C:\Users\Nuruzzaman\AppData\Local\npm-cache\_npx\7750544ccf494d8b\node_modules\winston-transport\node_modules\readable-stream\lib\_stream_writable.js:381:5)
    at Writable.write (C:\Users\Nuruzzaman\AppData\Local\npm-cache\_npx\7750544ccf494d8b\node_modules\winston-transport\node_modules\readable-stream\lib\_stream_writable.js:302:11)
    at DerivedLogger.ondata (C:\Users\Nuruzzaman\AppData\Local\npm-cache\_npx\7750544ccf494d8b\node_modules\winston\node_modules\readable-stream\lib\_stream_readable.js:629:20)
[error] 
[error] Error: An unexpected error has occurred.
[debug] [2026-06-09T09:11:43.558Z] Error: EPIPE: broken pipe, write
    at Socket._write (node:internal/net:63:18)
    at writeOrBuffer (node:internal/streams/writable:572:12)
    at _write (node:internal/streams/writable:501:10)
    at Writable.write (node:internal/streams/writable:510:10)
    at Console.log (C:\Users\Nuruzzaman\AppData\Local\npm-cache\_npx\7750544ccf494d8b\node_modules\winston\lib\winston\transports\console.js:87:23)
    at Console._write (C:\Users\Nuruzzaman\AppData\Local\npm-cache\_npx\7750544ccf494d8b\node_modules\winston-transport\modern.js:103:17)
    at doWrite (C:\Users\Nuruzzaman\AppData\Local\npm-cache\_npx\7750544ccf494d8b\node_modules\winston-transport\node_modules\readable-stream\lib\_stream_writable.js:390:139)
    at writeOrBuffer (C:\Users\Nuruzzaman\AppData\Local\npm-cache\_npx\7750544ccf494d8b\node_modules\winston-transport\node_modules\readable-stream\lib\_stream_writable.js:381:5)
    at Writable.write (C:\Users\Nuruzzaman\AppData\Local\npm-cache\_npx\7750544ccf494d8b\node_modules\winston-transport\node_modules\readable-stream\lib\_stream_writable.js:302:11)
    at DerivedLogger.ondata (C:\Users\Nuruzzaman\AppData\Local\npm-cache\_npx\7750544ccf494d8b\node_modules\winston\node_modules\readable-stream\lib\_stream_readable.js:629:20)
[error] 
[error] Error: An unexpected error has occurred.
[debug] [2026-06-09T09:11:43.558Z] Error: EPIPE: broken pipe, write
    at Socket._write (node:internal/net:63:18)
    at writeOrBuffer (node:internal/streams/writable:572:12)
    at _write (node:internal/streams/writable:501:10)
    at Writable.write (node:internal/streams/writable:510:10)
    at Console.log (C:\Users\Nuruzzaman\AppData\Local\npm-cache\_npx\7750544ccf494d8b\node_modules\winston\lib\winston\transports\console.js:87:23)
    at Console._write (C:\Users\Nuruzzaman\AppData\Local\npm-cache\_npx\7750544ccf494d8b\node_modules\winston-transport\modern.js:103:17)
    at doWrite (C:\Users\Nuruzzaman\AppData\Local\npm-cache\_npx\7750544ccf494d8b\node_modules\winston-transport\node_modules\readable-stream\lib\_stream_writable.js:390:139)
    at writeOrBuffer (C:\Users\Nuruzzaman\AppData\Local\npm-cache\_npx\7750544ccf494d8b\node_modules\winston-transport\node_modules\readable-stream\lib\_stream_writable.js:381:5)
    at Writable.write (C:\Users\Nuruzzaman\AppData\Local\npm-cache\_npx\7750544ccf494d8b\node_modules\winston-transport\node_modules\readable-stream\lib\_stream_writable.js:302:11)
    at DerivedLogger.ondata (C:\Users\Nuruzzaman\AppData\Local\npm-cache\_npx\7750544ccf494d8b\node_modules\winston\node_modules\readable-stream\lib\_stream_readable.js:629:20)
[error] 
[error] Error: An unexpected error has occurred.
[debug] [2026-06-09T09:11:43.558Z] Error: EPIPE: broken pipe, write
    at Socket._write (node:internal/net:63:18)
    at writeOrBuffer (node:internal/streams/writable:572:12)
    at _write (node:internal/streams/writable:501:10)
    at Writable.write (node:internal/streams/writable:510:10)
    at Console.log (C:\Users\Nuruzzaman\AppData\Local\npm-cache\_npx\7750544ccf494d8b\node_modules\winston\lib\winston\transports\console.js:87:23)
    at Console._write (C:\Users\Nuruzzaman\AppData\Local\npm-cache\_npx\7750544ccf494d8b\node_modules\winston-transport\modern.js:103:17)
    at doWrite (C:\Users\Nuruzzaman\AppData\Local\npm-cache\_npx\7750544ccf494d8b\node_modules\winston-transport\node_modules\readable-stream\lib\_stream_writable.js:390:139)
    at writeOrBuffer (C:\Users\Nuruzzaman\AppData\Local\npm-cache\_npx\7750544ccf494d8b\node_modules\winston-transport\node_modules\readable-stream\lib\_stream_writable.js:381:5)
    at Writable.write (C:\Users\Nuruzzaman\AppData\Local\npm-cache\_npx\7750544ccf494d8b\node_modules\winston-transport\node_modules\readable-stream\lib\_stream_writable.js:302:11)
    at DerivedLogger.ondata (C:\Users\Nuruzzaman\AppData\Local\npm-cache\_npx\7750544ccf494d8b\node_modules\winston\node_modules\readable-stream\lib\_stream_readable.js:629:20)
[error] 
[error] Error: An unexpected error has occurred.
[debug] [2026-06-09T09:11:43.559Z] Error: EPIPE: broken pipe, write
    at Socket._write (node:internal/net:63:18)
    at writeOrBuffer (node:internal/streams/writable:572:12)
    at _write (node:internal/streams/writable:501:10)
    at Writable.write (node:internal/streams/writable:510:10)
    at Console.log (C:\Users\Nuruzzaman\AppData\Local\npm-cache\_npx\7750544ccf494d8b\node_modules\winston\lib\winston\transports\console.js:87:23)
    at Console._write (C:\Users\Nuruzzaman\AppData\Local\npm-cache\_npx\7750544ccf494d8b\node_modules\winston-transport\modern.js:103:17)
    at doWrite (C:\Users\Nuruzzaman\AppData\Local\npm-cache\_npx\7750544ccf494d8b\node_modules\winston-transport\node_modules\readable-stream\lib\_stream_writable.js:390:139)
    at writeOrBuffer (C:\Users\Nuruzzaman\AppData\Local\npm-cache\_npx\7750544ccf494d8b\node_modules\winston-transport\node_modules\readable-stream\lib\_stream_writable.js:381:5)
    at Writable.write (C:\Users\Nuruzzaman\AppData\Local\npm-cache\_npx\7750544ccf494d8b\node_modules\winston-transport\node_modules\readable-stream\lib\_stream_writable.js:302:11)
    at DerivedLogger.ondata (C:\Users\Nuruzzaman\AppData\Local\npm-cache\_npx\7750544ccf494d8b\node_modules\winston\node_modules\readable-stream\lib\_stream_readable.js:629:20)
[error] 
[error] Error: An unexpected error has occurred.
[debug] [2026-06-09T09:11:43.559Z] Error: EPIPE: broken pipe, write
    at Socket._write (node:internal/net:63:18)
    at writeOrBuffer (node:internal/streams/writable:572:12)
    at _write (node:internal/streams/writable:501:10)
    at Writable.write (node:internal/streams/writable:510:10)
    at Console.log (C:\Users\Nuruzzaman\AppData\Local\npm-cache\_npx\7750544ccf494d8b\node_modules\winston\lib\winston\transports\console.js:87:23)
    at Console._write (C:\Users\Nuruzzaman\AppData\Local\npm-cache\_npx\7750544ccf494d8b\node_modules\winston-transport\modern.js:103:17)
    at doWrite (C:\Users\Nuruzzaman\AppData\Local\npm-cache\_npx\7750544ccf494d8b\node_modules\winston-transport\node_modules\readable-stream\lib\_stream_writable.js:390:139)
    at writeOrBuffer (C:\Users\Nuruzzaman\AppData\Local\npm-cache\_npx\7750544ccf494d8b\node_modules\winston-transport\node_modules\readable-stream\lib\_stream_writable.js:381:5)
    at Writable.write (C:\Users\Nuruzzaman\AppData\Local\npm-cache\_npx\7750544ccf494d8b\node_modules\winston-transport\node_modules\readable-stream\lib\_stream_writable.js:302:11)
    at DerivedLogger.ondata (C:\Users\Nuruzzaman\AppData\Local\npm-cache\_npx\7750544ccf494d8b\node_modules\winston\node_modules\readable-stream\lib\_stream_readable.js:629:20)
[error] 
[error] Error: An unexpected error has occurred.
[debug] [2026-06-09T09:11:43.559Z] Error: EPIPE: broken pipe, write
    at Socket._write (node:internal/net:63:18)
    at writeOrBuffer (node:internal/streams/writable:572:12)
    at _write (node:internal/streams/writable:501:10)
    at Writable.write (node:internal/streams/writable:510:10)
    at Console.log (C:\Users\Nuruzzaman\AppData\Local\npm-cache\_npx\7750544ccf494d8b\node_modules\winston\lib\winston\transports\console.js:87:23)
    at Console._write (C:\Users\Nuruzzaman\AppData\Local\npm-cache\_npx\7750544ccf494d8b\node_modules\winston-transport\modern.js:103:17)
    at doWrite (C:\Users\Nuruzzaman\AppData\Local\npm-cache\_npx\7750544ccf494d8b\node_modules\winston-transport\node_modules\readable-stream\lib\_stream_writable.js:390:139)
    at writeOrBuffer (C:\Users\Nuruzzaman\AppData\Local\npm-cache\_npx\7750544ccf494d8b\node_modules\winston-transport\node_modules\readable-stream\lib\_stream_writable.js:381:5)
    at Writable.write (C:\Users\Nuruzzaman\AppData\Local\npm-cache\_npx\7750544ccf494d8b\node_modules\winston-transport\node_modules\readable-stream\lib\_stream_writable.js:302:11)
    at DerivedLogger.ondata (C:\Users\Nuruzzaman\AppData\Local\npm-cache\_npx\7750544ccf494d8b\node_modules\winston\node_modules\readable-stream\lib\_stream_readable.js:629:20)
[error] 
[error] Error: An unexpected error has occurred.
[debug] [2026-06-09T09:11:43.559Z] Error: EPIPE: broken pipe, write
    at Socket._write (node:internal/net:63:18)
    at writeOrBuffer (node:internal/streams/writable:572:12)
    at _write (node:internal/streams/writable:501:10)
    at Writable.write (node:internal/streams/writable:510:10)
    at Console.log (C:\Users\Nuruzzaman\AppData\Local\npm-cache\_npx\7750544ccf494d8b\node_modules\winston\lib\winston\transports\console.js:87:23)
    at Console._write (C:\Users\Nuruzzaman\AppData\Local\npm-cache\_npx\7750544ccf494d8b\node_modules\winston-transport\modern.js:103:17)
    at doWrite (C:\Users\Nuruzzaman\AppData\Local\npm-cache\_npx\7750544ccf494d8b\node_modules\winston-transport\node_modules\readable-stream\lib\_stream_writable.js:390:139)
    at writeOrBuffer (C:\Users\Nuruzzaman\AppData\Local\npm-cache\_npx\7750544ccf494d8b\node_modules\winston-transport\node_modules\readable-stream\lib\_stream_writable.js:381:5)
    at Writable.write (C:\Users\Nuruzzaman\AppData\Local\npm-cache\_npx\7750544ccf494d8b\node_modules\winston-transport\node_modules\readable-stream\lib\_stream_writable.js:302:11)
    at DerivedLogger.ondata (C:\Users\Nuruzzaman\AppData\Local\npm-cache\_npx\7750544ccf494d8b\node_modules\winston\node_modules\readable-stream\lib\_stream_readable.js:629:20)
[error] 
[debug] [2026-06-09T09:11:57.686Z] ----------------------------------------------------------------------
[debug] [2026-06-09T09:11:57.688Z] Command:       C:\Program Files\nodejs\node.exe C:\Users\Nuruzzaman\AppData\Local\npm-cache\_npx\7750544ccf494d8b\node_modules\firebase-tools\lib\bin\firebase.js deploy --only database
[debug] [2026-06-09T09:11:57.688Z] CLI Version:   15.19.1
[debug] [2026-06-09T09:11:57.689Z] Platform:      win32
[debug] [2026-06-09T09:11:57.689Z] Node Version:  v22.20.0
[debug] [2026-06-09T09:11:57.689Z] Time:          Tue Jun 09 2026 15:11:57 GMT+0600 (Bangladesh Standard Time)
[debug] [2026-06-09T09:11:57.689Z] ----------------------------------------------------------------------
[debug] 
[debug] [2026-06-09T09:11:57.691Z] >>> [apiv2][query] GET https://firebase-public.firebaseio.com/cli.json [none]
[debug] [2026-06-09T09:11:59.373Z] > command requires scopes: ["email","openid","https://www.googleapis.com/auth/cloudplatformprojects.readonly","https://www.googleapis.com/auth/firebase","https://www.googleapis.com/auth/cloud-platform"]
[debug] [2026-06-09T09:11:59.387Z] Error: Could not load the default credentials. Browse to https://cloud.google.com/docs/authentication/getting-started for more information.
    at GoogleAuth.getApplicationDefaultAsync (C:\Users\Nuruzzaman\AppData\Local\npm-cache\_npx\7750544ccf494d8b\node_modules\google-auth-library\build\src\auth\googleauth.js:287:15)
    at process.processTicksAndRejections (node:internal/process/task_queues:105:5)
    at async GoogleAuth._GoogleAuth_determineClient (C:\Users\Nuruzzaman\AppData\Local\npm-cache\_npx\7750544ccf494d8b\node_modules\google-auth-library\build\src\auth\googleauth.js:834:32)
    at async GoogleAuth.getClient (C:\Users\Nuruzzaman\AppData\Local\npm-cache\_npx\7750544ccf494d8b\node_modules\google-auth-library\build\src\auth\googleauth.js:698:20)
    at async GoogleAuth.getAccessToken (C:\Users\Nuruzzaman\AppData\Local\npm-cache\_npx\7750544ccf494d8b\node_modules\google-auth-library\build\src\auth\googleauth.js:722:24)
    at async autoAuth (C:\Users\Nuruzzaman\AppData\Local\npm-cache\_npx\7750544ccf494d8b\node_modules\firebase-tools\lib\requireAuth.js:28:19)
    at async requireAuth (C:\Users\Nuruzzaman\AppData\Local\npm-cache\_npx\7750544ccf494d8b\node_modules\firebase-tools\lib\requireAuth.js:90:20)
    at async requirePermissions (C:\Users\Nuruzzaman\AppData\Local\npm-cache\_npx\7750544ccf494d8b\node_modules\firebase-tools\lib\requirePermissions.js:17:5)
    at async C:\Users\Nuruzzaman\AppData\Local\npm-cache\_npx\7750544ccf494d8b\node_modules\firebase-tools\lib\command.js:278:17
[error] 
[error] Error: Failed to authenticate, have you run firebase login?
